:0200000460009A
:100000004643464200000156000000000101020084
:1000100000000000000000000000000000000000E0
:1000200000000000000000000000000000000000D0
:1000300000000000000000000000000000000000C0
:1000400000000000010406010000000000000000A4
:100050000000200000000000000000000000000080
:100060000000000000000000000000000000000090
:100070000000000000000000000000000000000080
:10008000EB04180AFF1E04320126000000000000E5
:100090000000000000000000000000000000000060
:1000A0000000000000000000000000000000000050
:1000B0000000000000000000000000000000000040
:1000C0000000000000000000000000000000000030
:1000D0000000000000000000000000000000000020
:1000E0000000000000000000000000000000000010
:1000F0000000000000000000000000000000000000
:1001000000000000000000000000000000000000EF
:1001100000000000000000000000000000000000DF
:1001200000000000000000000000000000000000CF
:1001300000000000000000000000000000000000BF
:1001400000000000000000000000000000000000AF
:10015000000000000000000000000000000000009F
:10016000000000000000000000000000000000008F
:10017000000000000000000000000000000000007F
:10018000000000000000000000000000000000006F
:10019000000000000000000000000000000000005F
:1001A000000000000000000000000000000000004F
:1001B000000000000000000000000000000000003F
:1001C000000100000010000001000000000000001D
:1001D000000001000000000000000000000000001E
:1001E000000000000000000000000000000000000F
:1001F00000000000000000000000000000000000FF
:10020000FFFFFFFFFFFFFFFFFFFFFFFFFFFFFFFFFE
:10021000FFFFFFFFFFFFFFFFFFFFFFFFFFFFFFFFEE
:10022000FFFFFFFFFFFFFFFFFFFFFFFFFFFFFFFFDE
:10023000FFFFFFFFFFFFFFFFFFFFFFFFFFFFFFFFCE
:10024000FFFFFFFFFFFFFFFFFFFFFFFFFFFFFFFFBE
:10025000FFFFFFFFFFFFFFFFFFFFFFFFFFFFFFFFAE
:10026000FFFFFFFFFFFFFFFFFFFFFFFFFFFFFFFF9E
:10027000FFFFFFFFFFFFFFFFFFFFFFFFFFFFFFFF8E
:10028000FFFFFFFFFFFFFFFFFFFFFFFFFFFFFFFF7E
:10029000FFFFFFFFFFFFFFFFFFFFFFFFFFFFFFFF6E
:1002A000FFFFFFFFFFFFFFFFFFFFFFFFFFFFFFFF5E
:1002B000FFFFFFFFFFFFFFFFFFFFFFFFFFFFFFFF4E
:1002C000FFFFFFFFFFFFFFFFFFFFFFFFFFFFFFFF3E
:1002D000FFFFFFFFFFFFFFFFFFFFFFFFFFFFFFFF2E
:1002E000FFFFFFFFFFFFFFFFFFFFFFFFFFFFFFFF1E
:1002F000FFFFFFFFFFFFFFFFFFFFFFFFFFFFFFFF0E
:10030000FFFFFFFFFFFFFFFFFFFFFFFFFFFFFFFFFD
:10031000FFFFFFFFFFFFFFFFFFFFFFFFFFFFFFFFED
:10032000FFFFFFFFFFFFFFFFFFFFFFFFFFFFFFFFDD
:10033000FFFFFFFFFFFFFFFFFFFFFFFFFFFFFFFFCD
:10034000FFFFFFFFFFFFFFFFFFFFFFFFFFFFFFFFBD
:10035000FFFFFFFFFFFFFFFFFFFFFFFFFFFFFFFFAD
:10036000FFFFFFFFFFFFFFFFFFFFFFFFFFFFFFFF9D
:10037000FFFFFFFFFFFFFFFFFFFFFFFFFFFFFFFF8D
:10038000FFFFFFFFFFFFFFFFFFFFFFFFFFFFFFFF7D
:10039000FFFFFFFFFFFFFFFFFFFFFFFFFFFFFFFF6D
:1003A000FFFFFFFFFFFFFFFFFFFFFFFFFFFFFFFF5D
:1003B000FFFFFFFFFFFFFFFFFFFFFFFFFFFFFFFF4D
:1003C000FFFFFFFFFFFFFFFFFFFFFFFFFFFFFFFF3D
:1003D000FFFFFFFFFFFFFFFFFFFFFFFFFFFFFFFF2D
:1003E000FFFFFFFFFFFFFFFFFFFFFFFFFFFFFFFF1D
:1003F000FFFFFFFFFFFFFFFFFFFFFFFFFFFFFFFF0D
:10040000FFFFFFFFFFFFFFFFFFFFFFFFFFFFFFFFFC
:10041000FFFFFFFFFFFFFFFFFFFFFFFFFFFFFFFFEC
:10042000FFFFFFFFFFFFFFFFFFFFFFFFFFFFFFFFDC
:10043000FFFFFFFFFFFFFFFFFFFFFFFFFFFFFFFFCC
:10044000FFFFFFFFFFFFFFFFFFFFFFFFFFFFFFFFBC
:10045000FFFFFFFFFFFFFFFFFFFFFFFFFFFFFFFFAC
:10046000FFFFFFFFFFFFFFFFFFFFFFFFFFFFFFFF9C
:10047000FFFFFFFFFFFFFFFFFFFFFFFFFFFFFFFF8C
:10048000FFFFFFFFFFFFFFFFFFFFFFFFFFFFFFFF7C
:10049000FFFFFFFFFFFFFFFFFFFFFFFFFFFFFFFF6C
:1004A000FFFFFFFFFFFFFFFFFFFFFFFFFFFFFFFF5C
:1004B000FFFFFFFFFFFFFFFFFFFFFFFFFFFFFFFF4C
:1004C000FFFFFFFFFFFFFFFFFFFFFFFFFFFFFFFF3C
:1004D000FFFFFFFFFFFFFFFFFFFFFFFFFFFFFFFF2C
:1004E000FFFFFFFFFFFFFFFFFFFFFFFFFFFFFFFF1C
:1004F000FFFFFFFFFFFFFFFFFFFFFFFFFFFFFFFF0C
:10050000FFFFFFFFFFFFFFFFFFFFFFFFFFFFFFFFFB
:10051000FFFFFFFFFFFFFFFFFFFFFFFFFFFFFFFFEB
:10052000FFFFFFFFFFFFFFFFFFFFFFFFFFFFFFFFDB
:10053000FFFFFFFFFFFFFFFFFFFFFFFFFFFFFFFFCB
:10054000FFFFFFFFFFFFFFFFFFFFFFFFFFFFFFFFBB
:10055000FFFFFFFFFFFFFFFFFFFFFFFFFFFFFFFFAB
:10056000FFFFFFFFFFFFFFFFFFFFFFFFFFFFFFFF9B
:10057000FFFFFFFFFFFFFFFFFFFFFFFFFFFFFFFF8B
:10058000FFFFFFFFFFFFFFFFFFFFFFFFFFFFFFFF7B
:10059000FFFFFFFFFFFFFFFFFFFFFFFFFFFFFFFF6B
:1005A000FFFFFFFFFFFFFFFFFFFFFFFFFFFFFFFF5B
:1005B000FFFFFFFFFFFFFFFFFFFFFFFFFFFFFFFF4B
:1005C000FFFFFFFFFFFFFFFFFFFFFFFFFFFFFFFF3B
:1005D000FFFFFFFFFFFFFFFFFFFFFFFFFFFFFFFF2B
:1005E000FFFFFFFFFFFFFFFFFFFFFFFFFFFFFFFF1B
:1005F000FFFFFFFFFFFFFFFFFFFFFFFFFFFFFFFF0B
:10060000FFFFFFFFFFFFFFFFFFFFFFFFFFFFFFFFFA
:10061000FFFFFFFFFFFFFFFFFFFFFFFFFFFFFFFFEA
:10062000FFFFFFFFFFFFFFFFFFFFFFFFFFFFFFFFDA
:10063000FFFFFFFFFFFFFFFFFFFFFFFFFFFFFFFFCA
:10064000FFFFFFFFFFFFFFFFFFFFFFFFFFFFFFFFBA
:10065000FFFFFFFFFFFFFFFFFFFFFFFFFFFFFFFFAA
:10066000FFFFFFFFFFFFFFFFFFFFFFFFFFFFFFFF9A
:10067000FFFFFFFFFFFFFFFFFFFFFFFFFFFFFFFF8A
:10068000FFFFFFFFFFFFFFFFFFFFFFFFFFFFFFFF7A
:10069000FFFFFFFFFFFFFFFFFFFFFFFFFFFFFFFF6A
:1006A000FFFFFFFFFFFFFFFFFFFFFFFFFFFFFFFF5A
:1006B000FFFFFFFFFFFFFFFFFFFFFFFFFFFFFFFF4A
:1006C000FFFFFFFFFFFFFFFFFFFFFFFFFFFFFFFF3A
:1006D000FFFFFFFFFFFFFFFFFFFFFFFFFFFFFFFF2A
:1006E000FFFFFFFFFFFFFFFFFFFFFFFFFFFFFFFF1A
:1006F000FFFFFFFFFFFFFFFFFFFFFFFFFFFFFFFF0A
:10070000FFFFFFFFFFFFFFFFFFFFFFFFFFFFFFFFF9
:10071000FFFFFFFFFFFFFFFFFFFFFFFFFFFFFFFFE9
:10072000FFFFFFFFFFFFFFFFFFFFFFFFFFFFFFFFD9
:10073000FFFFFFFFFFFFFFFFFFFFFFFFFFFFFFFFC9
:10074000FFFFFFFFFFFFFFFFFFFFFFFFFFFFFFFFB9
:10075000FFFFFFFFFFFFFFFFFFFFFFFFFFFFFFFFA9
:10076000FFFFFFFFFFFFFFFFFFFFFFFFFFFFFFFF99
:10077000FFFFFFFFFFFFFFFFFFFFFFFFFFFFFFFF89
:10078000FFFFFFFFFFFFFFFFFFFFFFFFFFFFFFFF79
:10079000FFFFFFFFFFFFFFFFFFFFFFFFFFFFFFFF69
:1007A000FFFFFFFFFFFFFFFFFFFFFFFFFFFFFFFF59
:1007B000FFFFFFFFFFFFFFFFFFFFFFFFFFFFFFFF49
:1007C000FFFFFFFFFFFFFFFFFFFFFFFFFFFFFFFF39
:1007D000FFFFFFFFFFFFFFFFFFFFFFFFFFFFFFFF29
:1007E000FFFFFFFFFFFFFFFFFFFFFFFFFFFFFFFF19
:1007F000FFFFFFFFFFFFFFFFFFFFFFFFFFFFFFFF09
:10080000FFFFFFFFFFFFFFFFFFFFFFFFFFFFFFFFF8
:10081000FFFFFFFFFFFFFFFFFFFFFFFFFFFFFFFFE8
:10082000FFFFFFFFFFFFFFFFFFFFFFFFFFFFFFFFD8
:10083000FFFFFFFFFFFFFFFFFFFFFFFFFFFFFFFFC8
:10084000FFFFFFFFFFFFFFFFFFFFFFFFFFFFFFFFB8
:10085000FFFFFFFFFFFFFFFFFFFFFFFFFFFFFFFFA8
:10086000FFFFFFFFFFFFFFFFFFFFFFFFFFFFFFFF98
:10087000FFFFFFFFFFFFFFFFFFFFFFFFFFFFFFFF88
:10088000FFFFFFFFFFFFFFFFFFFFFFFFFFFFFFFF78
:10089000FFFFFFFFFFFFFFFFFFFFFFFFFFFFFFFF68
:1008A000FFFFFFFFFFFFFFFFFFFFFFFFFFFFFFFF58
:1008B000FFFFFFFFFFFFFFFFFFFFFFFFFFFFFFFF48
:1008C000FFFFFFFFFFFFFFFFFFFFFFFFFFFFFFFF38
:1008D000FFFFFFFFFFFFFFFFFFFFFFFFFFFFFFFF28
:1008E000FFFFFFFFFFFFFFFFFFFFFFFFFFFFFFFF18
:1008F000FFFFFFFFFFFFFFFFFFFFFFFFFFFFFFFF08
:10090000FFFFFFFFFFFFFFFFFFFFFFFFFFFFFFFFF7
:10091000FFFFFFFFFFFFFFFFFFFFFFFFFFFFFFFFE7
:10092000FFFFFFFFFFFFFFFFFFFFFFFFFFFFFFFFD7
:10093000FFFFFFFFFFFFFFFFFFFFFFFFFFFFFFFFC7
:10094000FFFFFFFFFFFFFFFFFFFFFFFFFFFFFFFFB7
:10095000FFFFFFFFFFFFFFFFFFFFFFFFFFFFFFFFA7
:10096000FFFFFFFFFFFFFFFFFFFFFFFFFFFFFFFF97
:10097000FFFFFFFFFFFFFFFFFFFFFFFFFFFFFFFF87
:10098000FFFFFFFFFFFFFFFFFFFFFFFFFFFFFFFF77
:10099000FFFFFFFFFFFFFFFFFFFFFFFFFFFFFFFF67
:1009A000FFFFFFFFFFFFFFFFFFFFFFFFFFFFFFFF57
:1009B000FFFFFFFFFFFFFFFFFFFFFFFFFFFFFFFF47
:1009C000FFFFFFFFFFFFFFFFFFFFFFFFFFFFFFFF37
:1009D000FFFFFFFFFFFFFFFFFFFFFFFFFFFFFFFF27
:1009E000FFFFFFFFFFFFFFFFFFFFFFFFFFFFFFFF17
:1009F000FFFFFFFFFFFFFFFFFFFFFFFFFFFFFFFF07
:100A0000FFFFFFFFFFFFFFFFFFFFFFFFFFFFFFFFF6
:100A1000FFFFFFFFFFFFFFFFFFFFFFFFFFFFFFFFE6
:100A2000FFFFFFFFFFFFFFFFFFFFFFFFFFFFFFFFD6
:100A3000FFFFFFFFFFFFFFFFFFFFFFFFFFFFFFFFC6
:100A4000FFFFFFFFFFFFFFFFFFFFFFFFFFFFFFFFB6
:100A5000FFFFFFFFFFFFFFFFFFFFFFFFFFFFFFFFA6
:100A6000FFFFFFFFFFFFFFFFFFFFFFFFFFFFFFFF96
:100A7000FFFFFFFFFFFFFFFFFFFFFFFFFFFFFFFF86
:100A8000FFFFFFFFFFFFFFFFFFFFFFFFFFFFFFFF76
:100A9000FFFFFFFFFFFFFFFFFFFFFFFFFFFFFFFF66
:100AA000FFFFFFFFFFFFFFFFFFFFFFFFFFFFFFFF56
:100AB000FFFFFFFFFFFFFFFFFFFFFFFFFFFFFFFF46
:100AC000FFFFFFFFFFFFFFFFFFFFFFFFFFFFFFFF36
:100AD000FFFFFFFFFFFFFFFFFFFFFFFFFFFFFFFF26
:100AE000FFFFFFFFFFFFFFFFFFFFFFFFFFFFFFFF16
:100AF000FFFFFFFFFFFFFFFFFFFFFFFFFFFFFFFF06
:100B0000FFFFFFFFFFFFFFFFFFFFFFFFFFFFFFFFF5
:100B1000FFFFFFFFFFFFFFFFFFFFFFFFFFFFFFFFE5
:100B2000FFFFFFFFFFFFFFFFFFFFFFFFFFFFFFFFD5
:100B3000FFFFFFFFFFFFFFFFFFFFFFFFFFFFFFFFC5
:100B4000FFFFFFFFFFFFFFFFFFFFFFFFFFFFFFFFB5
:100B5000FFFFFFFFFFFFFFFFFFFFFFFFFFFFFFFFA5
:100B6000FFFFFFFFFFFFFFFFFFFFFFFFFFFFFFFF95
:100B7000FFFFFFFFFFFFFFFFFFFFFFFFFFFFFFFF85
:100B8000FFFFFFFFFFFFFFFFFFFFFFFFFFFFFFFF75
:100B9000FFFFFFFFFFFFFFFFFFFFFFFFFFFFFFFF65
:100BA000FFFFFFFFFFFFFFFFFFFFFFFFFFFFFFFF55
:100BB000FFFFFFFFFFFFFFFFFFFFFFFFFFFFFFFF45
:100BC000FFFFFFFFFFFFFFFFFFFFFFFFFFFFFFFF35
:100BD000FFFFFFFFFFFFFFFFFFFFFFFFFFFFFFFF25
:100BE000FFFFFFFFFFFFFFFFFFFFFFFFFFFFFFFF15
:100BF000FFFFFFFFFFFFFFFFFFFFFFFFFFFFFFFF05
:100C0000FFFFFFFFFFFFFFFFFFFFFFFFFFFFFFFFF4
:100C1000FFFFFFFFFFFFFFFFFFFFFFFFFFFFFFFFE4
:100C2000FFFFFFFFFFFFFFFFFFFFFFFFFFFFFFFFD4
:100C3000FFFFFFFFFFFFFFFFFFFFFFFFFFFFFFFFC4
:100C4000FFFFFFFFFFFFFFFFFFFFFFFFFFFFFFFFB4
:100C5000FFFFFFFFFFFFFFFFFFFFFFFFFFFFFFFFA4
:100C6000FFFFFFFFFFFFFFFFFFFFFFFFFFFFFFFF94
:100C7000FFFFFFFFFFFFFFFFFFFFFFFFFFFFFFFF84
:100C8000FFFFFFFFFFFFFFFFFFFFFFFFFFFFFFFF74
:100C9000FFFFFFFFFFFFFFFFFFFFFFFFFFFFFFFF64
:100CA000FFFFFFFFFFFFFFFFFFFFFFFFFFFFFFFF54
:100CB000FFFFFFFFFFFFFFFFFFFFFFFFFFFFFFFF44
:100CC000FFFFFFFFFFFFFFFFFFFFFFFFFFFFFFFF34
:100CD000FFFFFFFFFFFFFFFFFFFFFFFFFFFFFFFF24
:100CE000FFFFFFFFFFFFFFFFFFFFFFFFFFFFFFFF14
:100CF000FFFFFFFFFFFFFFFFFFFFFFFFFFFFFFFF04
:100D0000FFFFFFFFFFFFFFFFFFFFFFFFFFFFFFFFF3
:100D1000FFFFFFFFFFFFFFFFFFFFFFFFFFFFFFFFE3
:100D2000FFFFFFFFFFFFFFFFFFFFFFFFFFFFFFFFD3
:100D3000FFFFFFFFFFFFFFFFFFFFFFFFFFFFFFFFC3
:100D4000FFFFFFFFFFFFFFFFFFFFFFFFFFFFFFFFB3
:100D5000FFFFFFFFFFFFFFFFFFFFFFFFFFFFFFFFA3
:100D6000FFFFFFFFFFFFFFFFFFFFFFFFFFFFFFFF93
:100D7000FFFFFFFFFFFFFFFFFFFFFFFFFFFFFFFF83
:100D8000FFFFFFFFFFFFFFFFFFFFFFFFFFFFFFFF73
:100D9000FFFFFFFFFFFFFFFFFFFFFFFFFFFFFFFF63
:100DA000FFFFFFFFFFFFFFFFFFFFFFFFFFFFFFFF53
:100DB000FFFFFFFFFFFFFFFFFFFFFFFFFFFFFFFF43
:100DC000FFFFFFFFFFFFFFFFFFFFFFFFFFFFFFFF33
:100DD000FFFFFFFFFFFFFFFFFFFFFFFFFFFFFFFF23
:100DE000FFFFFFFFFFFFFFFFFFFFFFFFFFFFFFFF13
:100DF000FFFFFFFFFFFFFFFFFFFFFFFFFFFFFFFF03
:100E0000FFFFFFFFFFFFFFFFFFFFFFFFFFFFFFFFF2
:100E1000FFFFFFFFFFFFFFFFFFFFFFFFFFFFFFFFE2
:100E2000FFFFFFFFFFFFFFFFFFFFFFFFFFFFFFFFD2
:100E3000FFFFFFFFFFFFFFFFFFFFFFFFFFFFFFFFC2
:100E4000FFFFFFFFFFFFFFFFFFFFFFFFFFFFFFFFB2
:100E5000FFFFFFFFFFFFFFFFFFFFFFFFFFFFFFFFA2
:100E6000FFFFFFFFFFFFFFFFFFFFFFFFFFFFFFFF92
:100E7000FFFFFFFFFFFFFFFFFFFFFFFFFFFFFFFF82
:100E8000FFFFFFFFFFFFFFFFFFFFFFFFFFFFFFFF72
:100E9000FFFFFFFFFFFFFFFFFFFFFFFFFFFFFFFF62
:100EA000FFFFFFFFFFFFFFFFFFFFFFFFFFFFFFFF52
:100EB000FFFFFFFFFFFFFFFFFFFFFFFFFFFFFFFF42
:100EC000FFFFFFFFFFFFFFFFFFFFFFFFFFFFFFFF32
:100ED000FFFFFFFFFFFFFFFFFFFFFFFFFFFFFFFF22
:100EE000FFFFFFFFFFFFFFFFFFFFFFFFFFFFFFFF12
:100EF000FFFFFFFFFFFFFFFFFFFFFFFFFFFFFFFF02
:100F0000FFFFFFFFFFFFFFFFFFFFFFFFFFFFFFFFF1
:100F1000FFFFFFFFFFFFFFFFFFFFFFFFFFFFFFFFE1
:100F2000FFFFFFFFFFFFFFFFFFFFFFFFFFFFFFFFD1
:100F3000FFFFFFFFFFFFFFFFFFFFFFFFFFFFFFFFC1
:100F4000FFFFFFFFFFFFFFFFFFFFFFFFFFFFFFFFB1
:100F5000FFFFFFFFFFFFFFFFFFFFFFFFFFFFFFFFA1
:100F6000FFFFFFFFFFFFFFFFFFFFFFFFFFFFFFFF91
:100F7000FFFFFFFFFFFFFFFFFFFFFFFFFFFFFFFF81
:100F8000FFFFFFFFFFFFFFFFFFFFFFFFFFFFFFFF71
:100F9000FFFFFFFFFFFFFFFFFFFFFFFFFFFFFFFF61
:100FA000FFFFFFFFFFFFFFFFFFFFFFFFFFFFFFFF51
:100FB000FFFFFFFFFFFFFFFFFFFFFFFFFFFFFFFF41
:100FC000FFFFFFFFFFFFFFFFFFFFFFFFFFFFFFFF31
:100FD000FFFFFFFFFFFFFFFFFFFFFFFFFFFFFFFF21
:100FE000FFFFFFFFFFFFFFFFFFFFFFFFFFFFFFFF11
:100FF000FFFFFFFFFFFFFFFFFFFFFFFFFFFFFFFF01
:10100000D1002043ED15006000000000000000004A
:10101000201000600010006000DC02600000000092
:101020000000006000E8020000000000FFFFFFFF7A
:10103000FFFFFFFFFFFFFFFFFFFFFFFFFFFFFFFFC0
:10104000FFFFFFFFFFFFFFFFFFFFFFFFFFFFFFFFB0
:10105000FFFFFFFFFFFFFFFFFFFFFFFFFFFFFFFFA0
:10106000FFFFFFFFFFFFFFFFFFFFFFFFFFFFFFFF90
:10107000FFFFFFFFFFFFFFFFFFFFFFFFFFFFFFFF80
:10108000FFFFFFFFFFFFFFFFFFFFFFFFFFFFFFFF70
:10109000FFFFFFFFFFFFFFFFFFFFFFFFFFFFFFFF60
:1010A000FFFFFFFFFFFFFFFFFFFFFFFFFFFFFFFF50
:1010B000FFFFFFFFFFFFFFFFFFFFFFFFFFFFFFFF40
:1010C000FFFFFFFFFFFFFFFFFFFFFFFFFFFFFFFF30
:1010D000FFFFFFFFFFFFFFFFFFFFFFFFFFFFFFFF20
:1010E000FFFFFFFFFFFFFFFFFFFFFFFFFFFFFFFF10
:1010F000FFFFFFFFFFFFFFFFFFFFFFFFFFFFFFFF00
:10110000FFFFFFFFFFFFFFFFFFFFFFFFFFFFFFFFEF
:10111000FFFFFFFFFFFFFFFFFFFFFFFFFFFFFFFFDF
:10112000FFFFFFFFFFFFFFFFFFFFFFFFFFFFFFFFCF
:10113000FFFFFFFFFFFFFFFFFFFFFFFFFFFFFFFFBF
:10114000FFFFFFFFFFFFFFFFFFFFFFFFFFFFFFFFAF
:10115000FFFFFFFFFFFFFFFFFFFFFFFFFFFFFFFF9F
:10116000FFFFFFFFFFFFFFFFFFFFFFFFFFFFFFFF8F
:10117000FFFFFFFFFFFFFFFFFFFFFFFFFFFFFFFF7F
:10118000FFFFFFFFFFFFFFFFFFFFFFFFFFFFFFFF6F
:10119000FFFFFFFFFFFFFFFFFFFFFFFFFFFFFFFF5F
:1011A000FFFFFFFFFFFFFFFFFFFFFFFFFFFFFFFF4F
:1011B000FFFFFFFFFFFFFFFFFFFFFFFFFFFFFFFF3F
:1011C000FFFFFFFFFFFFFFFFFFFFFFFFFFFFFFFF2F
:1011D000FFFFFFFFFFFFFFFFFFFFFFFFFFFFFFFF1F
:1011E000FFFFFFFFFFFFFFFFFFFFFFFFFFFFFFFF0F
:1011F000FFFFFFFFFFFFFFFFFFFFFFFFFFFFFFFFFF
:10120000FFFFFFFFFFFFFFFFFFFFFFFFFFFFFFFFEE
:10121000FFFFFFFFFFFFFFFFFFFFFFFFFFFFFFFFDE
:10122000FFFFFFFFFFFFFFFFFFFFFFFFFFFFFFFFCE
:10123000FFFFFFFFFFFFFFFFFFFFFFFFFFFFFFFFBE
:10124000FFFFFFFFFFFFFFFFFFFFFFFFFFFFFFFFAE
:10125000FFFFFFFFFFFFFFFFFFFFFFFFFFFFFFFF9E
:10126000FFFFFFFFFFFFFFFFFFFFFFFFFFFFFFFF8E
:10127000FFFFFFFFFFFFFFFFFFFFFFFFFFFFFFFF7E
:10128000FFFFFFFFFFFFFFFFFFFFFFFFFFFFFFFF6E
:10129000FFFFFFFFFFFFFFFFFFFFFFFFFFFFFFFF5E
:1012A000FFFFFFFFFFFFFFFFFFFFFFFFFFFFFFFF4E
:1012B000FFFFFFFFFFFFFFFFFFFFFFFFFFFFFFFF3E
:1012C000FFFFFFFFFFFFFFFFFFFFFFFFFFFFFFFF2E
:1012D000FFFFFFFFFFFFFFFFFFFFFFFFFFFFFFFF1E
:1012E000FFFFFFFFFFFFFFFFFFFFFFFFFFFFFFFF0E
:1012F000FFFFFFFFFFFFFFFFFFFFFFFFFFFFFFFFFE
:10130000FFFFFFFFFFFFFFFFFFFFFFFFFFFFFFFFED
:10131000FFFFFFFFFFFFFFFFFFFFFFFFFFFFFFFFDD
:10132000FFFFFFFFFFFFFFFFFFFFFFFFFFFFFFFFCD
:10133000FFFFFFFFFFFFFFFFFFFFFFFFFFFFFFFFBD
:10134000FFFFFFFFFFFFFFFFFFFFFFFFFFFFFFFFAD
:10135000FFFFFFFFFFFFFFFFFFFFFFFFFFFFFFFF9D
:10136000FFFFFFFFFFFFFFFFFFFFFFFFFFFFFFFF8D
:10137000FFFFFFFFFFFFFFFFFFFFFFFFFFFFFFFF7D
:10138000FFFFFFFFFFFFFFFFFFFFFFFFFFFFFFFF6D
:10139000FFFFFFFFFFFFFFFFFFFFFFFFFFFFFFFF5D
:1013A000FFFFFFFFFFFFFFFFFFFFFFFFFFFFFFFF4D
:1013B000FFFFFFFFFFFFFFFFFFFFFFFFFFFFFFFF3D
:1013C000FFFFFFFFFFFFFFFFFFFFFFFFFFFFFFFF2D
:1013D000FFFFFFFFFFFFFFFFFFFFFFFFFFFFFFFF1D
:1013E000FFFFFFFFFFFFFFFFFFFFFFFFFFFFFFFF0D
:1013F000FFFFFFFFFFFFFFFFFFFFFFFFFFFFFFFFFD
:10140000824205D051F8043B40F8043B8242F9D8AF
:10141000704700BF044A05494FF0000342F8043BFF
:101420009142FBD8704700BFC0660020604A01208F
:1014300008B5BFF34F8F00F0FDFF534C534B08200E
:101440005349C3F85401534AC3F800115248C3F832
:10145000F0405249FFF7D4FF514A52495248FFF732
:10146000CFFF524CFFF7D6FF4FF470004FF0E02152
:1014700000234F4AC1F8880D44F823200133B02BD4
:10148000FAD14C4B80214C4A03F8011B9342FBD10B
:101490004FF0E025494E4A4A4FF0FF31C5F8084D5C
:1014A000D5F8243D43F4E023C5F8243DF36923F047
:1014B0007F0343F04003F361736A23F07F0343F03B
:1014C000400373629166D1661167516700F0BAFFFD
:1014D0003C4A3D4BA2636322E36300246A61032319
:1014E0003A4AAC612B61C5F8202DD5F8FC2D384B5C
:1014F00042F080723749C5F8FC2D1A6842F00102AB
:101500001A605B680B6001F02BF8334801F064FA55
:10151000F16E324B324A41F44051F1661C60C3F81F
:101520000841C3F81841C3F82841C3F83841936B08
:10153000DB0708D442F615632A4951651365936B9E
:1015400043F001039363264A274C936843F0011349
:10155000936000F047FF01F06FFA01F033F800F0FC
:101560006BFF2368132BFCD901F0C8F82368B3F58F
:10157000967FFBD300F064FF00F060FF01F078FA83
:1015800001F052FA30BFFDE70C0D111300800D4041
:101590001B101820603F0200000000002C35006086
:1015A000C0660020907402600000002000640020EB
:1015B000E94D010000E400E0A0E400E000C00F40BD
:1015C00000C00A40C1750100C5750100000020205F
:1015D000001000E0CCD200200046C32300400840A9
:1015E00000400D400000C056D0D20020054B4FF403
:1015F0002A01054A05485A641864054A99639546C4
:10160000FFF716FF00C00A40FFABAAAA07002000A0
:10161000008005201BB9124B1B6F9B041ED400F0E9
:101620003F000F4B22F0604221F0604140F48910EE
:101630001867C3F88010C3F890201A6F22F4805204
:101640001A671A6F002AFCDAD3F87011054A0A40AB
:10165000C3F870211A6F22F480321A67704700BFF6
:1016600000800D40FF7F7FFFD0F88030B3F1E04F66
:1016700006D2044A934201D8034870470348704792
:1016800003487047FFFF1F20D82A0060C82A006067
:10169000D02A006010B582B0002403234FF400016B
:1016A00001AA0820019401F0D7F90F4B9DF804100E
:1016B0009DF805E003F5C36C9DF8064002E0343365
:1016C00063450CD01A7818468A42F8D15A78724588
:1016D000F5D19A78A242F2D11C3002B010BD0020A0
:1016E0001C3002B010BD00BFE02A006010B50446F7
:1016F00084B09F2333A1D1E900010193CDE9020118
:10170000D4F8CC00DDE9021201F082F9002194F84E
:10171000D00001F099F9042302AAD4F8CC000DEB13
:10172000030101F07DF9012194F8D00001F08CF95A
:10173000D4F8CC20D37CEBB1D90704D5906A4FF014
:10174000E021C1F800019C0704D5D06A4FF0E021E8
:10175000C1F80401580704D5106B4FF0E021C1F81F
:101760000801190704D5506B4FF0E021C1F80C01B6
:10177000DB061DD4124B9DF809109DF80AE003F515
:10178000C36C9DF80B4002E0343363450CD01A78EB
:1017900018468A42F8D15A787245F5D19A78A24211
:1017A000F2D11C3004B010BD00201C3004B010BDBC
:1017B000926B4FF0E023C3F81021DBE7AFF300801A
:1017C000E02A006080C3C9010700000010B504468C
:1017D00084B054A1D1E90001CDE90001D4F8CC00D6
:1017E000DDE9001201F014F9002194F8D00001F0B5
:1017F0002BF94749474A322348681268120C03FB09
:1018000002F2454B5208A3FB0232120A4B681B1A24
:101810009A42FBD8D4F8CCE09F23DEF80020536630
:10182000D36D13F4F81FFBD0536F0DF1FF310DF1A1
:10183000080C00205066D36D13F4F81FFBD0536FD3
:1018400001F8013F8C45F5D194F8D030272B07D80B
:10185000324A190102EB03135258DB68C2F8843094
:101860009EF813300BB3DC0705D5DEF828104FF0D7
:10187000E022C2F80011980705D5DEF82C104FF0D1
:10188000E022C2F80411590705D5DEF830104FF0F8
:10189000E022C2F808111A0705D5DEF834104FF01F
:1018A000E022C2F80C11DB061FD49DF800107F293E
:1018B00025D09DF801409DF802E0194B03F5C36C5B
:1018C00002E0343363450CD01A7818468A42F8D1C6
:1018D0005A78A242F5D19A787245F2D11C3004B000
:1018E00010BD00201C3004B010BDDEF838204FF0D1
:1018F000E023C3F810219DF800107F29D9D19DF86D
:1019000006109DF807409DF808E0D6E7AFF3008089
:10191000001000E0EC3F002011239708602F00200A
:10192000E02A006080C3C9010700000070B50446CA
:101930000025084686B00121C4F8CC2084F8D000E8
:10194000257101F081F8012194F8D00001F078F8B8
:10195000D4F8CC0001F054F89F2362A1D1E9000132
:101960000393CDE90401D4F8CC00DDE9041201F0C1
:101970004FF8294694F8D00001F066F803AA042332
:10198000D4F8CC00114601F04BF8012194F8D000B6
:1019900001F05AF8D4F8CC20D37CEBB1D80704D5A9
:1019A000906A4FF0E021C1F80001990704D5D06A90
:1019B0004FF0E021C1F804015E0704D5106B4FF031
:1019C000E021C1F808011D0704D5506B4FF0E0215C
:1019D000C1F80C01D80674D43D4B9DF80D109DF84C
:1019E0000EC003F5C3609DF80FE002E0343383427C
:1019F00064D01A788A42F9D15A786245F6D19A7839
:101A00007245F3D17822002104F10800019301F01E
:101A10002BF83822002104F1940001F025F82D4A1A
:101A2000019BC4E920422C4AC4F888202B4AC4F800
:101A30008C202B4AC4F890209A88C4E92522986803
:101A4000C4F89C001969C4E92A22B1FBF0F1FF2215
:101A5000C4F8A01004F1080004F18001C4F8BC200F
:101A60004FF4C872C4F8A420DA7884F8D1205A69F7
:101A7000C4F8D4209A69C4F8D82001221B7B2271B3
:101A800084F8D23000F0C0FF002804DB01231846A0
:101A9000637106B070BD04F1800104F1080000F02C
:101AA000ABFF002807DB04F1800104F1080000F01F
:101AB000ABFF0028EADA0023C4F8CC30002006B0DF
:101AC00070BD926B4FF0E023C3F8102184E700BF94
:101AD000E02A0060B1D2000005D5000079D60000F0
:101AE000B1CC000080C3C9010700000070B50446F6
:101AF0000025084686B00121C4F8CC2084F8D00027
:101B0000257100F0A1FF012194F8D00000F098FFAA
:101B1000D4F8CC0000F074FF642000F099FF97A186
:101B2000D1E90001CDE90201D4F8CC00DDE90212CF
:101B300000F06EFF294694F8D00000F085FF804940
:101B4000804A322348681268120C03FB02F27E4B73
:101B50005208A3FB0232120A4B681B1A9A42FBD8A6
:101B6000D4F8CC509F232A685366D36D13F4F81F22
:101B7000FBD0536F0DF107010DF1100C00205066E2
:101B8000D36D13F4F81FFBD0536F01F8013F61458B
:101B9000F5D194F8D030272B07D86C4A190102EB05
:101BA00003135258DB68C2F88430EB7CF3B1D807DA
:101BB00004D5A96A4FF0E022C2F80011990704D5B4
:101BC000E96A4FF0E022C2F804115A0704D5296BE4
:101BD0004FF0E022C2F808111E0704D5696B4FF0E0
:101BE000E022C2F80C11D80600F191809DF808108F
:101BF0007F2900F096809DF809C09DF80AE0544BBB
:101C000003F5C36002E0343383427DD01A788A4200
:101C1000F9D15A786245F6D19A787245F3D1782293
:101C2000002104F10800019300F01EFF382200217A
:101C300004F1940000F018FF464A019BC4E92042D9
:101C4000454AC4F88820454AC4F88C20444AC4F860
:101C500090209A88C4E925229868C4F89C001969E4
:101C6000C4E92A22B1FBF0F1FF22C4F8A0103D48DC
:101C70002221C4F8BC204FF4C872C4F8A420DA783A
:101C800084F8D1205A69C4F8D42001229B692271BA
:101C9000C4F8D83000F000FF334800F0C9FE04F16A
:101CA000800104F1080000F0AFFE002804DB0123EE
:101CB0001846637106B070BD29212C4800F0ECFE77
:101CC000294800F0B5FE04F1800104F1080000F09D
:101CD00093FE00282CDB2B21254800F0DDFE224856
:101CE00000F0A6FE04F1800104F1080000F08CFE73
:101CF0000028DCDA1C211F4800F0CEFE1A4800F054
:101D000097FE0023C4F8CC30002006B070BDAA6B4B
:101D10004FF0E023C3F810219DF808107F297FF4CD
:101D20006AAF9DF80E109DF80FC09DF810E066E7B1
:101D30001021114800F0B0FE0B4800F079FEE0E7FA
:101D4000001000E0EC3F002011239708602F0020D6
:101D5000E02A006071D70000D9D8000061DA0000E5
:101D6000B5CC0000F8260020F03F00201C27002002
:101D700048270020742700208027002080C3C90145
:101D80000700000070B5057982B0BDB14379044603
:101D900000F10806B3B904F180013046019100F06A
:101DA0002BFE00280ADB0199304600F02DFE0028AA
:101DB00004DB01232846637102B070BD002528466C
:101DC00002B070BD083000F04BFE00236371E2E703
:101DD00003790BB9002070472DE9F04FD0F8A080AF
:101DE000054683B00F464FEAD80001211446013062
:101DF00000F056FE064600285AD0D5F8940000F0B0
:101E000047FE8246002857D0B8F1000F05D02C4B72
:101E10000022C3F800802B4B1A6032462A4905F194
:101E2000080000F0E5FD00283CDBD5F8A010002FED
:101E300014BFB8468846B8F1000F25D08C4223D293
:101E400000274FF0010904E00134A1421CD94745A5
:101E50001AD2E30804F00702F35C09FA02F2134015
:101E6000F2D15246214605F1800000F005FE30B95E
:101E70000137D5F88C30214605F180009847D5F818
:101E8000A0100134A142E2D83046019100F0A8FD33
:101E9000504600F0A5FD0199A14209D9204603B0A2
:101EA000BDE8F08F304600F09BFD504600F098FDF5
:101EB000002003B0BDE8F08F304600F091FDF7E759
:101EC000DC6D0020E06D002029CF00002DE9F84FE7
:101ED0000379002B57D0437990468B460546002B5B
:101EE0004BD1D5F89400D5F8A07000F0D1FDB8F131
:101EF000000F18BFBBF1000F824614BF4FF001095D
:101F00004FF0000937B3214B0024A3FB0737BF096B
:101F1000B9F1000F0AD059464046B4FBF7F307FB6E
:101F200013431BB9D8F800301B689847012321469A
:101F3000524605F1800000F09FFD0346214605F161
:101F4000800013B9D5F88C3098470134D5F8A0300B
:101F5000A342DDD8504600F043FDB9F1000F04D193
:101F60002846BDE8F84FFFF70DBF404600F060FD82
:101F70002846BDE8F84FFFF705BF083000F070FDB8
:101F800000236B71ADE71846BDE8F88F8988888813
:101F900070B5804A84B0002104467F480223039133
:101FA000217190617D48D3610323C2F8800208202B
:101FB000C2F884124FF4000103AA00F04DFD784BE3
:101FC0009DF80C109DF80DC003F5C3609DF80E50F0
:101FD00003E03433834200F0C0801A788A42F8D19B
:101FE0005A786245F5D19A78AA42F2D17822002136
:101FF00004F10800019300F037FD3822002104F1BC
:10200000940000F031FD674A019B4FF0010CC4E9D8
:102010002042654AC4F88820644AC4F88C20644A87
:10202000C4F890209A88C4E925229868C4F89C00D6
:102030001969C4E92A22B1FBF0F1FF22C4F8A0100B
:102040005449C4F8BC204FF4C872C4F8A420D8780E
:1020500084F8CC005A69C4F8D0209A69C4F8D42016
:102060001A6984F804C0920A4A664B4A8A610222BD
:10207000CA614FF48A62C1F8A0224FF40002C1F88D
:10208000A0204FF42022C1F8A420C1F8B0C04A69B2
:10209000D507FCD5160763D43E490122DFF834C1C9
:1020A0004A61C1F8A0C24FF0000CC1F8A4C24FF4BD
:1020B000000CC1F8A0C04FF4202CC1F8A4C0C1F896
:1020C000B0204A69D507FCD5120701D508224A611C
:1020D0000121304A182851614FF0000143D03548A2
:1020E000C2F890023448C2F894023448C2F89812F8
:1020F000C2F8B00242F20120C2F8B402187B304BA1
:102100000343C2F8C032C2F8C412224B40F2064266
:1021100004F1800104F10800C3F8A022294AC3F8A1
:10212000D0220022C3F8D42200F06EFC002804DB89
:1021300001231846637104B070BD04F1800104F1FD
:10214000080000F059FC002807DB04F1800104F1CD
:10215000080000F059FC0028EADA002004B070BD45
:1021600008224A6198E71848C2F890021248C2F85B
:1021700094021648C2F89812C2F8B00242F2012046
:10218000C2F8B402187B124B0343C2F8C032C2F843
:10219000C412BAE700402A40F05AF05A9F040124C2
:1021A000E02A00609DCD00004DDB00002DDC00002A
:1021B000B9CC00006C042008083201263404200841
:1021C00000042008050401246B04180832041808D0
:1021D00000041808310402043D4A84464FF6FF7398
:1021E0003C48B2F5F81F0B44F0B54FF0000483B043
:1021F0008CF80440046060D26FF30F03B3FA83F1EC
:102200004909002B59D0C2F5F8129A4255D3324DE4
:10221000782264460CF10807ED1A019300910560DD
:102220000CF1080000F020FC019B2C4A4FF4487090
:10223000DB0B0099C4F88420C4F8A0308023284A1E
:10224000C4F89430C4F88820C4F89830254AC4F8FB
:10225000A830C4F8AC300123C4F8B010C4F8B410EE
:10226000C4F8B810C4F8C010C4F8C410C4F8C8103A
:10227000FF21C4F88C2023714FF400431A4AC4F89C
:10228000A40004F10800C4F8BC1004F18001C4F8F3
:102290008050C4F89020C4F89C3000F0B5FB0028B2
:1022A00004DB01231846637103B0F0BD04F1800123
:1022B000384600F0A1FB002802DA002003B0F0BD90
:1022C00004F18001384600F09FFB0028E9DAF4E7CA
:1022D00000E80200D86D002000001F6031CE000031
:1022E00051CE000075CE0000BDCC000030B50446D4
:1022F0008FB00D4672B6314A0021314B106070220A
:102300003048198000F0B0FB05B3B5F5607F4FF0A1
:1023100000012C484FF0010E28BF4FF46075AC4609
:102320004A0901F01F03013150F822500EFA03F35D
:10233000614543EA050340F82230F1D320460023EB
:102340004380013300F582706345F9D31E4C257834
:1023500015B162B60FB030BD082000F091FB8021AE
:102360001A4A01711A49056001900AA8049104A94A
:102370000292089200F038FB08A9164A019800F072
:1023800083FB089B0AA8DB689847029B04A8DB68CC
:1023900098472378002BDCD10F4B104AC3F8582103
:1023A0000F49D0204FF0E023402281F84600C3F8C7
:1023B00008210123237062B60FB030BDF86C0020F5
:1023C000D0490120006D0020EE490120602D002041
:1023D000A93101001B10010000640020B53101008B
:1023E00000E400E00F4B40F2376C0F4AA020D96E9A
:1023F00041F44031D966D96E41F44071D966C2F8D2
:1024000044C09064936C1B06FCD4084A40F23761C8
:10241000A02351649364936C13F08003FBD1044AAE
:102420001370704700C00F4000400C4000800C400B
:10243000F9490120704700BF704700BF704700BFD7
:1024400000BF70474FF0E02300214FF0100C3448DC
:10245000C3F8941DC3F89CCD4FF0110CC3F8A00D28
:102460003048C3F89CCD4FF0120CC3F8A00D2E4895
:10247000C3F89CCD2D4AC3F8A00DDFF8D0C042F0C0
:1024800015022B48C3F89CCDC3F8A00DDFF8C0C0DF
:102490002848C3F89CCDC3F8A00DDFF8B8C0C3F836
:1024A0009C2D2548254AC3F8A0CDC3F89C0DC3F840
:1024B000A02D02F5A022DFF8A0C00C322048C3F8FE
:1024C0009CCDC3F8A02D1F4AC3F89C0DC3F8A02DC6
:1024D00002F14062DFF884C002321B48C3F89CCD91
:1024E000C3F8A02D0A32C3F89C0DC3F8A02D00BF7D
:1024F00000BF00BF00BF00BF0122C3F8942DBFF38F
:102500004F8FBFF36F8FC3F8501FBFF34F8FBFF3D1
:102510006F8FD3F8142D42F44032C3F8142D704756
:102520003F0000102500080709001000604A012044
:1025300021000207250008131600202027000B1396
:10254000180000602F000B071A0000801300200005
:10255000140000200900001017000040190000704E
:1025600010B5174A4FF480544FF4005E4FF4404CBE
:102570004FF4803043F24201136913F0020F0DD182
:1025800013F4005F0FD013F4805F0FD0002BF3DA49
:1025900013F4803F0CD15B060ED510BDC2F818C0F5
:1025A00050619161E8E7C2F814E0E5E75461E3E7C0
:1025B0004FF480339361DFE740235361DCE700BFD2
:1025C00000800D40414A03204149F3EE095AD2F8F8
:1025D00080309FED406A23F001039FED3F5ADFF802
:1025E00014C100B5C2F88030C2F89000D1F8E010F4
:1025F000DFF804E1CBB23948CEF8003007EE903A6C
:102600000B0DC1F30B21F8EEE77A06EE903A07EED8
:10261000101A334BB8EEC77ACCF80010F8EEE66A21
:10262000304937EEC66A37EEC55A76EEC76A77EE9E
:10263000E57A26EE266AC3ED006A25EE265AD2F820
:10264000803067EEA64AC0ED007AC6EE275A2648CB
:1026500085EE276AC4EEA76A75EE875AFCEEE55A46
:1026600036EE076A15EE90CABCEEC66A43EA0C5312
:1026700076EE877AC2F8803016EE103AD2F890C122
:10268000FCEEE77A01EA034141EA0C014FF0000C4D
:1026900017EE903AC2F89011C3F30B03D2F89011E1
:1026A0000B431249C2F89031D2F8803043F0020354
:1026B000C2F880300E4B80F840C0C1F840314FF076
:1026C000E0230122C3F8082100BD00BF00810D40B6
:1026D00000441F400000AA420000B442A4CA0020E7
:1026E000A8CA00200000FF0F00E400E00064002002
:1026F000CD4F01009CCA0020A0CA0020314B40F6FB
:10270000617210B5C3F8202140F2044400F084F94E
:102710002D4A2E49D2F880302D4843F00303C2F8E9
:1027200080302C4BC1F8604102681A4203D1D1F8C5
:10273000A8319A071BD0254A4FF00041244B59631A
:10274000D2F8403143F00203C2F84031D2F84031B0
:102750009B07FBD44FF400304FF0E0211C4B4FF0AF
:102760000042C1F88C0219209A6300F071F9184BED
:102770000021164C4FF080420A209A634FF4906279
:102780001960C4F8A801144800F06EF94FF48002F3
:1027900003464FF4810040F243111860C4F85831E9
:1027A0001A640E4B0E4AC4F84811C3F804224FF0C5
:1027B000E0224FF400310123C2F80C11C4F840317B
:1027C00010BD00BF00800D4000C00F4000002E4033
:1027D00000900D40001C1E0000000020006400203E
:1027E000C152010008B50E4B1B6E9B0700D4FBBE07
:1027F00072B60C4B00200C4AC3F8400103F1604351
:102800000A49A3F55F2311649D46BFF34F8F4FF430
:102810000013074A0748DB6902609B68984700BFBE
:1028200000441F4000002E4000C00A40030020006A
:10283000000012EB008020200346094A09485B692A
:1028400003EB01110B7A02EB0313D3E901321060A1
:10285000CA681A600B690BB14A691A60704700BFF9
:10286000602F002061F801004369027E03EB021231
:1028700092F808C08C450FD01A7AFF2A0CD09142EA
:102880001CD01A7EFF2A07D00121D3E90023126849
:102890001A4202D1017670477047094B052203EBBB
:1028A0000C135B6800B583B01A60CDE90001FFF737
:1028B000C3FFDDE90001017603B000BD0021E4E7BC
:1028C000602F00200346094A09485B6903EB0111A8
:1028D00091F8283002EB0313D3E901321060CA6A81
:1028E0001A600B6B0BB14A6B1A607047602F0020A7
:1028F00061F801004369427E03EB021292F828C09E
:102900008C4511D093F82820FF2A0DD091421DD07C
:1029100093F83820FF2A07D00121D3E90023126859
:102920001A4202D1417670477047094B052203EBEA
:102930000C135B6800B583B01A60CDE90001FFF7A6
:10294000C1FFDDE90001417603B000BD0021E4E7ED
:10295000602F00201A4942698B6BDFF86CC023F4AA
:102960007C0343F4802300B583B08B63D2E900136A
:1029700001900A681A4303690A60022200211A6161
:10298000104A19619A6401225A62C3F828C04FF4B0
:10299000303CC3F82CC04FF0011CD3F848E0C3F81A
:1029A00050E01962C3F858C01A61017EFFF744FF76
:1029B0000198417E03B05DF804EBFFF783BF00BFD1
:1029C00000C00F403B372819B80B0505F8B500BF0C
:1029D000F8BC08BC9E4670475FF800F02142010039
:1029E0005FF800F04DC801005FF800F01D01000025
:1029F0005FF800F0BD1D01005FF800F0990F0100C5
:102A00005FF800F0E98D01005FF800F0811001002F
:102A10005FF800F071D000005FF800F01D63010066
:102A20005FF800F01D9001005FF800F029490100F7
:102A30005FF800F0493A01005FF800F0D14C010066
:102A40005FF800F09D4601005FF800F03546010098
:102A50005FF800F0354501005FF800F0C1CC0000E0
:102A60005FF800F0CD1101005FF800F0A9D9010076
:102A70005FF800F021DE01005FF800F0C5CD000036
:102A80005FF800F0714A01005FF800F0AD37010017
:102A90005FF800F03DC801005FF800F0AD73010081
:102AA0005FF800F0E5C60100450000004D79000028
:102AB0005DB20000B1B7000039390100297801008A
:102AC00050524F4752414D00444D414D454D00003D
:102AD0004558544D454D00004D454D4F525900004D
:102AE000EF401518000100000080000052000000B7
:102AF00000002000B80B0000006A18005732355162
:102B000031364A562A512F57323551313646560002
:102B100000000000EF4016180001000000800000D7
:102B20005200000000004000B80B0000006A1800CE
:102B30005732355133324A562A512F573235513395
:102B40003246560000000000EF4017180001000058
:102B500000000100D800000000008000B80B000059
:102B600080841E005732355136344A562A512F5729
:102B7000323551363446560000000000EF40181838
:102B80000001000000000100D8000000000000016A
:102B9000B80B000080841E00573235513132384A5C
:102BA000562A512F573235513132384656000000DF
:102BB000EF4019200001000000000100DC000000CF
:102BC00000000002B80B000080841E00573235510F
:102BD0003235364A562A510000000000000000003D
:102BE00000000000EF402020000100000000010074
:102BF000DC00000000000004AC0D000080841E001A
:102C0000573235513531324A562A51000000000002
:102C10000000000000000000EF4021200001000043
:102C200000000100DC00000000000008AC0D000006
:102C300080841E005732355130314A562A510000E7
:102C400000000000000000000000000062061318F1
:102C5000000100000010000020000000000008003B
:102C600088130000E093040053535432355046302B
:102C700034304300000000000000000000000000AD
:102C8000EF7017180001000000000100D8000000DC
:102C900000008000B80B000080841E0057323551C0
:102CA00036344A562A4D2028445452290000000048
:102CB00000000000EF701818000100000000010083
:102CC000D800000000000001B80B000080841E0046
:102CD000573235513132384A562A4D202844545201
:102CE0002900000000000000EF7019200001000022
:102CF00000000100DC00000000000002B80B000032
:102D000080841E00573235513235364A562A4D20BE
:102D1000284454522900000000000000EF801920D0
:102D20000001000000000100DC00000000000002C3
:102D3000B80B000080841E00573235513235364AB8
:102D4000572A4D00000000000000000000000000B5
:102D5000EF7020200001000000000100DC000000F6
:102D600000000004AC0D000080841E005732355175
:102D70003531324A562A4D20284454522900000049
:102D8000000000001F840118000100000010000076
:102D90002000000000000800C4090000E0930400C7
:102DA00041543235534630343100000000000000F9
:102DB00000000000000000000140141800010000A5
:102DC0000010000020000000000010008813000028
:102DD000E0930400533235464C3230384B0000004B
:102DE000000000000000000000000000C8401318B0
:102DF000000100000010000020000000000008009A
:102E000060090000E09304004744323551343043F8
:102E100000000000000000000000000000000000B2
:102E2000C84014180001000000100000200000003D
:102E30000000100060090000E093040047443235B0
:102E40005138304300000000000000000000000086
:102E500000000000C84015180001000000800000BC
:102E60005200000000002000A00F0000006A1800BF
:102E70004744323551313645000000000000000063
:102E80000000000000000000C8401618000100000B
:102E9000008000005200000000004000A00F000071
:102EA000006A1800474432355133324500000000B3
:102EB000000000000000000000000000C8401718DB
:102EC0000001000000000100D800000000008000A8
:102ED000A00F0000C0C62D0047443235513634459E
:102EE00000000000000000000000000000000000E2
:102EF000C84018180001000000000100D8000000C0
:102F000000000001A00F0000C0C62D00474432356C
:102F10005131323845000000000000000000000080
:102F200000000000C840192000010000000001005E
:102F3000DC00000000000002D0070000006A18005A
:102F4000474432355132353645000000000000005C
:102F50000000000000000000032EC2184000000026
:102F6000800000000000000000001000FA000000D7
:102F7000B00400004359313542313038514E000021
:102F8000000000000000000000000000C224001843
:102F9000400000008000000000000000000002006F
:102FA000FA000000B0040000464D32355631302D95
:102FB00047000000000000000000000000000000CA
:102FC000C224011840000000800000000000000042
:102FD00000000200FA000000B0040000464D323547
:102FE0005631302D472028726576203129000000A7
:102FF00000000000AE8309184000000080000000BF
:103000000000000000000200FA000000B004000010
:103010004D52343556313030410000000000000080
:103020000000000000000000C22608184000000058
:10303000800000000000000000000800FA0000000E
:10304000B0040000435931354231303451000000A2
:10305000000000000000000000000000602AC2180C
:10306000400000008000000000000000000004009C
:10307000FA000000B00400004359313542313032CB
:1030800051000000000000000000000000000000EF
:10309000602AC2184000000080000000000000000C
:1030A00000000400FA000000B0040000435931356C
:1030B00042313032510000000000000000000000EA
:1030C00000000000047F481840000000800000005D
:1030D0000000000000000400FA000000B00400003E
:1030E0004D4238355253324D5441504E4600000047
:1030F00000000000000000002A0354006500650085
:103100006E007300790020004D0049004400490022
:103110007800310036002F0041007500640069001E
:103120006F00000018035400650065006E00730016
:1031300079006400750069006E006F0004030904E3
:1031400009027501060100C032080B0002020201EB
:10315000000904000001020201000524001001051D
:10316000240101010424020605240600010705824A
:103170000310001009040100020A00000007050303
:10318000024000000705830240000009040200021B
:10319000010300000724010001430006240201018D
:1031A00000062402020200092403010301020100B7
:1031B000092403020401010100062402010500069E
:1031C0002402020600092403010701060100092464
:1031D0000302080105010009050402400000000087
:1031E00006250102010509058402400000000006D1
:1031F0002501020307080B03030101000009040372
:103200000000010100000A240100013E0002040543
:103210000C2402010206000203000000092403023C
:1032200001010001000C240203010100020300005F
:10323000000A2406310301010202000924030402EA
:103240000600310009040400000102000009040422
:10325000010101020000072401020301000B240206
:10326000010202100144AC0009058509B400010007
:10327000000725010000000009040500000102000C
:1032800000090405010201020000072401030301F3
:10329000000B2402010202100144AC0009050505DF
:1032A000B400010086072501000000000905861111
:1032B000030001050000000009027501060100C0BD
:1032C00032080B00020202010009040000010202A0
:1032D0000100052400100105240101010424020657
:1032E00005240600010705820310000509040100FA
:1032F000020A00000007050302000200070583021E
:10330000000200090402000201030000072401007A
:103310000143000624020101000624020202000902
:103320002403010301020100092403020401010135
:1033300000062402010500062402020600092403F7
:103340000107010601000924030208010501000923
:10335000050402000200000006250102010509051E
:1033600084020002000000062501020307080B0387
:1033700003010100000904030000010100000A2408
:103380000100013E000204050C24020102060002B5
:10339000030000000924030201010001000C2402C3
:1033A0000301010002030000000A240631030101A9
:1033B000020200092403040206003100090404008B
:1033C00000010200000904040101010200000724B9
:1033D00001020301000B2402010202100144AC00AF
:1033E00009058509B400040000072501000000005C
:1033F00009040500000102000009040501020102A0
:103400000000072401030301000B24020102021043
:103410000144AC0009050505B40004008607250138
:1034200000000000090586110400040700000000E8
:103430000A060002EF0201400100000080C00F40B8
:10344000000000031900000010000000E8841F4085
:1034500001000000FF000000FF000000000000006D
:10346000000000001800000010000000E4841F406D
:1034700001000000FF000000FF000000000000004D
:10348000000000001F000000E98C010070C00F4028
:10349000000C00001100000011000000E0841F403B
:1034A000020000002400000012000000E0841F4021
:1034B000010000001000000011000000DC841F402B
:1034C000020000002500000012000000DC841F4004
:1034D000010000001E000000DD8C010070C00F40E4
:1034E000C00000001200000013000000D0841F4044
:1034F00001000000FF000000FF00000000000000CD
:10350000000000001300000013000000CC841F40E6
:1035100001000000FF000000FF00000000000000AC
:0C352000000000001C000000D18C010025
:10352C00000000000000000000000000000000008F
:10353C00000000000000000000000000000000007F
:10354C000548064B1B1AD90F01EBA301491002D0F9
:10355C00034B03B118477047C0660020C0660020BB
:10356C000000000008B5054B1BB105490548AFF339
:10357C000080BDE80840FFF7E3BF00BF000000007B
:10358C00DCB6002000E8026000207047006910B132
:10359C000368DB6818477047006910B103681B6942
:1035AC0018477047006910B103685B6918474FF002
:1035BC00FF307047006910B103689B69184770476A
:1035CC00006998B14FF0000C036801229B6800B5AC
:1035DC0083B00DF107018DF807C0984718B19DF81D
:1035EC00070003B000BD4FF0FF30FAE74FF0FF309B
:1035FC00704700BF00B5006983B08DF8071028B183
:10360C00036801220DF10701DB68984703B000BD88
:10361C004FF0FF30704700BFC3680BB101207047FB
:10362C000069C01A18BF0120704700BF006900383C
:10363C0018BF0120704700BF036818470B68036070
:10364C00704700BF0B680360704700BF704700BF36
:10365C00704700BF704700BF704700BF704700BF86
:10366C00704700BF704700BF704700BF704700BF76
:10367C00704700BF704700BF704700BF0368086801
:10368C0011681847704700BF8C46C16821B11346BA
:10369C008068624611F0ACBB0846704700B583B039
:1036AC00019013F097FB019803B000BD38B5054CA1
:1036BC00A4F12005083C204613F08CFBAC42F9D158
:1036CC0038BD00BF2860002038B5054CA4F120059A
:1036DC00083C204613F07EFBAC42F9D138BD00BF4C
:1036EC004860002008B5029B8446C168022B8CBF41
:1036FC0000200120002908BF002000B908BDDCF81B
:10370C00080011F077FBC043C00F08BDC16810B5AD
:10371C00044639B1806811F065FBE0681CF026FBAB
:10372C000023E360216939B1A06811F03BFD2069E9
:10373C001CF01CFB0023236110BD00BF10B54FF023
:10374C00040C84B000220C46CDF800C000F1180126
:10375C00039203AB6322806811F0A8FA042802D00C
:10376C00002004B010BD03980028F9D0214613F0B6
:10377C00E5FC012004B010BD10B54FF0040C84B072
:10378C0000220C46CDF800C000F11801039203ABE7
:10379C006D22806811F08AFA042802D0002004B04F
:1037AC0010BD03980028F9D0214613F0C7FC012066
:1037BC0004B010BD016911B1806811F06DBD704786
:1037CC000B6970B50646E4B0002B75D00C4624ADE1
:1037DC004FF48472002122A81DF076FB22AA2169E5
:1037EC00A06811F0EDFC002842F62E6264DD2B88F7
:1037FC002E2BEDD093424BD0802204F1180102A85D
:10380C001DF036FC02A81DF0ABFF002860D00DEBBC
:10381C000003DB792F2B01D07D286BD900F1080335
:10382C00C0F180026B44294618461DF021FC9DF81E
:10383C008850012D30D034201CF090FA014600281D
:10384C003AD0019002AAA06811F05AFC002830DB93
:10385C00982014F09DFB0199A36805460161002492
:10386C008360802202A918306C60EC60264B2B60C0
:10387C001DF0FEFB6B684FF47A71244A013330461D
:10388C0074603473B16035616B60326064B070BD6C
:10389C00AB78002B9CD0AFE754201CF05FFA0146AC
:1038AC0050B101902B4602AAA06811F08FFA0028A3
:1038BC0011DA01981CF05AFA002314494FF47A7269
:1038CC0030463373B2603361C6E9001364B070BD27
:1038DC00802202ABA7E7982014F05AFB0199054609
:1038EC00A3680024C1608360802202A918306C6038
:1038FC002C61BBE74FF02F0302A9C0F17F020B52E2
:10390C0000F109036B448EE72C2B0020982C00202F
:10391C0010B500F118042F2120461DF02FFC00B12A
:10392C00441C204610BD00BFC16839B1806808B581
:10393C0011F00EFB20EAE070C11708BD0846704775
:10394C00C16839B1806808B511F000FB20EAE0705D
:10395C00C11708BD08467047C168B9B103468068F5
:10396C0000B583B0019311F0F1FA021E0BDB019B41
:10397C000192D3E9020111F0EBFA002803DB019A62
:10398C00801A03B000BD002003B000BD00207047BA
:10399C00C16831B1806808B511F05CFAC043C00F42
:1039AC0008BD0846704700BFC16811B1806811F0AE
:1039BC001BBA70478C46C16809B90846704708B5F0
:1039CC0080681346624611F011FA20EAE07008BDD7
:1039DC00704700BF012A02D1016000207047022A03
:1039EC0005D0032AF9D0002AF7D10260F5E70B685D
:1039FC000360F2E7704700BF704700BF704700BF1D
:103A0C00044808B513F0E6F900210C20BDE8084085
:103A1C0014F050BBCC5F00208B79503B1B0625D497
:103A2C0030B587B00390084613F04AFC039B12494B
:103A3C001A680590526B98688A42054618D12F2156
:103A4C0003F1180003F118041DF098FB00B1441C9D
:103A5C004FF0040C05AB6D2221462846CDF800C072
:103A6C0011F072F9C043C00F07B030BD0020704791
:103A7C00184690470446EBE7F10300008B79503B66
:103A8C001B0625D430B587B00390084613F018FCFC
:103A9C00039B12491A680590526B98688A42054636
:103AAC0018D12F2103F1180003F118041DF066FB47
:103ABC0000B1441C4FF0040C05AB63222146284690
:103ACC00CDF800C011F040F9C043C00F07B030BDB5
:103ADC0000207047184690470446EBE7F1030000BE
:103AEC008368014643B1032200B583B00190984727
:103AFC000199084603B000BD704700BF0B4BC1686D
:103B0C0010B50446036039B1806811F06BF9E068B8
:103B1C001CF02CF90023E360216929B1A06811F095
:103B2C0041FB20691CF022F9204610BD2C2B0020F3
:103B3C000D4BC16810B50446036039B1806811F0B3
:103B4C0051F9E0681CF012F90023E360216929B1F6
:103B5C00A06811F027FB20691CF008F92046982179
:103B6C0014F01EFA204610BD2C2B002003460D4AE3
:103B7C0000691A6098B14268013A42607AB90268E9
:103B8C0000B583B0D26A01939047019B186918B1B4
:103B9C00026852689047019B184603B000BD184656
:103BAC00704700BF982C002010B50B4B04460069E1
:103BBC00236058B14368013B43603BB90368DB6A3F
:103BCC009847206910B103685B6898472046142118
:103BDC0014F0E6F9204610BD982C002010B584B0E6
:103BEC000446CDE9022112F079FE00222046009213
:103BFC00DDE9023112F0F4FE204604B010BD00BF26
:103C0C0010B50023044610460D4A237261722061E0
:103C1C002260E36019B18A0019461DF055F9094A72
:103C2C00136853B11A465B69002BFBD15461002316
:103C3C00204663616360A37210BD1460F7E700BF98
:103C4C00202B0020FC6C002003460022DFF85CC017
:103C5C00124943F818CB4FF4807C8261A0F808C05D
:103C6C00C0E903230B68B3B11A465B69002BFBD187
:103C7C00506100230A4A4FF4681C0A4943614360AF
:103C8C00837202604FF000520377074BC0E90AC100
:103C9C00C0E90C2370470860EBE700BFFC6C002008
:103CAC00382C00200E00C10076061C00202B0020B2
:103CBC0010B541F2CC53044614480022E3181449C1
:103CCC0020604FF480702361208104F580500B68D4
:103CDC00E260C0F8CC25B3B11A465B69002BFBD16E
:103CEC00546100210B4B41F28C5204F14000616194
:103CFC006160A17223602176C4F81A10E1831DF073
:103D0C00E3F8204610BD0C60EBE700BF202B002031
:103D1C00FC6C0020B82B002003460022DFF860C0AA
:103D2C00134943F834CB4FF4007CC0E903230B68F0
:103D3C00A0F808C0C0E90D22C3B11A465B69002B7C
:103D4C00FBD150610B4900230B4ADFF838C00160EE
:103D5C004FF480518261094A436143608372C0E928
:103D6C0007C1C0E90923C0E90B3370470860E9E7D4
:103D7C00FC6C0020802C002090298F0480F9855A3F
:103D8C00202B002060EA8E0400220346DFF850C08E
:103D9C00114943F828CB4FF4806CC0E903230B681E
:103DAC00A0F808C0C0E90A22C0E90C228BB11A465F
:103DBC005B69002BFBD1506100224FF48033074923
:103DCC004261426082720160C0E90633C0E9083387
:103DDC0070470860F0E700BFFC6C0020142B00203B
:103DEC00202B00201349002210B50B680446124802
:103DFC00226120602281E260D3B11A465B69002BFC
:103E0C00FBD1546100230D494FF0804204F138007E
:103E1C0063616360A37221602363A386C4E90633E4
:103E2C00C4E90833C4E90A230BF004FF204610BD93
:103E3C000C60E7E7FC6C0020202B00202C2C0020D1
:103E4C0010B50446002216482346164943F8180BB1
:103E5C004FF40070C4E903230B682081C4E90622E7
:103E6C00DBB11A465B69002BFBD1546100230E4970
:103E7C004FF4004204F50F7063616360A37221601C
:103E8C002363C4F83432A4F83832C4E90833C4E9E3
:103E9C000A230BF0CFFE204610BD0C60E6E700BFF6
:103EAC00202B0020FC6C00208C2C00200D490022C3
:103EBC00DFF838C00B68C0F800C002610281C26034
:103ECC006BB11A465B69002BFBD150610023064A8B
:103EDC0043614360837202600376C361704708607C
:103EEC00F4E700BFFC6C00205C2C0020202B002091
:103EFC0010490022DFF844C00B68C0F800C0026112
:103F0C000281C2609BB11A465B69002BFBD15061E8
:103F1C0009490022DFF828C00B8842610133426056
:103F2C0082720B80C0F800C0C0E90623704708609D
:103F3C00EEE700BFFC6C0020DC490120202B0020A8
:103F4C00502C00202DE9F04398464B79C9B004461B
:103F5C00ABB11746B8F1000F1ED0542003911BF0E3
:103F6C00FDFE814658B1039940F203133A4601F124
:103F7C0008060146304610F029FF00284CDA0023D1
:103F8C0063494FF47A7220462373A2602361C4E91B
:103F9C00001349B0BDE8F08301F1080001F10805F8
:103FAC00114606AA10F06CFE0028E8DB9DF81830CC
:103FBC00012B74D034201BF0D1FE06460028DED035
:103FCC0001463A46284611F09BF8002877DB9820EA
:103FDC0013F0DEFF3946034680228560C0F804806A
:103FEC000661C0F80C804B48186003F1180003936D
:103FFC001DF03EF8039B4FF47A705A68C4F80480A5
:10400C00013284F80C80A0602046414923615A603B
:10401C00216049B0BDE8F0830023059314F062F9E8
:10402C000421069005AB63220D46009130463946BB
:10403C0010F03CFEA84208D006AB6322394630464D
:10404C00009510F081FE00284ADB042206AB3946AD
:10405C00304600926D2210F077FE002848DBB8F154
:10406C00010F4DD00025982013F092FF0346866077
:10407C008022C0F80C9039464560056125480393B1
:10408C00186003F118001CF0F3FF039B4FF00001C4
:10409C004FF47A705A68656001322173B3E754208B
:1040AC0003931BF05BFE064600283FF468AF014605
:1040BC00039B3A46284610F089FE002803DA304666
:1040CC001BF054FE5BE7982013F062FF3946034661
:1040DC0080228560C0F80480C660C0F8108082E73A
:1040EC0022210D4816F0F2FB0C4812F03DFFACE714
:1040FC0022210B4816F0EAFB084812F035FFAEE718
:10410C00022300224946304610F074FEAAE700BF95
:10411C00982C00202C2B002008230020F03F00209E
:10412C002C230020F0B517461E469DF81440EFF3E3
:10413C00108E72B6174B184A93F800C012780CF117
:10414C00010C0CF07F0C62451FD01A7802EB820533
:10415C00124A5155197801EB810111444F701978AD
:10416C0001EB810111448E70197801EB810111442E
:10417C00CC70197801EB81010A44107183F800C0EE
:10418C00BEF1000F00D162B6F0BD054A13680133D1
:10419C001360F5E7094A01200A4A012038B30020D0
:1041AC00B8B500202DE9F84F444CDFF82491227863
:1041BC0099F800309A427ED04FF0000C404DDFF859
:1041CC001481404F404E237803EB8303E95C237842
:1041DC00C9B203EB83032B4493F801A0237803EBC0
:1041EC0083032B449B782278DBB202EB82022A44B5
:1041FC00D0782278C0B202EB82022A4492F804E012
:10420C0022785FFA8EFE013202F07F022270BCF13E
:10421C00000F24D1BEF1000F35D0012814D8013B7A
:10422C0009044FEA0A6A1B0201F4FE010AF0FE4A75
:10423C0003F4706343EA001349F209000B4343EAA9
:10424C000A03184315F0C0FC22784FF0010C99F8C2
:10425C0000309A42B7D1BDE8F84F15F0BDBCD8F884
:10426C0004B03A68A6FB022C184A4FEA9C4C126820
:10427C0002FB0CFCD8F80420A2EB0B029445F9D8F5
:10428C00BEF1000FC9D10128DED8013B09044FEA69
:10429C000A6A1B0201F4FE010AF0FE4A03F4706381
:1042AC0043EA001348F208000B4343EA0A0318439D
:1042BC0015F08AFCC8E7BDE8F88F00BF0A4A012058
:1042CC0038B30020EC3F002083DE1B43EC5F002062
:1042DC00094A0120001000E0F5EEC00A00B5F1EE2D
:1042EC0010FA85B040F28880DFED554AB7EEE05AFF
:1042FC00B7EE007BB4EEE40AB7EEC11A37EE456BAD
:10430C00F1EE10FA26EE016B2DDBB0EE467B0020B1
:10431C009FED435B8DED007B8DED026B21EE051B5C
:10432C00FDEEC17B17EE901A13F0C4FE01209FED39
:10433C003E5B9DED007B27EE057BFDEEC77B17EE0C
:10434C00901A13F0B7FE02209FED397B9DED026BA6
:10435C0026EE076BFDEEC67B17EE901A05B05DF8E6
:10436C0004EB13F0A7BEB7EEC00A9FED333B80EE13
:10437C00034BFDEEC43BB8EEE32B13EE902A34EE68
:10438C00424BB0EE472B37EE440BA4EE452BA0EE80
:10439C00457B22EE012B27EE017B042A3BD801A39F
:1043AC0053F822F0EF0D0000AB0E0000B50E00002C
:1043BC00C70E0000990E0000B0EE415BB0EE471B3B
:1043CC00B0EE467BB0EE456BA1E7B0EE417BB0EEB4
:1043DC00421B9CE7B0EE415BB0EE461BB0EE476B68
:1043EC00B0EE457B93E7B0EE415BB0EE427BB0EEB6
:1043FC00461BB0EE456B8AE70021084613F05AFEC7
:10440C000021012013F056FE0021022005B05DF8BA
:10441C0004EB13F04FBEB0EE467BB0EE426B76E78A
:10442C0000000000000069400000000000C05C407B
:10443C0000000000008051400000000000004E40D1
:10444C000000B443204B2DE9F041044682B053F8F0
:10445C0020000D4609F00CFE1C4B1D4E53F8240099
:10446C0009F006FE1B4B1C4F53F8240009F000FE0C
:10447C001A4BDFF8808053F8240009F0F9FD184A34
:10448C00184B1268315D43F8242091B998F800302C
:10449C000120154A00933B78144F1278397829443F
:1044AC00C9B2FFF73FFE3B781D44355502B0BDE85D
:1044BC00F0810F4B00201A7898F8003000933B786D
:1044CC00FFF730FE3055E1E7483D0020383D002035
:1044DC00D0720020183D002078610020283D00207B
:1044EC00D0D20020CCB6002077610020084A0120F1
:1044FC007D610020FC490120F8B5274B0025274E93
:10450C0040F201179FED260A2DED088B9FED1E8BB7
:10451C009FED1FABBEEE009B93ED00BAB5EEC0BA9B
:10452C00A6EC010AF1EE10FA14DD0024B7EEC00A75
:10453C00013420EE080B18F08FFC07EE904AF8EED1
:10454C00E77AB7EEC00BF4EECB7AF1EE10FAEDD4BD
:10455C0006ED010A0135BD4210D007EE905AB0EEBF
:10456C00490BB8EEE77BA7EE0A0B30EE000B20EE02
:10457C00080BB7EEC00B18F09FFFCFE7BDEC088B14
:10458C00F8BD00BFAFF30080182D4454FB21094047
:10459C00000000000000703F706100201408012032
:1045AC002EBDBB33D24BB0EE000B2DE9F0412DEDFF
:1045BC000C8B1B7884B00D46044607EE903A1F46D0
:1045CC00B2EE089BB8EE67CBB0EE4C1B18F084FC37
:1045DC00C84AC94BB0EE40DB1678B0EE000B93ED39
:1045EC00008AAB19B7EEC88A07EE103AB8EEC77B53
:1045FC0087EE09BBB0EE4B1B18F06EFCBF4B1A6874
:10460C00BF4B002AD3ED00AABE4B93ED00AA40F39A
:10461C00AD81BD4B9046BD4A28EE0D7B93F9003021
:10462C00C3EBC303B4EE005BB0EE406B1344B84A6B
:10463C0027EE057B1B5782FB0312DB17B0EE000B3A
:10464C00C3EB6203BA1E27EE067B42FA83F3FA1E13
:10465C0003EB430302EB420206EB830105EB820200
:10466C00B7EEC7BB01EE101AA2EB8303B8EEC11B69
:10467C000BEE903A81EE091B18F02EFC4FF0E02364
:10468C004022C3F8882128EE008BA24B1B7806EE43
:10469C00103AB7EEC88BB8EEC66AA6EE2AAAB5EEEB
:1046AC00C0AAF1EE10FA00F12081DFED9B7A9FEDAC
:1046BC009B7AB4EEE7AA9A4AF1EE10FA77FE8A7A60
:1046CC0067EE877AFCEEE77A17EE903A934228BFB2
:1046DC001346944AD2ED007A934AD2ED006A934A7B
:1046EC00E6EE276AD361F5EEC06AF1EE10FA00F13E
:1046FC007382DFED897A9FED897AF4EEE76A884A56
:10470C00F1EE10FA77FEA67A67EE877AFCEEE77A7E
:10471C0017EE903A934228BF1346854AB3EE047ABB
:10472C00D2ED006A834AD2ED007A834AE6EE8B7AA8
:10473C00D361824B53F82430F4EEC77AF1EE10FAC1
:10474C0000F147829FED7E0A9FED7E7AF4EEC07AEF
:10475C000393F1EE10FA30FE270A20EE070AF0EE72
:10476C00407AFEEEE07A17EE906A18F0A5FEF0EEB5
:10477C00407A039BFEEEE07A17EE902AC3E90662BC
:10478C00714B53F82420714BD3ED006A68EE266A06
:10479C00F5EEC06AF1EE10FA00F12482DFED5E7ADC
:1047AC009FED5E7AF4EEE76A5D49F1EE10FA77FE62
:1047BC00A67A67EE877AFCEEE77A17EE903A8B4290
:1047CC0028BF0B465362624B53F82420614BD3ED48
:1047DC00006A68EE266AF5EEC06AF1EE10FA00F196
:1047EC00FF81DFED4D7A9FED4D7AF4EEE76A4C498F
:1047FC00F1EE10FA77FEA67A67EE877AFCEEE77A8E
:10480C0017EE903A8B4228BF0B465362524B53F82B
:10481C002420524BD3ED007A28EE277AB5EEC07ADD
:10482C00F1EE10FA00F1DA81DFED3B7ADFED3B6A55
:10483C00B4EEE77A3A49F1EE10FA77FE877A67EE32
:10484C00A67AFCEEE77A17EE903A8B4228BF0B461D
:10485C00B8EEEB5B07EE908AB3EE084B5362F8EEC2
:10486C00E77A3F4B85EE046B53F82410F5EEC07AD3
:10487C00F1EE10FAB7EEC66B40F2D781B7EE007AC4
:10488C00B4EEC76AF1EE10FA40F3B481354A9FEDED
:10489C00367A67EE877AFDEEE77A17EE903A002BC0
:1048AC0000F0D18172B6CE690A62B24200F0E181A9
:1048BC0086FAA2F0EFF3008C1CF0006F00F09781E9
:1048CC0003F1010CBCF1020F04D992FBF3F096FB3F
:1048DC00F3F3C01A20B9B242D4BF4FF0FF3001201D
:1048EC00012348620B7662B646E10023F1E600BF75
:1048FC00796100201B4A01208C460020E0B000208A
:10490C00E0720020DC720020FD490120E04600200E
:10491C00ABAAAA2AC07900200044AC46C637BE47D1
:10492C000000FE7FD8720020D4720020287800206E
:10493C00707100206C710020707600201C470020E4
:10494C0000D0894693651538B04600204860002099
:10495C00C04600204C600020D04600205060002053
:10496C00904600200000FF7F66663042B0EE4C1B84
:10497C00B0EE000B18F0B0FAB0EE4B1BB0EE409B53
:10498C00B0EE000B18F0A8FA4FF0E0224021BB4B20
:10499C0028EE098BC2F888111B78B4EE007B06EE6A
:1049AC00903AF8EEE66A28EE078BA6EEAAAA28EE55
:1049BC00008BB5EEC0AAF1EE10FAB7EEC88B00F181
:1049CC003281DFEDAF7A9FEDAF7AB4EEE7AAAE4A53
:1049DC00F1EE10FA77FE8A7A67EE877AFCEEE77AC8
:1049EC0017EE903A934228BF1346A848A84AD0ED38
:1049FC00007A92ED007AA749A6EEA77ACB61B5EEC4
:104A0C00C07AF1EE10FA00F10C81DFED9D7ADFED4A
:104A1C009D6AB4EEE77A9C4AF1EE10FA77FE877A3B
:104A2C0067EEA67AFCEEE77A17EE903A934228BF2F
:104A3C0013469948B3EE047A984AD0ED006AD2ED49
:104A4C00007A9749E6EE887ACB61964B53F824307E
:104A5C00F4EEC77AF1EE10FA00F1C6809FED920ADF
:104A6C009FED927AF4EEC07A0393F1EE10FA30FED9
:104A7C00270A20EE070AF0EE407AFEEEE07A17EEF7
:104A8C00906A18F019FDF0EE407A039BFEEEE07A86
:104A9C0017EE902A8648874990ED007A51F8241039
:104AAC0028EE077A9E61DA61B5EEC07AF1EE10FA63
:104ABC0000F1B580DFED727ADFED726AB4EEE77A61
:104ACC00714AF1EE10FA77FE877A67EEA67AFCEE61
:104ADC00E77A17EE903A934228BF13467648774A06
:104AEC0090ED007A4B6228EE077A52F82410B5EE5E
:104AFC00C07AF1EE10FA00F19080DFED617ADFED13
:104B0C00616AB4EEE77A604AF1EE10FA77FE877AC2
:104B1C0067EEA67AFCEEE77A17EE903A934228BF3E
:104B2C0013466748674AD0ED007A4B6228EE278A15
:104B3C0052F82410B5EEC08AF1EE10FA6BD4DFED0A
:104B4C00507A9FED507AB4EEE78A4F4AF1EE10FAA4
:104B5C0077FE887A67EE877AFCEEE77A17EE903A62
:104B6C00934228BF1346584A4B6252F8243072B60F
:104B7C000022DA611A7662B64FF0E0234022534EDF
:104B8C00C3F80821315DF9B1514F3B782B44994260
:104B9C001AD0504B50481A78504B1B78009303781E
:104BAC000020FFF7BFFA4D4B30551B784A48009355
:104BBC0039784B4A2944037812780120C9B2FFF79F
:104BCC00B1FA3B781D44355504B0BDEC0C8BBDE8F7
:104BDC00F081444A444ED1E500239EE5002337E69C
:104BEC00002312E60023EDE53E4A3F4E52E790FBD0
:104BFC00F3F06FE6BFEE007ADFED3C6AB4EEC67AF6
:104C0C00F1EE10FA37FE067A27EE267ABDEEC77A59
:104C1C0017EE102A3BE60023A5E7002381E70023CB
:104C2C005CE7002305E70023DFE6F7EE007AB4EE3D
:104C3C00E76AF1EE10FA0BDD2D4B72B60022CB6158
:104C4C000A7662B698E772B6CA610B7662B693E7DB
:104C5C00FFEE007A9FED257AF4EEC67AF1EE10FAAB
:104C6C0077FE867A67EE877AFDEEE77A17EE903A52
:104C7C00E3E700230B7662B67EE700BFC079002025
:104C8C000044AC46C637BE470000FE7FD8720020F9
:104C9C00D472002028780020707100206C710020E4
:104CAC00707600201C47002000D08946936515388B
:104CBC0048600020B04600204C600020C046002018
:104CCC0050600020D046002090460020D07200207A
:104CDC00084A01207D61002078610020FC490120F8
:104CEC0077610020DE571700DF57170000FEFF4EDC
:104CFC000000FF7F2DE9F0410446214D82B00846AB
:104D0C0012F068F8295DE0B21E4EFFF74BFC1E4B0B
:104D1C001E4F53F8240009F0ABF91D4BDFF88880C7
:104D2C0053F8240009F0A4F91A4B53F8240009F0A5
:104D3C009FF9194B53F8240009F09AF9315DA1B988
:104D4C0098F800203B78154F295D00923878144A6A
:104D5C00014401201278C9B2FFF7E4F92B5D3A78CF
:104D6C001344335502B0BDE8F0810E4B00201A7885
:104D7C0098F8003000933B78FFF7D4F93055DFE713
:104D8C00B8790020D0720020483D002078610020C6
:104D9C00383D0020183D0020283D0020084A012005
:104DAC00776100207D610020FC4901200149002031
:104DBC00FFF7A0BF2860002001490120FFF79ABF30
:104DCC003060002001490220FFF794BF38600020BA
:104DDC0001490320FFF78EBF406000202DE9F0430E
:104DEC005C4B8FB05C4E1B783578B5FBF3F403FB52
:104DFC00145414F0FF0407D1584A594B92E803009D
:104E0C009980090C18609971564F40F203230322C4
:104E1C0001A938780DF1070C0193B0FBF2F302FBFA
:104E2C001303DBB253B18C4511D011F8012FB0FB39
:104E3C00F2F302FB1303DBB2002BF4D1B5FBF2F35C
:104E4C0002FB1353DBB2B3FA83F35B0900E00123DB
:104E5C00002C4FF00C0014BF0F21EB2103FB01F1D0
:104E6C0013F028F9404BFF2118681971A0B13F4B82
:104E7C003F4AC3181B11D1545378117890788B4248
:104E8C0028BF0B46D1783B4A834228BF03468B424E
:104E9C0028BF0B4682F87A30374B08A9374A32487C
:104EAC000293089311F012FF089B0AA8DB6898473D
:104EBC00029B04A8DB689847314A1378002B37D043
:104ECC00304B31491B688B4209D803EB4303DB00A1
:104EDC00013B102B03D92D49096801B10B6000234C
:104EEC002B490624137033782A4D11F8039049FA94
:104EFC0004F3DA070DD5032CA0462978C8BFA4F11A
:104F0C0003085FFA88F0FFF74DFB29784046FFF75E
:104F1C0099FA013C013D631CE9D133783A780133AD
:104F2C00B3FBF2F102FB113333700FB0BDE8F08329
:104F3C00194B15491B688B4209D803EB4303DB0063
:104F4C00013B102B03D91149096801B10B600123F6
:104F5C00C6E700BF91610020104A0120B8790020FB
:104F6C0084CA002092610020CC5F002000BFF7BFF4
:104F7C00D443002000E400E0702D0020FF3D4900E8
:104F8C0080610020B0CA0020AAAAAA0A646000208E
:104F9C008CCA00208ACA00206CB2002000000000DD
:104FAC006D4BB0EE000B10B52DED068B1B7882B05F
:104FBC00B2EE089B01EE103AB8EE411BCDE90010A1
:104FCC0017F08AFF654A0099B0EE40AB1478B0EE4A
:104FDC00000B634B0C4493ED008A07EE904AB7EE3E
:104FEC00C88AB8EEE71B81EE091B17F075FF5D4B05
:104FFC005D4AA3FB041328EE0A7B92F90020DB0820
:10500C00B5EE00AB03EB4303B0EE406BA4EB8304B3
:10501C00B0EE000B27EE0A7B144427EE067B06EE5F
:10502C00904AB8EEE61B81EE091BB7EEC79B17F052
:10503C0053FF40214FF0E0224C4BB5EEC09A019843
:10504C00C2F8881153F82010F1EE10FA9FED407B56
:10505C0028EE078B28EE0A8B28EE008BB7EEC88B58
:10506C0070D4DFED437A9FED437AB4EEE79A424A6F
:10507C00F1EE10FA77FE897A67EE877AFCEEE77A22
:10508C0017EE903A934228BF1346B5EEC08A3B4ABE
:10509C004B6252F82010F1EE10FA55D4DFED347A51
:1050AC009FED347AB4EEE78A334AF1EE10FA77FECC
:1050BC00887A67EE877AFCEEE77A17EE903A93429D
:1050CC0028BF13462E4CB3EE047ADFF8CCC0D4EDD7
:1050DC00007ADCED006AF8EEE77A2A4ACB6152F8E6
:1050EC002030E6EE897AF4EEC77AF1EE10FA26D487
:1050FC009FED250A9FED257AF4EEC07A0093F1EE30
:10510C0010FA30FE270A20EE070AF0EE407AFEEE87
:10511C00E07A17EE904A18F0CFF9F0EE407A009B47
:10512C00FEEEE07A17EE902A4FF0E0214020C3E922
:10513C000642C1F8080102B0BDEC068B10BD144A42
:10514C00144CF1E70023A0E70023BBE7AFF300808A
:10515C000000000000005040836100201B4A012029
:10516C008C460020ABAAAAAA184A0120E4600020B1
:10517C000044AC46C637BE470000FE7FB46000203A
:10518C0080CB00207860002000D0894693651538CC
:10519C00DE571700DF57170084CB0020224B062A5E
:1051AC009B5600B53CD8DFF890C01CF902E003F127
:1051BC000C0C4FFA8CFC7145C8BF63461B49052883
:1051CC00095616D9002912DD194801F1FF3E014498
:1051DC000EEB4E0E00EB4E0C01EB4E01581E1CF963
:1051EC0001EB40B2724508BF03468C45F6D1184618
:1051FC0000BD0029FBDD0F4801F1FF3E01440EEB21
:10520C004E0E00EB4E0C01EB4E01581C1CF901EB41
:10521C0040B2724508BF03466145F6D1184600BD41
:10522C004FF0000EC3E700BF8C210020DC210020D2
:10523C0094210020B821002084210020374B06EE59
:10524C00102A30B593F90020B8EEC66B344C83B0FD
:10525C0002EB4202334B344D04EB82042D78225C7A
:10526C00A3FB0230C00800EB800300EB4004A2EB70
:10527C004302D3B22D4A10782D4A127819B12D4918
:10528C00097899422CD011462B4A01931278FFF7DA
:10529C0085FF2A4A019B00EB8400126807EE900AF6
:1052AC00D35CB8EEE77B05EE103AB8EEC55B5DB1AA
:1052BC0037EE467B37EE057BFCEEC77BCDED017AF6
:1052CC009DF8040003B030BD37EE067B37EE057B4E
:1052DC00FCEEC77BCDED017A9DF8040003B030BD28
:1052EC00174B11461A78FFF759FF00EB840007EEB5
:1052FC00900AB8EEE77B45B937EE067BFCEEC77B30
:10530C00CDED017A9DF80400DCE737EE467BFCEE30
:10531C00C77BCDED017A9DF80400D3E7044A012048
:10532C00745F0020CDCCCCCC024A0120064A01206F
:10533C00FB4901200B4A0120034A01204847002069
:10534C00154A01202DE9F04F2D4D83B02D4F00242F
:10535C00DFF8C890DFF8C880DFF8C8A004E001349B
:10536C00013501370C2C48D0E6B299F800203046B4
:10537C0006F1180332B9244B9AF800201978FFF77C
:10538C005DFF034698F800202B70002AE7D039788F
:10539C000029E4D0DFF890B000201C4B1A789BF861
:1053AC00003000931A4B1B78FEF7BCFE9BF80030C4
:1053BC00DFF878B000939BF800002978144B014477
:1053CC00144A1B7801201278C9B2FEF7ABFE9BF889
:1053DC0000202B7813443B700F4B53F8240008F03B
:1053EC0083FE0028BBD00134297830460135FFF705
:1053FC00D7FD0C2C07F10107B6D103B0BDE8F08F37
:10540C00C87900202CB20020144A012088610020A9
:10541C008261002081610020583F0020FE4901205C
:10542C00FA490120134A012084610020084A012016
:10543C00374B06EE102A30B593F90020B8EEC66B48
:10544C00344C83B0C2EBC202334B344D14442D7830
:10545C00225CA3FB0230C00800EB800300EB40048D
:10546C00A2EB4302D3B22E4A10782E4A127819B10D
:10547C002D49097899422CD011462C4A0193127867
:10548C00FFF78CFE2A4A019B00EB8400126807EEA2
:10549C00900AD35CB8EEE77B05EE103AB8EEC55B2C
:1054AC005DB137EE467B37EE057BFCEEC77BCDED71
:1054BC00017A9DF8040003B030BD37EE067B37EE61
:1054CC00057BFCEEC77BCDED017A9DF8040003B0A3
:1054DC0030BD184B11461A78FFF760FE00EB8400C4
:1054EC0007EE900AB8EEE77B45B937EE067BFCEE8B
:1054FC00C77BCDED017A9DF80400DCE737EE467BE7
:10550C00FCEEC77BCDED017A9DF80400D3E700BF1C
:10551C00FD490120E0460020CDCCCCCC024A012034
:10552C00064A0120FB4901200B4A0120034A0120B5
:10553C0048470020154A012002380B46F0B583B0CD
:10554C00E92800F21181DFE810F00C12C611C1112C
:10555C00BC11B311AD110F010F01AB11A511A311AA
:10556C009D1197118D1187117D110F010F016A117A
:10557C006311DD15D9152316B91493136C13451348
:10558C007D12881481146C146514951491140F01F8
:10559C000F010F010F019914730DB81931199517DB
:1055AC006D17DD18B51827152315A91904198119BC
:1055BC00BD163A1813185919BE0D661862188D18B5
:1055CC002817E217BA17E113C0135616010DDF0C9A
:1055DC00BE0C990C7A0C590C3A0C0A0FB50EDA0E5B
:1055EC00850E590E310E0D0EE90D381014105C108D
:1055FC00530FAC1005108010220D99167516041758
:10560C00BC13FB14D914E2169A0D741552154311E0
:10561C00ED10B11507147B15360C470B400BFB0B2B
:10562C000F010F010F010F010F010F010F010F01EE
:10563C000F010F010F01280B100CE20B010CE90AF2
:10564C00A30B5D0BBC0B0F0B4E0BC10A9D0A790A09
:10565C002C0A080A000AF809500AEA00CF0989093D
:10566C005709280980091909ED08C4089D08740810
:10567C001908CC076A06530650070B073F08151A82
:10568C00B105BD077807FF1965081C06BE0695060F
:10569C00E406F4035B0532050705E904C1049B0429
:1056AC0073041C04EC058105C005CD03AA03870314
:1056BC00640341030C03FC19CC022F033C0264026B
:1056CC006102A102A1011102EA01C701A4017E013C
:1056DC005B01440141010F010F010F010F010F018B
:1056EC000F010F010F010F010F010F010F010F012E
:1056FC000F010F010F010F010F010F010F013E01EF
:10570C003B013801350132012F012C012901260101
:10571C00230120011D011A0117011401110107EECB
:10572C00901ADFEDBF6ABF4B4FF6FF7EB8EEE77AFB
:10573C00DFEDBD7AD3E900C0F4EEC77AD3E90212EB
:10574C00F1EE10FA77FE877A67EEA67AFCEEE77A2E
:10575C0017EE903A0733DB08734528BF7346ACF855
:10576C002C3083858B85938503B0F0BDAF4AD17304
:10577C00FAE7AE4A9173F7E7AC4A5173F4E7AB4AD8
:10578C001173F1E7A94AD172EEE7A84A9172EBE7DF
:10579C00A64A5172E8E7A54A1172E5E7A34AD1710E
:1057AC00E2E7A24A9171DFE7A04A5171DCE79F4A18
:1057BC001171D9E79D4AD170D6E79C4A9170D3E715
:1057CC009A4A5170D0E7994A1170CDE7984A116006
:1057DC00CAE798491E46984A0C781578974B984A10
:1057EC00214601931670954A981A2A46C0B2FFF7C3
:1057FC001FFE019B934A03F8010B9A42EFD1B3E7CA
:10580C0007EE901ADFED905AB8EEE77B9FED824BD6
:10581C0087EE046BB7EEC66BB4EEE56AF1EE10FAE8
:10582C0003F34782DFED897AF4EEC67AF1EE10FAD3
:10583C0077FE867AB0EE677ABEEEC87A17EE103A2B
:10584C00834A936190E707EE901ADFED7F6AB8EE1A
:10585C00E74B9FED715B84EE057BB7EEC77BB4EE37
:10586C00E67AF1EE10FA03F3AD81DFED787AF4EE1F
:10587C00C77AF1EE10FA77FE877AB0EE677ABEEE51
:10588C00C87A17EE103A734A13626DE7724A1180A8
:10589C006AE707EE901ADFED6C6AB8EEE74B9FED06
:1058AC005E5B84EE057BB7EEC77BB4EEE67AF1EE79
:1058BC0010FA03F38481DFED657AF4EEC77AF1EE2A
:1058CC0010FA77FE877AB0EE677ABEEEC87A17EEDA
:1058DC00103A604AD36147E707EE901ADFED5A6A37
:1058EC00B8EEE74B9FED4C5B84EE057BB7EEC77BC8
:1058FC00B4EEE67AF1EE10FA03F36781DFED537A3A
:10590C00F4EEC77AF1EE10FA77FE877AB0EE677A8A
:10591C00BEEEC87A17EE103A4E4A936124E707EEB2
:10592C00901ADFED4E6AB8EEE74B9FED3B5B84EED1
:10593C00057BB7EEC77BB4EEE67AF1EE10FA03F115
:10594C004781F1EE047AF7EE006AB4EEE77AF1EEF5
:10595C0010FA37FE877AC6EE877AB0EE677ABEEE1B
:10596C00C17A17EE103A3E4A5362FDE607EE901AE2
:10597C00B8EEE77AF3EE047AB4EEE77AF1EE10FAC9
:10598C0003F14C81DFED377ADFED376AB4EEE77A5D
:10599C00F1EE10FA77FE877A27EEA60AF0EE407A3F
:1059AC00FEEEE07ACDED017A17F086FDF0EE407A4E
:1059BC00019BFEEEE07A17EE901A294AC2E90631F5
:1059CC00D2E607EE901A294ADFED295AF8EEE77A6B
:1059DC00D2ED006A9FED277A66EEA56A264937EE6E
:1059EC00A76A264AC1ED007A254BC7EE067A86EEE9
:1059FC00867ABCEEC77AF8EE476A82ED007A77EECB
:105A0C00E67AFCEEE77AC3ED007AADE61D4A11703A
:105A1C00AAE61D4A1170A7E60000000000005940DC
:105A2C0066663042183D0020000000008CCA002041
:105A3C00E0B00020144A0120134A0120C079002054
:105A4C0079610020C479002000FEFF4600FEFFC6ED
:105A5C0078730020D0750020746100203333333FFD
:105A6C00686B002000D0894693651538746000205F
:105A7C00C0E1644CC0E1E44C606000206CB20020DA
:105A8C00B0CA0020916100209261002007EE901AAC
:105A9C00D34BDFEDD45AB8EEE74B9FEDD35AD34935
:105AAC00D34A9FEDCD7B84EE076B93ED007AD14BFF
:105ABC0037EE077AC5EE077AB7EEC66B66EE255A57
:105ACC0081ED006AC5EE876ABCEEE67AF8EE476AAD
:105ADC0082ED007A77EEE67AFCEEE77AC3ED007A97
:105AEC0042E607EE901ADFEDC45AB8EEE73BB7EE8C
:105AFC00007B9FEDB94B83EE046B37EE467BB7EE24
:105B0C00C77BB4EEE57AF1EE10FA03F37080DFEDAB
:105B1C00BB7AF4EEC77AF1EE10FA77FE877AB0EE24
:105B2C00677ABEEEC87A17EE103AB7EEC66BDFEDA9
:105B3C00B27AB34AB4EEE76A9361F1EE10FA03F36A
:105B4C005380DFEDAE7AF4EEC67AF1EE10FA77FE02
:105B5C00867AB0EE677ABEEEC87A17EE103AD36149
:105B6C0002E607EE901ADFEDA46AB8EEE74B9FED64
:105B7C009A5B84EE057BB7EEC77BB4EEE67AF1EE6A
:105B8C0010FA03F34F80DFED9D7AF4EEC77AF1EE55
:105B9C0010FA77FE877AB0EE677ABEEEC87A17EE07
:105BAC00103A984AD361DFE507EE901A964BF8EE5F
:105BBC00E77AC3ED007AFEF79FFC40F2011293499D
:105BCC00934803B0BDE8F04008F02EBB07EE901AE6
:105BDC00DFED896AB8EEE74B9FED7F5B84EE057BCA
:105BEC00B7EEC77BB4EEE67AF1EE10FA02F3F98762
:105BFC00DFED827AF4EEC77AF1EE10FA77FE877A4F
:105C0C00B0EE677ABEEEC87A17EE103A7D4A936111
:105C1C00AAE507EE901ADFED786AB8EEE74B9FED38
:105C2C006E5B84EE057BB7EEC77BB4EEE67AF1EEE5
:105C3C0010FA02F3D087DFED717AF4EEC77AF1EE49
:105C4C0010FA77FE877AB0EE677ABEEEC87A17EE56
:105C5C00103A704A536287E507EE901ADFED666AD8
:105C6C00B8EEE74B9FED5C5B84EE057BB7EEC77B34
:105C7C00B4EEE67AF1EE10FA02F3B087DFED5F7A5C
:105C8C00F4EEC77AF1EE10FA77FE877AB0EE677A07
:105C9C00BEEEC87A17EE103A5E4A136264E507EE60
:105CAC00901ADFED556AB8EEE74B9FED4B5B84EE37
:105CBC00057BB7EEC77BB4EEE67AF1EE10FA02F391
:105CCC00B487DFED4E7AF4EEC77AF1EE10FA77FE78
:105CDC00877AB0EE677ABEEEC87A17EE103A4D4A64
:105CEC00D36141E507EE901ADFED4B6AB8EEE74B56
:105CFC009FED395B84EE057BB7EEC77BB4EEE67A9D
:105D0C00F1EE10FA02F1BA87F1EE047AF7EE006ABE
:105D1C00B4EEE77AF1EE10FA37FE877AC6EE877AA0
:105D2C00B0EE677ABEEEC17A17EE103A3B4A536278
:105D3C001AE507EE901ADFED3D6A4FF6FF71384A0F
:105D4C00B8EEE77ADFED377A02F11000F4EEC77A9D
:105D5C00F1EE10FA77FE877A67EEA67AFCEEE77A18
:105D6C0017EE903A0733DB08994228BF1946002BEF
:105D7C0014BF0B46012352F8041B8242CB85FAD187
:105D8C00F2E407EE901ADFED296A4FF6FF71264A0E
:105D9C00B8EEE77ADFED237A4FF0010E02F1100C2A
:105DAC00F4EEC77AF1EE10FA77FE877A67EEA67AF0
:105DBC00FCEEE77A17EE903A0733DB088B4228BFEC
:105DCC000B4652F8041B888ECB8608B9A1F834E038
:105DDC009445F6D1C8E400BF000000000000594013
:105DEC0060600020C0E1644CC0E1E44C74600020B1
:105DFC006CB20020B0CA002000FEFF4600FEFFC6B9
:105E0C00407300209873002070610020140801205A
:105E1C001C730020347100203333333FB06B0020EF
:105E2C00483D002000000000383D002066663042EE
:105E3C0007EE901A5FED036A4FF6FF71DA4AB8EE7F
:105E4C00E77ADFEDDA7A02F11000F4EEC77AF1EEC0
:105E5C0010FA77FE877A67EEA67AFCEEE77A17EEF1
:105E6C00903A0733DB08994228BF1946002B14BF20
:105E7C000B46012352F8041B9042CB85FAD173E4F4
:105E8C0007EE901ADFEDCA6AC74B4FF6FF7EB8EEED
:105E9C00E77ADFEDC67AD3E900C0F4EEC77AD3E92E
:105EAC000212F1EE10FA77FE877A67EEA67AFCEE14
:105EBC00E77A17EE903A0733DB08734528BF734631
:105ECC00ACF82C3083858B8593854DE407EE901AC6
:105EDC00DFEDB76A4FF6FF71B34AB8EEE77ADFED44
:105EEC00B37A02F11000F4EEC77AF1EE10FA77FEF5
:105EFC00877A67EEA67AFCEEE77A17EE903A0733CC
:105F0C00DB08994228BF1946002B14BF0B4601230E
:105F1C0052F8041B90424B85FAD125E407EE901AF7
:105F2C00B7EE005BF7EE006AB8EEE73B9FED9C4BDB
:105F3C0083EE047B37EE457BB7EEC77BB4EEE67A97
:105F4C00F1EE10FA43F3CB809A4B72B69A4A0021C9
:105F5C00D361117662B607E407EE901ADFED946A0E
:105F6C004FF6FF71954AB8EEE77ADFED907A4FF075
:105F7C00010E02F1100CF4EEC77AF1EE10FA77FE76
:105F8C00877A67EEA67AFCEEE77A17EE903A07333B
:105F9C00DB088B4228BF0B4652F8041B888ECB863D
:105FAC0008B9A1F834E09445F6D1FFF7DDBB07EE54
:105FBC00901ADFED7F6A4FF6FF71804AB8EEE77AF0
:105FCC00DFED7A7A02F11000F4EEC77AF1EE10FAF6
:105FDC0077FE877A67EEA67AFCEEE77A17EE903AB0
:105FEC000733DB08994228BF1946002B14BF0B4618
:105FFC00012352F8041B90428B86FAD1FFF7B4BBF5
:10600C0007EE901A6D4B6E4AB8EEE75B53F8041B23
:10601C009FED636B85EE067BB7EEC77BB5EEC07A62
:10602C00F1EE10FA02F1E987F7EE006AB4EEE67AC7
:10603C00F1EE10FA76FE877AFEEEC17A9A42C1ED45
:10604C000C7A3FF491AB53F8041BEFE707EE901A70
:10605C009FED567A9FED566AF8EEE76A594AF6EECE
:10606C00007A5949B4EEE67A087EF1EE10FA37FE62
:10607C00267AE7EE067AFCEEE77A17EE903A934230
:10608C0028BF1346C40703F17F024FEAD21202F174
:10609C00010202F1D385B1F81EC040F001000B6281
:1060AC006245087688BFCA83FFF75EBB07EE901A7D
:1060BC00464BB8EEE75B9FED3A6B85EE067BB7EE91
:1060CC00C77B83ED007AFFF74FBB07EE901AB8EE53
:1060DC00E77AF3EE047AB4EEE77AF1EE10FA02F115
:1060EC00B885DFED3B7ADFED3B6AB4EEE77AF1EE93
:1060FC0010FA77FE877A27EEA60AF0EE407AFEEECB
:10610C00E07ACDED017A17F0D7F9F0EE407A019BE9
:10611C00FEEEE07A17EE901A2F4AC2E90631FFF72D
:10612C0023BB07EE901AB5EE005BDFED2C6AB8EEE0
:10613C00E73B2B4B2B4853F8042B9FED194B83EE6D
:10614C00047B27EE057BB7EEC77BB4EEE67AF1EE67
:10615C0010FA02F38285DFED246AF4EEC76AF1EEE1
:10616C0010FA76FE877AB0EE676A9842BEEEC86A7D
:10617C0082ED066A82ED076A3FF4F6AA53F8042B07
:10618C00EBE707EE901A194BB8EEE75B9FED046B4B
:10619C0085EE067BB7EEC77B83ED007AFFF7E4BA9A
:1061AC000000000000005940383D002000000000B5
:1061BC00666630420000FF7F00780020483D0020DA
:1061CC00583D002000B10200D4790020D472002088
:1061DC0000D0894693651538B06B002000FEFF4651
:1061EC000C4700201C47002000FEFFC6E072002078
:1061FC00D549D648CB5600220B2B0262438602F0BF
:10620C0014840C2B02F05784093B012B3FF6ACAAEB
:10621C00C169383003B0BDE8F04009F067BC07EE47
:10622C00901ADFEDCB6A4FF6FF71CA4AB8EEE77AE7
:10623C00DFEDC97A4FF0010E02F1100CF4EEC77AC3
:10624C00F1EE10FA77FE877A67EEA67AFCEEE77A23
:10625C0017EE903A0733DB088B4228BF0B4652F8F7
:10626C00041B888ECB8608B9A1F834E06245F6D1C0
:10627C00FFF77ABA07EE901ADFEDB56A4FF6FF71A9
:10628C00B64AB8EEE77ADFEDB47A02F11000F4EE1C
:10629C00C77AF1EE10FA77FE877A67EEA67AFCEEF3
:1062AC00E77A17EE903A0733DB08994228BF194674
:1062BC00002B14BF0B46012352F8041B90424B8554
:1062CC00FAD1FFF751BA07EE901A9FED9B5BB8EE2F
:1062DC00E74B9FED9B6B84EE057B37EE067BB7EEB1
:1062EC00C77BB5EEC07AF1EE10FA02F10A86F7EE32
:1062FC00007AB4EEE77AF1EE10FA77FE877AB0EE18
:10630C00677ABEEEC87A17EE103A954A5362FFF7D9
:10631C002BBA07EE901ADFED8E6A904B4FF6FF7E8C
:10632C00B8EEE77ADFED8C7AD3E900C0F4EEC77AE9
:10633C00D3E90212F1EE10FA77FE877A67EEA67AAD
:10634C00FCEEE77A17EE903A0733DB08734528BF6B
:10635C007346ACF82C3083858B859385FFF704BA94
:10636C0007EE901A9FED745BB8EEE74B9FED747BD4
:10637C0084EE056B36EE077BB7EEC77BB5EEC07AC5
:10638C00F1EE10FA02F13686F7EE007AB4EEE77A07
:10639C00F1EE10FA77FE877AB0EE677ABEEEC87A25
:1063AC0017EE103AB7EE007B684AFFEE005A5362C4
:1063BC0037EE467BB7EEC77BB4EEE57AF1EE10FA1A
:1063CC0002F11586F7EE007ADFED666AB4EEE77A35
:1063DC00F1EE10FA77FE877A67EEA67AFDEEE77A91
:1063EC0017EE903A9386FFF7BFB907EE901A9FED20
:1063FC00526BB8EEE75B85EE067BB7EEC77BB5EE6E
:10640C00C07AF1EE10FA02F12886DFED577ADFED53
:10641C00576AB4EEE77A564AF1EE10FA77FE877AAD
:10642C0067EEA67AFCEEE77A17EE903A934242F2C8
:10643C00F386464BDA61FFF797B907EE901AB7EE81
:10644C00006BF7EE005A0423B8EEE72BBFEE005AB0
:10645C009FED393B9FED3A7B82EE034B34EE077B8D
:10646C0036EE446BB7EEC77BB7EEC66BB5EEC07AB3
:10647C00F1EE10FA02F1FD82B4EEE57AF1EE10FACB
:10648C00B4EEC56A75FE877AFEEEC87AF1EE10FAA4
:10649C0002F1E982013BE9D1B7EE007ADFED316A16
:1064AC00B4EEC76AF1EE10FA37FE067A27EE267ABA
:1064BC00BDEEC77A17EE101A2E4BC3ED097A9986EA
:1064CC00FFF752B907EE901A2B4BB8EEE75B9FED36
:1064DC001A6B85EE067BB7EEC77B83ED007AFFF770
:1064EC0043B907EE901ADFED1A6A4FF6FF71194A9D
:1064FC00B8EEE77ADFED187A02F11000F4EEC77A05
:10650C00F1EE10FA77FE877A67EEA67AFCEEE77A60
:10651C0017EE903A0733DB08994228BF1946002B37
:10652C0014BF0B46012352F8041B82428B86FAD10E
:10653C00FFF71AB9AFF300800000000000005940CB
:10654C007B14AE47E17A843F64610020D073002055
:10655C0066663042283D002000000000483D0020C7
:10656C002878002000FEFF460044AC46C637BE47E4
:10657C000000FE7F70760020D872002007EE901A83
:10658C00CB4BCC4AB8EEE75B53F8041B9FEDC66BC4
:10659C0085EE067BB7EEC77BB5EEC07AF1EE10FA4E
:1065AC0002F13A85F7EE006AB4EEE67AF1EE10FAF3
:1065BC0076FE877AFEEEC17A9A42C1ED0C7A3FF4F0
:1065CC00D3A853F8041BEFE707EE901ABA4BBB4A5B
:1065DC00B8EEE75B53F8041B9FEDB36B85EE067BBF
:1065EC00B7EEC77BB5EEC07AF1EE10FA02F1238557
:1065FC00DFEDB36AB4EEE67AF1EE10FA76FE877A46
:10660C00FEEECA7A9A42C1ED087A3FF4ADA853F86F
:10661C00041BEFE707EE901AAA4BB8EEE75B9FED71
:10662C00A26B85EE067BB7EEC77B83ED007AFFF796
:10663C009BB807EE901ADFEDAB6A4FF6FF719C4AE0
:10664C00B8EEE77ADFEDA07A02F11000F4EEC77A2B
:10665C00F1EE10FA77FE877A67EEA67AFCEEE77A0F
:10666C0017EE903A0733DB08994228BF1946002BE6
:10667C0014BF0B46012352F8041B9042CB85FAD170
:10668C00FFF772B807EE901ADFED966A884B4FF65B
:10669C00FF7EB8EEE77ADFED8C7AD3E900C0F4EE3A
:1066AC00C77AD3E90212F1EE10FA77FE877A67EE19
:1066BC00A67AFCEEE77A17EE903A0733DB087345BF
:1066CC0028BF7346ACF82C3083858B859385FFF7F8
:1066DC004BB807EE901ADFED836A4FF6FF71744AE0
:1066EC00B8EEE77ADFED787A02F11000F4EEC77AB3
:1066FC00F1EE10FA77FE877A67EEA67AFCEEE77A6F
:10670C0017EE903A0733DB08994228BF1946002B45
:10671C0014BF0B46012352F8041B82424B85FAD15D
:10672C00FFF722B807EE901ADFED686A624BB8EEFD
:10673C00E74B624A53F8041B9FED5B5B84EE057BD1
:10674C00B7EEC77BB4EEE67AF1EE10FA02F12582D1
:10675C00F1EE046AF7EE005AB4EEE67AF1EE10FAB6
:10676C0036FE876AC5EE867A9A42FEEEC17AC1ED94
:10677C00097A3EF4F9AF53F8041BEDE707EE901AD3
:10678C00534BB8EEE75B9FED486B85EE067BB7EE9F
:10679C00C77B83ED007AFEF7E7BF07EE103ADFED1B
:1067AC004A7ADFED506A4FF6FF70B8EEC77A494966
:1067BC0001F1100EF4EEC77AF1EE10FA77FE877A3B
:1067CC0067EEA67AFCEEE77A17EE902A0732D2082B
:1067DC00824228BF024651F8040BB0F834C0C2867E
:1067EC00BCF1000F02D14FF0010484867145F2D147
:1067FC00394A1360FEF7B8BF07EE901ADFED396A1D
:10680C004FF6FF71334AB8EEE77ADFED2F7A02F1DB
:10681C001000F4EEC77AF1EE10FA77FE877A67EE85
:10682C00A67AFCEEE77A17EE903A0733DB0899422A
:10683C0028BF1946002B14BF0B46012352F8041B2A
:10684C0090428B86FAD1FEF78FBF07EE901A234B3E
:10685C00F8EEE77AC3ED007AFEF786BF07EE901AE2
:10686C001C4B1F4AB8EEE75B53F8041B9FED0E6BF5
:10687C0085EE067BB7EEC77BB5EEC07AF1EE10FA6B
:10688C0002F11E84F7EE006AB4EEE67AF1EE10FA2D
:10689C0076FE877AFEEEC17A9A42C1ED0C7A3EF40E
:1068AC0063AF53F8041BEFE70000000000005940F1
:1068BC00283D0020383D00201C4700202C4700209C
:1068CC002EFFDF40DC720020000000003333333F2A
:1068DC0070710020183D0020CC7200206C710020DB
:1068EC00283D00206666304207EE901A5FED036A81
:1068FC004FF6FF71CE4AB8EEE77ADFEDCE7A02F1B1
:10690C001000F4EEC77AF1EE10FA77FE877A67EE94
:10691C00A67AFCEEE77A17EE903A0733DB08994239
:10692C0028BF1946002B14BF0B46012352F8041B39
:10693C008242CB85FAD1FEF717BF4FF47A72BE496B
:10694C0002FB03F30B60FEF70FBF4FF47A72BB49E7
:10695C0002FB03F30B60FEF707BF07EE901ADFEDA7
:10696C00B86AB8EEE74B9FEDB05B84EE057BB7EEF3
:10697C00C77BB4EEE67AF1EE10FA02F30881DFED94
:10698C00B17AF4EEC77AF1EE10FA77FE877AB0EEB0
:10699C00677ABEEEC87A17EE103AAB4A5362FEF72E
:1069AC00E3BE07EE901ADFEDA66AB8EEE74B9FED5B
:1069BC009E5B84EE057BB7EEC77BB4EEE67AF1EE18
:1069CC0010FA02F3E780DFED9F7AF4EEC77AF1EE6E
:1069DC0010FA77FE877AB0EE677ABEEEC87A17EEB9
:1069EC00103A994A1362FEF7BFBE07EE901ADFED1C
:1069FC00976A4FF6FF718E4AB8EEE77ADFED8D7A23
:106A0C0002F11000F4EEC77AF1EE10FA77FE877AF5
:106A1C0067EEA67AFCEEE77A17EE903A0733DB08BE
:106A2C00994228BF1946002B14BF0B46012352F87C
:106A3C00041B90424B85FAD1FEF796BE07EE901AD6
:106A4C00DFED7F6AB8EEE74B9FED775B84EE057B5D
:106A5C00B7EEC77BB4EEE67AF1EE10FA02F3E880FB
:106A6C00DFED787AF4EEC77AF1EE10FA77FE877ADA
:106A7C00B0EE677ABEEEC87A17EE103A724AD3615E
:106A8C00FEF772BE07EE901ADFED6D6AB8EEE74BBB
:106A9C009FED655B84EE057BB7EEC77BB4EEE67AC3
:106AAC00F1EE10FA02F3C780DFED667AF4EEC77AE6
:106ABC00F1EE10FA77FE877AB0EE677ABEEEC87AFE
:106ACC0017EE103A604A9361FEF74EBE07EE901A2D
:106ADC00DFED5B6A5E4BB8EEE74B5E4A53F8041B86
:106AEC009FED515B84EE057BB7EEC77BB4EEE67A87
:106AFC00F1EE10FA02F33480DFED526AF4EEC76A5D
:106B0C00F1EE10FA76FE877AFEEEC87A9A42C1ED63
:106B1C00097A3EF429AE53F8041BEFE707EE901AFE
:106B2C004D4B4E4AB8EEE75B53F8041B9FED3E6BA2
:106B3C0085EE067BB7EEC77BB5EEC07AF1EE10FAA8
:106B4C0002F1F481F7EE006AB4EEE67AF1EE10FA97
:106B5C0076FE877AFEEEC87A9A42C1ED0B7A3EF445
:106B6C0003AE53F8041BEFE73D4D3E4C2A4652F85A
:106B7C00040B1546E2560B2AA2F1090180F83822C3
:106B8C0001F041870C2A01F0E087012941F2B98715
:106B9C00354AAA42EAD1FEF7E7BD34491E46344ACB
:106BAC000C781578334B344A214601931670314AD0
:106BBC00981A2A46C0B2FEF73BFC019B2F4A03F8F9
:106BCC00010B9342EFD1FEF7CFBD01292C4AB8BF80
:106BDC0001231370FEF7C8BD01292A4AB8BF01234F
:106BEC001370FEF7C1BD07EE901A274BB8EEE75BAA
:106BFC009FED0D6B85EE067BB7EEC77B83ED007AC0
:106C0C00FEF7B2BD07EE901A204BB8EEE75B9FED96
:106C1C00066B85EE067BB7EEC77B83ED007AFEF73D
:106C2C00A3BD00BFAFF3008000000000000059407E
:106C3C00183D00200000000058600020C85F0020B4
:106C4C0000FEFF4600FEFFC6E4720020666630427E
:106C5C002C4700203C470020C0460020D046002096
:106C6C00D046002064610020E0460020144A012038
:106C7C00134A0120C0790020FD490120C77900206A
:106C8C008261002078610020506000204C60002060
:106C9C00D54DD64C2A4652F8040B1546E2560B2A13
:106CAC00A2F1090180F8382201F0D4860C2A01F0F7
:106CBC00EC86012941F24087CD498D42EAD1FEF79D
:106CCC0053BD07EE901ACB4BCB4AB8EEE75B53F8AB
:106CDC00041B9FEDC36B85EE067BB7EEC77BB5EE51
:106CEC00C07AF1EE10FA02F1C081F7EE006AB4EE50
:106CFC00E67AF1EE10FA76FE877AFEEEC87A9A42C0
:106D0C00C1ED0B7A3EF430AD53F8041BEFE7BB4DED
:106D1C00B64C2A4652F8040B1546E2560B2AA2F141
:106D2C00090180F8382201F077860C2A01F0B88628
:106D3C00012941F2EF86B24AAA42EAD1FEF714BD0C
:106D4C00B04AC1F101031370FEF70EBD07EE901AA5
:106D5C00AD4BB8EEE75B9FEDA26B85EE067BB7EE15
:106D6C00C77B83ED007AFEF7FFBC07EE901AA34BAE
:106D7C00A34AB8EEE75B53F8041B9FED996B85EEC5
:106D8C00067BB7EEC77BB5EEC07AF1EE10FA02F1D6
:106D9C00BB80F7EE006AB4EEE67AF1EE10FA76FEFE
:106DAC00877AFEEEC87A9A42C1ED0B7A3EF4DCACDF
:106DBC0053F8041BEFE7954A1170FEF7D5BC07EEAC
:106DCC00901ADFED936A4FF6FF71924AB8EEE77AAC
:106DDC00DFED917AF4EEC77AF1EE10FA77FE877A4E
:106DEC0067EEA67AFCEEE77A17EE903A0733DB08EB
:106DFC008B4228BF0B469385FEF7B6BC07EE901A64
:106E0C00DFED836AB8EEE77ADFED837AF4EEC77ACA
:106E1C00F1EE10FA77FE877A67EEA67AFCEEE77A47
:106E2C0017EE903A0733DB0801F0AC864FF6FF7192
:106E3C00784A8B4228BF0B465385FEF795BC07EE6C
:106E4C00901AB7EE005BF7EE006AB8EEE73B9FEDE9
:106E5C00644B83EE047B37EE457BB7EEC77BB4EE19
:106E6C00E67AF1EE10FA42F319816C4B72B66C4A69
:106E7C000021D361117662B6FEF776BC07EE901A4C
:106E8C00DFED636A4FF6FF70664AB8EEE77ADFED26
:106E9C00627A918EF4EEC77AF1EE10FA77FE877A69
:106EAC0067EEA67AFCEEE77A17EE903A0733DB082A
:106EBC00834228BF0346D38600297EF455AC0123B8
:106ECC009386FEF751BC07EE901ADFED516A4FF630
:106EDC00FF71544AB8EEE77ADFED4F7AF4EEC77AD9
:106EEC00F1EE10FA77FE877A67EEA67AFCEEE77A77
:106EFC0017EE903A0733DB08994228BF1946918662
:106F0C00002B7EF431ACDAE707EE901A9FED346B70
:106F1C00B8EEE75B85EE067BB7EEC77BB5EEC07AC5
:106F2C00F1EE10FA02F1B380F7EE007AB4EEE77AE4
:106F3C00F1EE10FA77FE877AB0EE677ABEEEC17A80
:106F4C0017EE103A374A1363FEF70EBC07EE901A91
:106F5C00DFED2F6AB8EEE77ADFED2F7AF4EEC77A21
:106F6C00F1EE10FA77FE877A67EEA67AFCEEE77AF6
:106F7C0017EE903A0733DB0801F0C6864FF6FF7127
:106F8C00284A8B4228BF0B46D385FEF7EDBB07EE94
:106F9C00901ADFED256AB8EEE74B9FED115B84EE9E
:106FAC00057BB7EEC77BB4EEE67AF1EE10FA01F191
:106FBC008686F1EE047AF7EE006AB4EEE77AF1EE2B
:106FCC0010FA37FE877AC6EE877AB0EE677ABEEE95
:106FDC00C17A17EE103A154A5362FEF7C5BB00BFD3
:106FEC000000000000005940C046002064610020F1
:106FFC00D0460020D0460020E0460020B0460020BD
:10700C00C04600208461002048600020184A0120FE
:10701C0066663042D0AA0020000000000000FF7F0E
:10702C0080D0002008AB00203333333F306C00207D
:10703C0007EE901ADC4BDD4AB8EEE75B53F8041B05
:10704C009FEDD76B85EE067BB7EEC77BB5EEC07AAE
:10705C00F1EE10FA01F1C786F7EE006A01E053F881
:10706C00041BB4EEE67AF1EE10FA76FE877AFEEEA9
:10707C00C87A9A42C1ED0B7AF1D1FEF775BB07EED7
:10708C00901ADFEDDA6AB8EEE74B9FEDC55B84EE44
:10709C00057BB7EEC77BB4EEE67AF1EE10FA01F39E
:1070AC002686DFEDC37AF4EEC77AF1EE10FA77FE9E
:1070BC00877AB0EE677ABEEEC87A17EE103ABD4A00
:1070CC009361FEF751BB07EE901ADFEDBB6A4FF6EA
:1070DC00FF73BA4AB8EEE77ADFEDB97A4FF0010EDA
:1070EC0002F1300CF4EEC77AF1EE10FA77FE877AE3
:1070FC0067EEA67AFCEEE77A17EE901A0731C9080C
:10710C00994228BF194652F8043B988ED98608B983
:10711C00A3F834E09445F6D1FEF726BB07EE901A9F
:10712C00DFEDB26AB8EEE74B9FED9D5B84EE057B1D
:10713C00B7EEC77BB4EEE67AF1EE10FA01F3F78501
:10714C00DFED9B7AF4EEC77AF1EE10FA77FE877AD0
:10715C00B0EE677ABEEEC87A17EE103A994A13620F
:10716C00FEF702BB07EE901ADFEDA06AB8EEE74B14
:10717C009FED8B5B84EE057BB7EEC77BB4EEE67AB6
:10718C00F1EE10FA01F3FD85DFED897AF4EEC77AA2
:10719C00F1EE10FA77FE877AB0EE677ABEEEC87A17
:1071AC0017EE103A874AD361FEF7DEBA07EE901A53
:1071BC00DFED856AB8EEE74B9FED795B84EE057BDE
:1071CC00B7EEC77BB4EEE67AF1EE10FA01F1DC858E
:1071DC00F1EE047AF7EE006AB4EEE77AF1EE10FA0B
:1071EC0037FE877AC6EE877AB0EE677ABEEEC17A42
:1071FC0017EE103A754A5362FEF7B6BA07EE901ABC
:10720C00B8EEE77AF3EE047AB4EEE77AF1EE10FA20
:10721C0001F19085DFED6E7ADFED6E6AB4EEE77A00
:10722C00F1EE10FA77FE877A27EEA60AF0EE407A96
:10723C00FEEEE07ACDED017A16F03EF9F0EE407AF2
:10724C00019BFEEEE07A17EE901A604AC2E9063115
:10725C00FEF78ABA07EE901A9FED597A9FED566A9F
:10726C00F8EEE76A5C4AF6EE007A5C49B4EEE67A30
:10727C00087EF1EE10FA37FE267AE7EE067AFCEE7F
:10728C00E77A17EE903A934228BF1346C60703F1EC
:10729C007F024FEAD21202F1010201F14F85B1F8DF
:1072AC001EC040F001000B626245087688BFCA839D
:1072BC00FEF75ABA07EE901ADFED3F6A4FF6FF70F1
:1072CC00474AB8EEE77ADFED3E7A918EF4EEC77A54
:1072DC00F1EE10FA77FE877A67EEA67AFCEEE77A83
:1072EC0017EE903A0733DB08834228BF0346D38658
:1072FC0000297EF439AA01239386FEF735BA07EEEE
:10730C00901AF2EE086A284BB8EEE74B274853F870
:10731C00042B9FED235B84EE057BB7EEC77BB4EEAD
:10732C00E67AF1EE10FA01F31485DFED2E6A0021F6
:10733C009FED2D6A01E053F8042BF4EEC76A82F836
:10734C003912F1EE10FA76FE877A67EE867A984259
:10735C00FCEEE77AC2ED0A7AEDD1FEF705BA07EE3C
:10736C00901ADFED156AB8EEE77ADFED157AF4EED8
:10737C00C77AF1EE10FA77FE877A67EEA67AFCEE02
:10738C00E77A17EE903A0733DB0801F000854FF6E9
:10739C00FF71134A8B4228BF0B46D385FEF7E4B925
:1073AC000000000000005940E4600020146100203F
:1073BC0000FEFFC628CB002066663042883F0020C6
:1073CC000000000048CB00203333333FF06B00202B
:1073DC0000D089469365153800B10200A48F0020B7
:1073EC00D0AA0020CDCCCC3D0000804500FEFF464D
:1073FC0007EE901A5FED036AB8EEE74B9FEDDE5B8C
:10740C0084EE057BB7EEC77BB4EEE67AF1EE10FAAC
:10741C0001F38A84DFEDDA7AF4EEC77AF1EE10FA32
:10742C0077FE877AB0EE677ABEEEC87A17EE101A3E
:10743C0007EE903AD34AD44BB7EE006AF8EEE76AFF
:10744C0092ED005AB7EE007B93ED004ACF4B26EE3F
:10745C00855AB7EEC44A99619FEDC72BB7EEC55A52
:10746C0085EE023B37EE437B27EE047BB7EEC77B02
:10747C00B4EEC67AF1EE10FA41F3A384C44972B6A5
:10748C00C448D0F81CC001628C4501F090868CFA7F
:10749C00A1F3EFF3008E1EF0006FDFF800E301F0B4
:1074AC0042868EFB0154CB17C3EBE4238EFB0CE41A
:1074BC004FEAEC7ECEEBE42EA3EB0E0323B98C4506
:1074CC00ACBF4FF0FF33012301214362017662B65A
:1074DC00D2ED007AB7EE005BB7EE006A26EEA77A23
:1074EC009FEDA53BB7EEC77A87EE034B35EE447B99
:1074FC00B7EEC77BB4EEC67AF1EE10FA41F399847D
:10750C00A34B72B6A449C8690B62984201F03B8642
:10751C0080FAA3F2EFF3008C1CF0006F01F02586CB
:10752C009E4A82FB03CE82FB002CDA17C2EBEE22C2
:10753C004FEAE07ECEEBEC2CA2EB0C0222B9984287
:10754C00ACBF4FF0FF32012201234A620B7662B6C8
:10755C00FEF70AB907EE901A914BF8EEE77AC3EDF5
:10756C00007AFCF7C9FF40F201128E498E48FEF7F3
:10757C0028BB07EE901ADFED8D6AB8EEE74B9FED56
:10758C007E5B84EE057BB7EEC77BB4EEE67AF1EE5C
:10759C0010FA01F39183DFED7A7AF4EEC77AF1EE0B
:1075AC0010FA77FE877AB0EE677ABEEEC87A17EEDD
:1075BC00103A7F4A9361FEF7D7B807EE901ADFEDC9
:1075CC007B6AB8EEE74B9FED6C5B84EE057BB7EE08
:1075DC00C77BB4EEE67AF1EE10FA01F3DD83DFED52
:1075EC00687AF4EEC77AF1EE10FA77FE877AB0EE8D
:1075FC00677ABEEEC87A17EE103A6E4A5362FEF7FF
:10760C00B3B807EE901ADFED696AB8EEE74B9FED61
:10761C005A5B84EE057BB7EEC77BB4EEE67AF1EEEF
:10762C0010FA01F37683DFED567AF4EEC77AF1EEB9
:10763C0010FA77FE877AB0EE677ABEEEC87A17EE4C
:10764C00103A5B4AD361FEF78FB807EE901AB8EE8A
:10765C00E77AF3EE047AB4EEE77AF1EE10FA01F180
:10766C004F83DFED557ADFED556AB4EEE77AF1EE34
:10767C0010FA77FE877A27EEA60AF0EE407AFEEE35
:10768C00E07ACDED017A15F017FFF0EE407A019B10
:10769C00FEEEE07A17EE901A494AC2E90631FEF77F
:1076AC0063B807EE901ADFED415AB8EEE73BB7EE40
:1076BC00007B9FED314B83EE046B37EE467BB7EED0
:1076CC00C77BB4EEE57AF1EE10FA01F3EF82DFED51
:1076DC002C7AF4EEC77AF1EE10FA77FE877AB0EED8
:1076EC00677ABEEEC87A17EE103AB7EEC66BDFEDCE
:1076FC002F7A344AB4EEE76A9361F1EE10FA01F393
:10770C00D282DFED1F7AF4EEC67AF1EE10FA77FE34
:10771C00867AB0EE677ABEEEC87A17EE103AD3616D
:10772C00FEF722B807EE901A274B284AB8EEE75B13
:10773C0053F8041B9FED106B85EE067BB7EEC77BF1
:10774C00B5EEC07AF1EE10FA01F11A84F7EE006A88
:10775C0001E053F8041BB4EEE67AF1EE10FA76FE73
:10776C00877AFEEEC87A9A42C1ED097AF1D1FDF71B
:10777C00FBBF00BFAFF300800000000000005940C9
:10778C0000FEFFC65C60002054600020F8C9002099
:10779C000000FF7FA8CE002078CD0020E5DBE2764C
:1077AC00706100201408012038D2002000FEFF4632
:1077BC0094D2002048CB002000D089469365153820
:1077CC00306C00205CD20020B4600020E46000200B
:1077DC008B4D8C4C0BE00C2AA2F1090201F0F780C6
:1077EC00012A41F2EC8088498D423DF4BDAF2A4616
:1077FC0052F8040B154600220262E2560B2A42860E
:10780C00E9D1C1693830019308F010FA019BEAE71D
:10781C000B1E7E4A18BF01231370FDF7A5BF7C4ACF
:10782C00F7EE000A07EE901A7A4B92ED001AB8EEBA
:10783C00E70A30EEC11A83ED000A03B0BDE8F04050
:10784C00FCF74ABD07EE901A7348B8EEE70A03B08E
:10785C00BDE8F0400DF0EABD6F4803B0BDE8F04064
:10786C000DF0E2BD07EE901A6B48B8EEE70A03B0D4
:10787C00BDE8F0400DF0D4BD674803B0BDE8F04062
:10788C000DF0CCBD07EE901A6448B8EEE70ADEE7BF
:10789C006248E2E707EE901A6148B8EEE70AD6E7CD
:1078AC005F48DAE75F4A604B1268DA81FDF75CBF2C
:1078BC0059480DF0BFFD584803B0BDE8F0400DF03D
:1078CC0097BE56480DF0B6FD5448F5E754480DF0F8
:1078DC00B1FD5348F0E707EE901AF7EE006AB8EEE8
:1078EC00E74B9FED435B84EE057BB7EEC76BB4EEC5
:1078FC00E66AF1EE10FA41F3F2824C4B72B64C4947
:10790C00C8690B62984201F0438480FAA3F2EFF34A
:10791C00008C1CF0006F01F01F84464A82FB03CEE2
:10792C0082FB002CDA17C2EBEE224FEAE07ECEEBA4
:10793C00EC2CA2EB0C0222B99842ACBF4FF0FF32F8
:10794C00012201234A620B7662B69FED2B6B3A4AF9
:10795C0027EE067BFCEEC77B17EE903A1370FDF713
:10796C0003BF07EE901AF7EE006AB8EEE74B9FEDF7
:10797C00205B84EE057BB7EEC76BB4EEE66AF1EEE6
:10798C0010FA41F38282294B72B62C48C16903620A
:10799C00994201F0078481FAA3F2EFF3008C1CF0FA
:1079AC00006F01F0D083234A82FB03CE82FB012CB3
:1079BC00DA17C2EBEE224FEAE17ECEEBEC2CA2EB17
:1079CC000C0222B99942ACBF4FF0FF3201220123C5
:1079DC004262037662B69FED086B194A27EE067B6E
:1079EC00FCEEC77B17EE903A1370FDF7BDBE00BFDF
:1079FC0000000000000059400000000000C05F4083
:107A0C00B460002064610020E460002090610020DC
:107A1C0068B2002030710020BCB5002074B1002089
:107A2C008872002060610020583D00200000FF7F1C
:107A3C0060750020E5DBE2767761002050CD0020F8
:107A4C008161002007EE901ADB4BDC4A5520B8EE22
:107A5C00E75BB3F9AA1016469FEDD36B85EE067B58
:107A6C00B7EEC77B82ED007AFDF766FDD24BB3F91A
:107A7C00703107EE903ADFEDD26AB8EEE74B9FED2E
:107A8C00CA5B84EE057BB7EEC77BB4EEE67AF1EE0B
:107A9C0010FA01F34181DFEDCB7AF4EEC77AF1EE07
:107AAC0010FA77FE877AB0EE677ABEEEC87A17EED8
:107ABC00101A07EE903AC44AB7EE006AC34BF8EEC0
:107ACC00E76A92ED005AB7EE007BD96126EE855A33
:107ADC009FEDB53BB7EEC55A85EE034B37EE447BB5
:107AEC00B7EEC77BB4EEC67AF1EE10FA41F3B38170
:107AFC00B74972B6B748D0F81CC001628C4501F08A
:107B0C004C838CFAA1F3EFF3008E1EF0006FDFF8BC
:107B1C00CCE201F001838EFB0154CB17C3EBE423C1
:107B2C008EFB0CE44FEAEC7ECEEBE42EA3EB0E03C3
:107B3C0023B98C45ACBF4FF0FF33012301214362C5
:107B4C00017662B692ED006AB7EE007B96ED005AB4
:107B5C00F7EE004A66EE866AB7EEC55A9FED922B99
:107B6C00B7EEE66A86EE023B37EE437B27EE057BEB
:107B7C00B7EEC77BB4EEE47AF1EE10FA41F30F8165
:107B8C00934B72B69449C8690B62984201F0F68225
:107B9C0080FAA3F2EFF3008C1CF0006F01F0CA82A4
:107BAC008E4A82FB03CE82FB002CDA17C2EBEE224C
:107BBC004FEAE07ECEEBEC2CA2EB0C0222B9984201
:107BCC00ACBF4FF0FF32012201234A620B7662B642
:107BDC00FDF7CABD07EE901A9FED736BB8EEE75B2D
:107BEC0085EE067BB7EEC77BB5EEC07AF1EE10FAE8
:107BFC0001F14381F7EE006A9FED796ADFED797A46
:107C0C00B4EEE67AF1EE10FA76FE876AE6EE867A44
:107C1C0072B6754BC3ED0A7AC3ED137A62B6FDF7F3
:107C2C00A3BD07EE901A9FED606BB8EEE75B85EE97
:107C3C00067BB7EEC77BB5EEC07AF1EE10FA01F118
:107C4C002081F7EE007A9FED696AB4EEE77AF1EEE7
:107C5C0010FA77FE877A27EEA77A27EE277ADFEDE0
:107C6C00647AE7EE067A604BC3ED277AFDF77CBDAC
:107C7C0007EE901A9FED4C6BB8EEE75B85EE067B3A
:107C8C00B7EEC77BB5EEC07AF1EE10FA01F11E81AA
:107C9C00F7EE007A9FED576AB4EEE77AF1EE10FA40
:107CAC0037FE877AE7EE467AF0EE676AF1EE477AAE
:107CBC0072B64D4BC3ED1C7AC3ED2C6A62B6FDF760
:107CCC0053BD4D494D48FEF795BA07EE901ADFEDBE
:107CDC004C6AB8EEE77ADFED4B7AF4EEC77AF1EE48
:107CEC0010FA77FE877A67EEA67AFCEEE77A17EE43
:107CFC00903A0733DB0801F012804FF6FF71424ACD
:107D0C008B4228BF0B465385FDF72EBD07EE901A0C
:107D1C009FED255BB8EEE74B9FED256B84EE057B65
:107D2C0037EE067BB7EEC77BB5EEC07AF1EE10FAF4
:107D3C0001F19881F7EE007AB4EEE77AF1EE10FAE1
:107D4C0077FE877AB0EE677ABEEEC87A17EE103AF5
:107D5C002E4A5362FDF708BD07EE901ADFED286A34
:107D6C004FF6FF712A4BB8EEE77ADFED267A03F176
:107D7C003000F4EEC77AF1EE10FA77FE877A67EEF0
:107D8C00A67AFCEEE77A17EE902A0732D2088A42DE
:107D9C0028BF0A4653F8041B83428A85FAD1FDF7A3
:107DAC00E3BC00BFAFF300800000000000005940AE
:107DBC007B14AE47E17A843F583D0020546000208C
:107DCC0000FEFF4600FEFFC65C600020F8C90020E4
:107DDC000000FF7F2876002088750020E5DBE27626
:107DEC00B81E253F0AD7A33B70B200203333733F34
:107DFC00CDCC4C3D8FC2F53D6461002088CB00207A
:107E0C00666630420000000008AB0020A8D00020BD
:107E1C00B83F00200B1EC24A18BF01231370FDF798
:107E2C00A3BC07EE901AF7EE000ABE4AB8EEE75B69
:107E3C00BD4B92ED000A9FEDB86B85EE067BB7EE5D
:107E4C00C77B30EEC71A83ED007AF6E40B1EB74AF7
:107E5C0018BF01231370FDF787BCB54AB5481278DB
:107E6C00B549037013440B70FDF77EBCB34A117017
:107E7C00FDF77ABCB24A1170FDF776BCB14A1F46C9
:107E8C00B1481678B149B24A00780D78B14B1770E9
:107E9C00002841F0DA810446324629460193FDF769
:107EAC00CDF9621C019B0C2A1870144603F10103D6
:107EBC003DF45AACA64AE0B21770EDE707EE901A03
:107ECC009FED956BB8EEE75B85EE067BB7EEC77B57
:107EDC00F7EE007AB5EEC07AF1EE10FA07D4B4EEF4
:107EEC00E77AF1EE10FA37FE877A77EEC77A72B638
:107EFC00994BC3ED1B7A62B6FDF736BC07EE901AB0
:107F0C009FED856BB8EEE75B85EE067BB7EEC77B26
:107F1C00B5EEC07AF1EE10FA01F14480F7EE007A7A
:107F2C00B4EEE77AF1EE10FA77FE877AB0EE677A64
:107F3C00BEEEC87A17EE103A884A5362FDF714BCAD
:107F4C0007EE901A9FED746BB8EEE75B85EE067B3F
:107F5C00B7EEC77BB5EEC07AF1EE10FA01F13D80B9
:107F6C00DFED7F7ADFED7F6AB4EEE77A7E4AF1EEE1
:107F7C0010FA77FE877A67EEA67AFCEEE77A17EEB0
:107F8C00903A934241F25781744BDA61FDF7ECBBA6
:107F9C00764A1160FDF7E8BB07EE901ADFED746AC4
:107FAC004FF6FF73734AB8EEE77ADFED737A4FF052
:107FBC00010E02F1300CF4EEC77AF1EE10FA77FEF6
:107FCC00877A67EEA67AFCEEE77A17EE901A0731FD
:107FDC00C908994228BF194652F8043B988ED98695
:107FEC0008B9A3F834E09445F6D1FDF7BDBB55496B
:107FFC001F46554A0E785548604912780578554BFE
:10800C000F70002A40F03D861446104602E05B4992
:10801C00D0B20F70324629460193FDF70FF9621C5E
:10802C00019B0C2A1870144603F10103EFD1FDF7E4
:10803C009BBB0B1E444A18BF01231370FDF794BB66
:10804C0007EE901ADFED4A6A4FF6FF73DFF830C186
:10805C00B8EEE77ADFED487ADFF830E15CF8042B14
:10806C00F4EEC77AF1EE10FA77FE877A67EEA67A0D
:10807C00FCEEE77A17EE901A0731C9088B4228BF3D
:10808C000B46002908BF012340F08A840120614679
:10809C00D085908651F8042B8E45D08593863DF47F
:1080AC0063ABDCF804200CF1080CF0E707EE901A37
:1080BC00DFED2F6A4FF6FF71314BB8EEE77ADFED4B
:1080CC002E7A03F13000F4EEC77AF1EE10FA77FE57
:1080DC00877A67EEA67AFCEEE77A17EE902A0732DB
:1080EC00D208914228BF1146002A08BF012153F83B
:1080FC00042B98425185FAD1FDF736BB214A1170F9
:10810C00FDF732BB0B1E204A18BF01231370FDF77D
:10811C002BBB00BFAFF300800000000000005940F3
:10812C00F74901203071002068B20020024A01207A
:10813C008A6100201B4A0120084A0120064A0120BE
:10814C00FB490120134A0120FE490120144A012059
:10815C00044A0120C879002070B2002088CB00208E
:10816C000044AC46C637BE470000FE7F80CB0020E3
:10817C0066663042583F00200000000083610020FA
:10818C00B83F00200B4A0120FA490120E83F0020AB
:10819C0007EE901A9FEDE06BB8EEE75B85EE067B81
:1081AC00B7EEC77BB5EEC07AF1EE10FA00F172872C
:1081BC00F7EE007AB4EEE77AF1EE10FA37FE877A32
:1081CC00D94BDFEDDA7AD3ED2A6A36EEE76AE6EEC2
:1081DC00077A72B6BDEE007AC3ED2B7AB6EE006A62
:1081EC0067EE877A87EEA67A77EE067AC3ED097A80
:1081FC0062B6FDF7B9BA07EE901ADFEDCD6A4FF60D
:10820C00FF71CC4AB8EEE77ADFEDCB7AF4EEC77AA1
:10821C00F1EE10FA77FE877A67EEA67AFCEEE77A33
:10822C0017EE903A0733DB088B4228BF0B46938539
:10823C00FDF79ABA07EE901ADFEDC06AB8EEE74B7D
:10824C009FEDB55B84EE057BB7EEC77BB4EEE67AAB
:10825C00F1EE10FA00F35185DFEDB97AF4EEC77A3E
:10826C00F1EE10FA77FE877AB0EE677ABEEEC87A36
:10827C0017EE103AB34AD361FDF776BA07EE901AAF
:10828C00DFEDAE6AB8EEE74B9FEDA35B84EE057BAA
:10829C00B7EEC77BB4EEE67AF1EE10FA00F32A855E
:1082AC00DFEDA77AF4EEC77AF1EE10FA77FE877A53
:1082BC00B0EE677ABEEEC87A17EE103AA14A936117
:1082CC00FDF752BA07EE901ADFED996A4FF6FF717F
:1082DC009D4BB8EEE77ADFED987A03F13000F4EEBF
:1082EC00C77AF1EE10FA77FE877A67EEA67AFCEE83
:1082FC00E77A17EE902A0732D2088A4228BF0A463C
:10830C0053F8041B98428A85FAD1FDF72DBA07EE73
:10831C00901A9FED816BB8EEE75B85EE067BB7EEAE
:10832C00C77BB5EEC07AF1EE10FA00F1D585DFED22
:10833C00877AB4EEE77AF1EE10FA77FE877AB0EE30
:10834C00677ABEEECA7A17EE103A814A1362FDF7CD
:10835C000BBA07EE901ADFED796AB8EEE74B9FED9A
:10836C006E5B84EE057BB7EEC77BB4EEE67AF1EE7E
:10837C0010FA00F3A784DFED727AF4EEC77AF1EE0F
:10838C0010FA77FE877AB0EE677ABEEEC87A17EEEF
:10839C00103A6C4A1362FDF7E7B907EE901A9FED9D
:1083AC005E5BB8EEE74B9FED5E7B84EE056B36EEC5
:1083BC00077BB7EEC77BB5EEC07AF1EE10FA00F191
:1083CC000986F7EE007AB4EEE77AF1EE10FA77FE52
:1083DC00877AB0EE677ABEEEC87A17EE103AB7EE2F
:1083EC00007B5C4AFFEE005A536237EE467BB7EED9
:1083FC00C77BB4EEE57AF1EE10FA00F1E885F7EE02
:10840C00007ADFED4E6AB4EEE77AF1EE10FA77FE01
:10841C00877A67EEA67AFDEEE77A17EE903A9386A6
:10842C00FDF7A2B907EE901ADFED416A4FF6FF7126
:10843C00494BB8EEE77ADFED407A03F13000F4EE09
:10844C00C77AF1EE10FA77FE877A67EEA67AFCEE21
:10845C00E77A17EE902A0732D208914228BF1146CC
:10846C00002A08BF012153F8042B9842D185FAD178
:10847C00FDF77AB907EE901ADFED2D6A4FF6FF7112
:10848C00354BB8EEE77ADFED2C7A03F13000F4EEE1
:10849C00C77AF1EE10FA77FE877A67EEA67AFCEED1
:1084AC00E77A17EE902A0732D2088A4228BF0A468A
:1084BC0053F8041B83428A85FAD1FDF755B907EEB0
:1084CC00901A9FED156BB8EEE75B85EE067BB7EE69
:1084DC00C77BB5EEC07AF1EE10FA00F1A584DFEDA2
:1084EC001F7ADFED1F6AB4EEE77A1E4AF1EE10FA3E
:1084FC0077FE877A67EEA67AFCEEE77A17EE903A6B
:10850C00934240F28E86184BDA61FDF72DB917496C
:10851C001548FDF76FBE00BF000000000000594079
:10852C007B14AE47E17A843F70B20020CDCC4C3E38
:10853C006666304208AB00200000000000FEFF46DB
:10854C0000FEFFC618CD0020883F00202EFFDF4024
:10855C00306C0020F0CE0020583F00200044AC4688
:10856C00C637BE470000FE7FA8D000206461002003
:10857C0007EE901AD44BD548B8EEE75B53F8042BB2
:10858C009FEDCF6B85EE067BB7EEC77BB5EEC07A61
:10859C00F1EE10FA00F13984F7EE006A01E053F8BD
:1085AC00042BB4EEE67AF1EE10FA76FE877AFEEE44
:1085BC00C17A9842C2ED0C7AF1D1FDF7D5B807EE2D
:1085CC00901ADFEDC36A4FF6FF71BF4BB8EEE77A36
:1085DC00DFEDC07A03F13000F4EEC77AF1EE10FA59
:1085EC0077FE877A67EEA67AFCEEE77A17EE902A8A
:1085FC000732D208914228BF1146002A08BF012138
:10860C0053F8042B8342D185FAD1FDF7ADB8B249AA
:10861C00B248FDF7EFBD07EE901AB14BB14AB8EE78
:10862C00E75B53F8041B9FEDA66B85EE067BB7EE5C
:10863C00C77BB5EEC07AF1EE10FA00F1B684DFED2F
:10864C00AA6A01E053F8041BB4EEE67AF1EE10FAD4
:10865C0076FE877AFEEECA7A9A42C1ED087AF1D19B
:10866C00FDF782B807EE901A9FED956BB8EEE75BBD
:10867C0085EE067BB7EEC77BB5EEC07AF1EE10FA4D
:10868C0000F1B084DFED997ADFED996AB4EEE77A08
:10869C00984AF1EE10FA77FE877A67EEA67AFCEE2E
:1086AC00E77A17EE903A934240F2C0858B4BDA6131
:1086BC00FDF75AB807EE901ADFED856A4FF6FF7199
:1086CC008D4BB8EEE77ADFED837A03F13000F4EEF0
:1086DC00C77AF1EE10FA77FE877A67EEA67AFCEE8F
:1086EC00E77A17EE902A0732D208914228BF11463A
:1086FC00002A08BF012153F8042B83429186FAD13A
:10870C00FDF732B807EE901A7B4B7C48B8EEE75B6E
:10871C0053F8042B9FED6A6B85EE067BB7EEC77B97
:10872C00B5EEC07AF1EE10FA00F1C183F7EE006AF3
:10873C0001E053F8042BB4EEE67AF1EE10FA76FE73
:10874C00877AFEEEC17A9842C2ED0C7AF1D1FDF730
:10875C000BB807EE901ADFED6A6A614BB8EEE74B87
:10876C00604953F8040B9FED565B84EE057BB7EE26
:10877C00C77BB4EEE67AF1EE10FA00F1A682F1EEC8
:10878C00046AF7EE005A01E053F8040BB4EEE67AF3
:10879C00F1EE10FA36FE876AC5EE867A9942FEEE45
:1087AC00C17AC0ED097AEFD1FCF7DEBF07EE901A63
:1087BC00DFED476A4FF6FF714F4BB8EEE77ADFED0E
:1087CC00457A03F13000F4EEC77AF1EE10FA77FE39
:1087DC00877A67EEA67AFCEEE77A17EE902A0732D4
:1087EC00D208914228BF1146002A08BF012153F834
:1087FC00042B83425185FAD1FCF7B6BF07EE901AD1
:10880C00DFED336A4FF6FF712F4BB8EEE77ADFEDF1
:10881C00317A03F13000F4EEC77AF1EE10FA77FEFC
:10882C00877A67EEA67AFCEEE77A17EE902A073283
:10883C00D208914228BF1146002A08BF012153F8E3
:10884C00042B98429186FAD1FCF78EBF07EE901A52
:10885C00DFED1F6A4FF6FF711B4BB8EEE77ADFEDC9
:10886C001D7A03F13000F4EEC77AF1EE10FA77FEC0
:10887C00877A67EEA67AFCEEE77A17EE902A073233
:10888C00D208914228BF1146002A08BF012153F893
:10889C00042B98425185FAD1FCF766BF07EE901A6B
:1088AC00184BB8EEE75B9FED066B85EE067BB7EEDB
:1088BC00C77B83ED007AFCF757BF134D064C2DE0B8
:1088CC000000000000005940883F0020B83F002005
:1088DC00666630420000000064610020F0CE00208B
:1088EC0078600020A86000202EFFDF400044AC46DA
:1088FC00C637BE470000FE7F583F0020883F00204F
:10890C003333333F84CB0020E46000200C2A70D03A
:10891C00012966D9B74AAA423CF426AF2A4652F836
:10892C00040B1546E2560B2AA2F1090180F83822F5
:10893C00ECD1416A00F50F70019307F077F9019BB8
:10894C00E8E7AD4EFFF795B80425AC4CE256002194
:10895C00AB480B2A0162A2F1090142866CD00C2AA9
:10896C0000F0B280012940F2DE806A1E1546EDD17E
:10897C00FCF7FABE0425A14CE2560021A1480B2AB3
:10898C000162A2F1090142865DD00C2A00F0A6809A
:10899C00012940F2AD806A1E1546EDD1FCF7E4BE0C
:1089AC006146D385938651F8042B8E45D3859386E7
:1089BC003CF4DAAEDCF804200CF1080CF0E7C169E9
:1089CC003830019307F092F8019BFEF70CBF826AD6
:1089DC00383050F81C1C019307F0E4F8019BFEF7AB
:1089EC0002BF416A00F50F70019307F07FF8019BFD
:1089FC0090E7416A4FF0004200F50F70019307F0C9
:108A0C00D1F8019B86E7416A00F50F70019307F0DE
:108A1C000DF9019BFEF7BCB8416A00F50F7001938C
:108A2C0007F004F9019BFEF786B9C169383003B031
:108A3C00BDE8F04007F0FAB8C1693830019307F08F
:108A4C00F5F8019B91E7C1693830019307F0EEF816
:108A5C00019BA0E7416A00F50F70019307F0E6F85F
:108A6C00019BFEF729B9013B7DF406AD6649FDF784
:108A7C0023BDFFEE007AB4EEE76AF1EE10FA00F1D6
:108A8C004083DFED627AFDF705BD416A4FF000428D
:108A9C0000F50F70019307F085F8019BFEF70CB9F8
:108AAC00416A4FF0004200F50F70019307F07AF81D
:108ABC00019BFEF740B9826A383050F81C1C03B099
:108ACC00BDE8F04007F06EB801934D4B9A6A03F184
:108ADC003800D96907F066F8019B46E70193494BCA
:108AEC009A6A03F13800D96907F05CF8019B52E7E8
:108AFC000193444BD96903F1380006F0F7FF019B51
:108B0C0049E7416A00F50F70019306F0EFFF019BF6
:108B1C00FEF73EB8416A00F50F70019306F0E6FFD0
:108B2C00019BFEF708B90193354BD96903F1380065
:108B3C0006F0DCFF019B18E7416A00F50F7001930A
:108B4C0006F0D4FF019BFEF7B7B8416A4FF0004224
:108B5C0000F50F70019307F025F8019BFEF718B88C
:108B6C00DFF8B0C09A421846C1F824C03CF4FCAD02
:108B7C0050F8041B9042C1F824C03CF4F5AD596880
:108B8C000833EFE7224B01225A85FCF7EDBD214B50
:108B9C00FDF703BF1F4BFDF724BFDFF87CC09A42E3
:108BAC001846C1F824C03CF4DFAD50F8041B9042C9
:108BBC00C1F824C03CF4D8AD59680833EFE7154B25
:108BCC00FCF787BE134BFCF75EBE124BFCF7A4BE42
:108BDC00114BFCF7C8BE0F4BFDF73BB80D4BFDF727
:108BEC005BB80C4BFDF712B80A4BFCF7B8BF094B3E
:108BFC00FCF79BBF146100205460002064610020CE
:108C0C0028780020707600200180FFFF0000000013
:108C1C00D0AA00200000FF7F00B76D5BCC49CD4B84
:108C2C00FCF7CBBECC4BFCF7BCBFCB4BFDF757B81E
:108C3C00C94BFDF723BFC84BFDF744BF0C6AA342D9
:108C4C0040F2D282C88B0B62824288BFCA83FCF787
:108C5C008BBDBF49BF4BFDF75FBABF4998429C46DD
:108C6C00C2E906113CF480AD5CF8042B8445C2E9E2
:108C7C0006113CF479AD5A680833EFE7B74BFDF7B2
:108C8C0055B80022114602F1190002321831023394
:108C9C000C2A03F8010C03F8021C11463CF464ADD9
:108CAC00AF480770EFE7AC4BFEF739BDAA4BFEF7A8
:108CBC001CBDA94BFCF7C4BDA74BFEF77ABCA74B58
:108CCC00FEF789B9A44BFFF764BBDFF890C2994259
:108CDC001A46C0F824C03CF447AD52F8040B91423C
:108CEC00C0F824C03CF440AD58680833EFE79A4B09
:108CFC00FEF7E5B9984BFFF7E1BA974BFFF7BABA15
:108D0C009349944BFEF7C8BC964B0122DA85FCF7CD
:108D1C002BBD914BFEF795BC8F49FEF7CABE914B0C
:108D2C0001225A85FCF720BD8B49FEF781BB8A4B8B
:108D3C00FEF714BA8649874BFEF787BA0C6AA34232
:108D4C0040F23A82C88B0B62824288BFCA83FCF71E
:108D5C000BBD4FF4404E4FF0000C9842194682F870
:108D6C0039C2C2F828E03CF4FFAC51F8042B88421D
:108D7C0082F839C2C2F828E03CF4F6AC5A680833E1
:108D8C00EBE7754BFEF70EBA744BFEF733BA764B26
:108D9C000122DA85FCF7E8BC6F4BFEF72EBCFFEE28
:108DAC00007ADFED726AF4EEC77AF1EE10FA77FE14
:108DBC00877A67EEA67AFDEEE77A17EE903AFEF721
:108DCC00E0BEFFEE007A9FED696AF4EEC77AF1EE31
:108DDC0010FA77FE877A67EE867AFDEEE77A17EE61
:108DEC00901AFEF74CBB4FF0000C9A421846C1F893
:108DFC002CC03CF4B9AC50F8041B9042C1F82CC008
:108E0C003CF4B2AC59680833EFE74FF0000C19464C
:108E1C00C2F830C051F8042B8842C2F830C03CF480
:108E2C00A3AC5A680833F2E7514B0022DA61FCF725
:108E3C009BBCFFEE007ADFED4D6AF4EEC77AF1EEE3
:108E4C0010FA77FE877A67EEA67AFDEEE77A17EED0
:108E5C00903AFEF756BBFFEE007A9FED446AF4EEB3
:108E6C00C77AF1EE10FA77FE877A67EE867AFDEE16
:108E7C00E77A17EE901AFEF73CBEDFED3E7AFEF76E
:108E8C00C7BEDFED3D7AFEF7EEBEFFEE006ADFED0A
:108E9C00375AF4EEC66AF1EE10FA76FE866A66EE82
:108EAC00A56AFDEEE66A16EE903AFEF76DBD4FF040
:108EBC00000C1946C2F830C051F8042B8842C2F895
:108ECC0030C03CF451AC5A680833F2E7F7EE006A54
:108EDC00DFED2A7AFEF7ECBE0023FFF736BAFFEE81
:108EEC00006ADFED225AF4EEC66AF1EE10FA76FE55
:108EFC00866A66EEA56AFDEEE66A16EE903AFEF715
:108F0C00FDBC0023FDF701BA4FF0000C9A42184645
:108F1C00C1F82CC03CF428AC50F8041B8242C1F8B8
:108F2C002CC03CF421AC59680833EFE74FF0000C2F
:108F3C009A421846C1F82CC03CF416AC50F8041BED
:108F4C009042C1F82CC03CF40FAC59680833EFE7E1
:108F5C00DE571700DF5717000000FF7F00B76D5B6F
:108F6C008361002008AB0020D0AA002000FEFF4E39
:108F7C00A8D000200AD7A33BCDCC4C3D00000080EC
:108F8C004FF0000C9A421846C1F824C03CF4ECABEC
:108F9C0050F8041B8242C1F824C03CF4E5AB59687C
:108FAC000833EFE70023FEF7C7BF4FF0000C9A42DF
:108FBC001846C1F820C03CF4D7AB50F8041B8242D1
:108FCC00C1F820C03CF4D0AB59680833EFE7A84B8C
:108FDC00FFF725BA0023FFF702BAA64B0022DA618D
:108FEC00FCF7C2BBA44B0022DA61FCF7BDBBA04B63
:108FFC00FDF7F8B90023FDF7D5B94FF0000C184672
:10900C00C1F830C050F8041B8242C1F830C03CF4A7
:10901C00ABAB59680833F2E74FF0000C1846C1F8B7
:10902C0030C050F8041B9042C1F830C03CF49CABEB
:10903C0059680833F2E74FF0000C9A421846C1F811
:10904C0020C03CF491AB50F8041B8242C1F820C004
:10905C003CF48AAB59680833EFE7884B0022DA619D
:10906C00FCF782BB0023FEF773BE4FF0000C9A4254
:10907C001846C1F82CC03CF477AB50F8041B904256
:10908C00C1F82CC03CF470AB59680833EFE70023EF
:10909C00FDF758BF9FED7A7AFFF792B8FFEE007A92
:1090AC00DFED786AF4EEC77AF1EE10FA77FE877A84
:1090BC0067EEA67AFDEEE77A17EE903AFDF7D6BE8C
:1090CC004FF0000C1846C1F830C050F8041B904209
:1090DC00C1F830C03CF448AB59680833F2E7FFEEF6
:1090EC00007ADFED686AF4EEC77AF1EE10FA77FEDB
:1090FC00877A67EEA67AFDEEE77A17EE903AFCF7E0
:10910C0024BF5A1E00F09C80023B7FF4B4AC58493B
:10911C0007EE903AFDF7D0B98EFB034EDB17C3EB8D
:10912C00EE23FEF705BD8EFB034EDB17C3EBEE23E0
:10913C00FEF7C4B9DFF858C18CFB02ECD217C2EBB6
:10914C00EC22FEF73BBDDFF848C18CFB02ECD217DA
:10915C00C2EBEC22FEF735BCDFF834C18CFB02EC21
:10916C00D217C2EBEC22FEF7E6BBDFF824C18CFB76
:10917C0002ECD217C2EBEC22FEF7E0B900230B761F
:10918C0062B6FCF7F1BA00230B7662B6FCF7ECBAC8
:10919C0000230B7662B6FEF7D8BB0023037662B6CB
:1091AC00FEF7D0BC0023037662B6FEF714BC002396
:1091BC00037662B6FEF78CB900228E4694464EF8C2
:1091CC00203F40FA02F3DD0707D55EF822307F33EB
:1091DC00DB0901339C4538BF9C460132082AF0D18B
:1091EC00A1F81EC0FCF7C0BA00228E4694464EF879
:1091FC00203F40FA02F3DB0707D55EF822307F33BD
:10920C00DB0901339C4538BF9C460132082AF0D15A
:10921C00A1F81EC0FCF7A8BA184AC2ED077AFCF7F1
:10922C00A3BA194AC2ED077AFCF79EBA124AC2EDEC
:10923C00077AFCF799BA0F4AC2ED077AFCF794BA91
:10924C000B4907EE902AFDF737B900210A4601E0D9
:10925C000E48077002F119000232183102330C2A41
:10926C0003F8010C03F8021C1146F1D1FCF77CBA8F
:10927C000180FFFF88CB0020F0CE0020D0730020AF
:10928C000000000000FEFF4EA8D00020044A012080
:10929C00E5DBE2762DE9F8431A4A00241A4E1B4B03
:1092AC0092F80080B1461F78751EE0B201343A4640
:1092BC004146FCF7BDF8072C05F8010FF5D1142138
:1092CC00134811F003FB13480DF04EFE124B1B78A4
:1092DC0013B9124B1B7843B1114B96E803000A0CDF
:1092EC00186099809A71BDE8F8830E4B1C78002C9D
:1092FC00F2D1E0B2013419F8011BFBF753F9042C3D
:10930C00F7D1F0E7144A0120C0790020134A01205C
:10931C0050230020F03F0020114A01201C4A01205C
:10932C00B87900209061002082680023B0B50D460A
:10933C0002F1080100AF013221F00701ADEB010D84
:10934C0069460EF07DF90B49684617F049FF78B174
:10935C00023D002416F052FC03460649002025F875
:10936C00023F013417F03CFF10B1B4F5807FF1D10E
:10937C00BD46B0BD6C2300202DE9F043AB4C93B03F
:10938C008146AB4FAB4E04F11008AB4D54F8040BB7
:10939C0004F096FE57F8040B04F092FE56F8040BFA
:1093AC0004F08EFE55F8040B04F08AFEA045EDD1B6
:1093BC00A2490120A24A002308700DA852F82920C6
:1093CC00A049FAF7BFFD119C002C65D023682046FC
:1093DC001B6B984700284FD09B4905A8002608AD69
:1093EC000EF01CF80CE08DF8206023689B68984701
:1093FC00002800F018819DF8201005A80EF010F937
:10940C00236820461B6998470346012229462046BB
:10941C00002BE8D105A928460EF026F88B492846E2
:10942C00FFF782FF28460EF043F80F21884811F011
:10943C004DFA236820465B6B9847064628B118F016
:10944C008FF90146304611F041FA82480DF08CFD3F
:10945C0023682046DB6A98476368013B63603BB92D
:10946C0023682046DB6A9847236820465B68984748
:10947C0005A80EF01DF81CE023682046DB6A98470F
:10948C006368013B63603BB923682046DB6A9847FD
:10949C00236820465B68984722216F4811F016FA22
:1094AC00B9F10B0F00F2B88008AD0121484600F06D
:1094BC0003F96A49654C91F90000694B34F91000C5
:1094CC0093F90030674A00EE900A674934F91300AB
:1094DC00F8EEE00A92F9002091F9001034F912200C
:1094EC0000900020DFF8CC81604F614E09909FED19
:1094FC00610A6148CDF820800B970A96CDE901539B
:10950C0023460BF051FF0A9B1BB103222946284628
:10951C0098475A4B5A4993F9003091F9001034F995
:10952C001320584B9FED530A93F90030CDF820804F
:10953C0034F9133000EE903A534B93F90030F8EEB7
:10954C00E00A34F9130002930023CDE900050993D6
:10955C004E483E4BCDE90A670BF026FF0A9B1BB128
:10956C000322294628469847494A4A4992F900203D
:10957C0091F9001034F9122034F9111000EE102A70
:10958C00454A324B92F90020B8EEC00A434834F9F0
:10959C001220CDF82080CDE90A67414E96F9006083
:1095AC0034F9166000EE906A3E4E96F90060F8EEC3
:1095BC00E00A34F916408DE87000002409940BF091
:1095CC00F3FE0A9B1BB103222946284698470E211D
:1095DC0035481E4D012411F079F91E480DF0C4FCDC
:1095EC002046013435F9021FFBF7A6FFB4F5807F46
:1095FC00F6D10021084600F085F91F480BF0F8FF62
:10960C0022480BF0F5FF25480BF0F2FF274B002208
:10961C001A7013B0BDE8F0834A4625490D4808ADD1
:10962C000DF0BCFC45E7FF21E7E600BF483D0020FC
:10963C00383D0020183D0020283D00201C4A012008
:10964C005C46002000B60020AC260020583D0020CF
:10965C0070230020F03F0020802300207B6100203D
:10966C007C6100207A6100207E6100205D01000099
:10967C00B50400000000C8428872002085610020FB
:10968C0089610020866100208761002074B1002070
:10969C008F6100208E6100208B610020BCB5002002
:1096AC008C6100208D610020D4230020014A012010
:1096BC00A4230020192000002DE9F04105468CB0B0
:1096CC0003200E460021DFF838820EF043FA4FF0EB
:1096DC00E02340227C487D4C88F80050C3F8882158
:1096EC00437954F825202BB1114608300BF024F89F
:1096FC0054F825200123744907A8FAF723FC002EFF
:10970C0000F091801821724811F0E0F871480DF0CA
:10971C002BFC54F8254034B1204618F021F80146B2
:10972C00204611F0D3F86B486B4F0DF01DFC6B49C4
:10973C0001A80DF073FE0A2298F9001007EB4527DB
:10974C0004A80DF0F5FE04A901A8BD1C0DF054FFF2
:10975C0007F5FF7704A80DF0ABFE614901A80DF0E9
:10976C004FFF0A2235F9021F04A80DF0E1FE04A9EF
:10977C0001A80DF041FF04A80DF09AFE584901A86C
:10978C000DF03EFFAF42ECD101A907A80DF0BAFBDA
:10979C0007A80DF0E9FB01A80DF08AFE0E21514837
:1097AC0011F094F80B98002800F0858003685B6B2F
:1097BC009847044628B117F0D3FF0146204611F014
:1097CC0085F844480DF0D0FB0B9850B10368DB6A68
:1097DC0098470B984368013B4360002B61D00023F2
:1097EC000B9398F900000B2868D8FFF7C5FD4FF0D4
:1097FC00E023402203200121C3F808210EF0AAF92E
:10980C00394B0B98079358B14368013B43603BB904
:10981C000368DB6A98470B9810B103685B6898473C
:10982C000CB0BDE8F081314C1721314804F50075BE
:10983C0011F04CF827480DF097FB34F9021F25481E
:10984C000DF086FB23480DF08FFBA542F5D1234983
:10985C0001A80DF0E3FD0A2298F9001004A80DF000
:10986C0067FE04A901A8234F0DF0C6FE04A80DF055
:10987C001FFE1B4901A80DF0C3FE0A2237F9021F77
:10988C0004A80DF055FE04A901A80DF0B5FE04A81E
:10989C000DF00EFE124901A80DF0B2FEAF42ECD154
:1098AC0072E70368DB6A98470B98002897D0036827
:1098BC005B68984793E701460F4C7FE702460F49D8
:1098CC0004480DF06BFB92E700B600205C460020CC
:1098DC00E4230020F03F00204C47002068230020A8
:1098EC006C23002018240020982C0020563D0020CA
:1098FC00002400205A3D0020AC260020A423002088
:10990C00004A012010B50C46ADF5007D032872D835
:10991C00DFE800F04D321B0210213D4810F0D6FF5D
:10992C0000230A2221463B480DF046FB39480DF036
:10993C001BFB394B0B2C1C7060D8012120460DF5FC
:10994C00007DBDE81040FFF7B7BE1021304810F085
:10995C00BDFF00230A2221462E480DF02DFB2D4879
:10996C000DF002FB0B2C49D8002120460DF5007D93
:10997C00BDE81040FFF7A0BE0D21284810F0A6FF4F
:10998C0024480DF0F1FA002103200EF0E3F82448EE
:10999C001DF04AFC0020204B1870FFF7EDFC012154
:1099AC0003200DF5007DBDE810400EF0D3B8122158
:1099BC001C4810F08BFF17480DF0D6FA1A4C6A466B
:1099CC0034F9023F0232584203F07F0100F07F006D
:1099DC0058BF4142002BB8BF7F3302F8021CDB1189
:1099EC0002F8013C80AB9A42EAD100224FF400719C
:1099FC00684610F049F90DF5007D10BD22460B4963
:109A0C0004480DF5007DBDE810400DF0C7BA00BF4D
:109A1C004C240020F03F0020004A01203C24002070
:109A2C0000B6002028240020563D0020A42300204E
:109A3C00884B10B51B788EB0F02B33D0FA2B2BD073
:109A4C00FC2B49D1844B1B78002B29D0834B844AA7
:109A5C001B688449844893420291049000F2A880C8
:109A6C0003EB430204ACD200013A102A0FD90AA826
:109A7C00089104A90192F9F7E1FD08A9019A7B4824
:109A8C000DF024F9089B0AA8DB6898470299CB686B
:109A9C00204698470EB010BD6F4B1B78002B73D12E
:109AAC000EB010BD724A734B12781B7843EA022336
:109ABC00062BF5D1704A01207049937808708020EC
:109ACC00517813FB0013002B75D11179D0780EB09F
:109ADC00BDE81040FFF716BFF82BE1D15E4B1B78A9
:109AEC00002BDDD0664A674C92ED006A8DED016A61
:109AFC000EF006F86449B2EE047A644BF2EE066A94
:109B0C000A689DED016A801A5D4AB3FBF0F307EE1B
:109B1C00903AF8EEE77AE6EE077A87EEA67A82EDCF
:109B2C00007A0DF0EDFF5A4B554A93ED006A92ED19
:109B3C00007ADFED587A37EE077ADFED576A26EEBA
:109B4C00276A22685049C6EE877A0132534B086067
:109B5C00182A42492260C6EE076ABCEEE67AF8EE95
:109B6C00476A83ED007A77EEE67AFCEEE77A17EE39
:109B7C00903AC1ED007A43D0122A91DD3B480EB0E9
:109B8C00BDE810400DF026B900233E4A444913604D
:109B9C000B70FBF723F90E21424810F097FE424858
:109BAC000DF0E2F931480EB0BDE810400DF012B9DD
:109BBC003E4B04AC6CE71F213D48019310F086FE30
:109BCC00019939480DF0C4F92B4A80233948117991
:109BDC00D27811FB03240C2110F078FE3248214678
:109BEC000DF0B6F930480DF0BFF9019B324A214611
:109BFC00184622F813400EB0BDE81040FBF79CBC91
:109C0C00174A184918489342029104901FD803EB45
:109C1C00430204ACD200013A102A0FD90AA80891C9
:109C2C0004A90192F9F70AFD08A9019A0F480DF051
:109C3C004DF8089B0AA8DB6898470299CB68204628
:109C4C009847FBF7CBF800230E4A136028E7174B15
:109C5C0004ACF4E72C4A0120114A0120B0CA0020C0
:109C6C00AAAAAA0A602D0020BD180000646000207A
:109C7C002B4A01202A4A012028D40020174A01200F
:109C8C006060002034B3002064B20020A0252600C0
:109C9C0074600020C0E1644CC0E1E44C6CB2002064
:109CAC00104A012090240020F03F00202D010000DC
:109CBC006024002080240020583D00202DE9F84F1E
:109CCC00A24D40F2EE28A24CA24FDFF820932E6852
:109CDC0010F078FE2378002B00F0D0803B78DB0767
:109CEC0040F1CC802B68D9F800209B1A0E2B40F247
:109CFC00C5801D21984810F0E9FD98480DF034F905
:109D0C004FF4966196481DF08BFAFAF7F5FB40F28A
:109D1C0001129449944804F087FA40F201129149D7
:109D2C00924804F081FA72B6914B002291491A764E
:109D3C00D96162B64FF480338F4D90484FF4004890
:109D4C008F4F4FF400498F4E8F49AB6100F10C05DA
:109D5C008E4CBB610A63C6E9068950F8041B54F8A3
:109D6C00042B8542C1E90633C1E90833C2E9063345
:109D7C00C2E90833F1D186484FF48033DFF870B272
:109D8C004FF40045DFF86CA24FF40054DFF86892F2
:109D9C000022DFF868827F4F7F4EDFF864E2DFF845
:109DAC0064C250F8041BC1E906330B625BF8041B58
:109DBC008D615AF8041B81F839228C6259F8041B06
:109DCC0081F839228C6258F8041B81F839228C6294
:109DDC0057F8041BCD6156F8041B0A636F494EF803
:109DEC00043F81424CF8043FDBD16D4B002003F162
:109DFC00300153F8042B8B421063FAD1694B40F2BB
:109E0C001E5269485A6206F059F8684806F034F94F
:109E1C00664806F051F900210A200DF0CFFE002112
:109E2C0008200DF0CBFE002109200DF0C7FE00210B
:109E3C000B200DF0C3FE5E4B1B78002B6BD1172152
:109E4C005C4810F043FD45480DF08EF84FF480113E
:109E5C0059481DF0EDF9F8B9584A59493F480DF0E9
:109E6C009DF8C82100200EF025F9002101200EF0EC
:109E7C0021F9002102200EF01DF9F2E72B6822785F
:109E8C009B1B32B1B3F5FA6F3FF633AF10F09AFD6E
:109E9C001EE74345FAD92CE712214A4810F016FD6B
:109EAC002E480DF061F8484B93F900000B2846D86A
:109EBC00FFF762FA454B464C1D788DBB454A284648
:109ECC00454B17781E780135324639460134FBF77D
:109EDC00B5F90C2D04F8010CE8B2F4D10A200DF000
:109EEC005BFE011E3D4818BF012105F0A1FF3B4858
:109EFC0005F0CAFF10B93A4B01221A7017213948E4
:109F0C0010F0E4FC15480DF02FF801210320BDE8FA
:109F1C00F84F0DF01FBEFF210C200EF0CBF88EE792
:109F2C0000231A4603F119010233183202340C2BA8
:109F3C0004F8011C04F8022C1A46F3D1CEE70246B1
:109F4C00294906480DF02AF8B4E700BFD0D200200A
:109F5C00264A0120254A0120A0240020F03F0020A1
:109F6C0000002020140801201C73002038D200208F
:109F7C00E8AD00200000FF7F34710020A8600020B5
:109F8C0048CB0020706C0020D0AA00201461002067
:109F9C002C4700200C470020383D00203C47002077
:109FAC00B83F0020F870002074710020B8B1002078
:109FBC00FF490120C024002000B60020D824002036
:109FCC00EC24002000250020004A0120FE4901203D
:109FDC00C8790020144A0120134A0120C86C0020C3
:109FEC00074A012014250020A4230020D4D30020EC
:109FFC00A0460020B0460020C0460020D0460020DD
:10A00C00ECD200200C71002028482DE9F84305F013
:10A01C0021FF012807D9264B93F90030013302D0D8
:10A02C00244B01221A702148012505F02DFF224CEA
:10A03C00224BDFF8A08004F1FC071E4E187003E0E1
:10A04C000C340135A7422ED0204605F003FF012821
:10A05C00F6D998F80030002BF2D14FF001090F21FE
:10A06C00174886F8009010F031FC294615480CF082
:10A07C006FFF14480CF078FF0D4B93F90020013260
:10A08C00DED1691E1048114AA0FB010121FA09F129
:10A09C0019700F4B1B78002BD2D10C34013582F880
:10A0AC000090A742D0D1BDE8F88300BF807100209A
:10A0BC007F610020F84901208C710020134A012097
:10A0CC002C250020F03F0020ABAAAAAA1C4A012094
:10A0DC00FF490120054A01202DE9F04F4A4985B07E
:10A0EC004A480024484D06F02DF8494F494EDFF8F8
:10A0FC003CA1DFF83C91DFF83C810DE001284CD00D
:10A10C0001340C35013701360C2C0AF1040A09F123
:10A11C00040908F1040865D0284605F09BFE0228C6
:10A12C00ECD13978E0B2FAF73BFF4FF0E02B40234B
:10A13C003948CBF8883103F09BFF384803F098FF7F
:10A14C00D8F8000003F094FFDAF8000003F090FF59
:10A15C00D9F8000003F08CFF4023CBF8083131789C
:10A16C00DFF8D4B0002940D12D4B0393039B012081
:10A17C002C4A1B7800939BF80030DFF8C0B039787C
:10A18C009BF800C012786144C9B2F9F7CBFF9BF879
:10A19C0000203B7813443370B2E740234FF0E02BA0
:10A1AC00DAF80000CBF8883103F08AFFD9F8000008
:10A1BC0003F086FFD8F8000003F082FF4023CBF8B1
:10A1CC000831317800299BD0154B0020DFF868B09E
:10A1DC001B78154A00939BF800301278F9F7A2FF10
:10A1EC0030708DE705B0BDE8F08F0D480E4BDFF8F1
:10A1FC0048B01A7803780390002000939BF8003045
:10A20C00F9F790FFB2E700BFE4B00020B8B100202E
:10A21C00C87900202CB2002008AB0020D0AA002066
:10A22C00846100208161002088610020583F00205B
:10A23C00B83F0020883F002082610020084A01209E
:10A24C0028B921B992B11C4B1C4A1A6070470129DC
:10A25C0014D098B132B91A4B1B785BB9194A164B0A
:10A26C001A607047144B184A1A607047174BFF223C
:10A27C001A707047164A104B1A60704701280CD0A0
:10A28C0059B132B90E4B1B780BB1124AE7E7124A9F
:10A29C00E5E7094B114A1A60704720B159B11AB160
:10A2AC00054B0F4A1A607047054B1B780BB10D4AD2
:10A2BC00D5E70D4AD3E77047484700206C60002073
:10A2CC00F7490120E45F0020D45F00207F6100206B
:10A2DC00DC5F0020F85F002000600020F05F0020B1
:10A2EC00544600206C5F0020605F00202DE9F04791
:10A2FC000023104C104E04F1FC081D460F4FDFF8E4
:10A30C004090DFF840A0337020460C3405F0BCFDC3
:10A31C00A7FB0523013548B199F900205908012004
:10A32C00B2EB530F02D030708AF800104445EBD1D9
:10A33C00BDE8F0878C710020144A0120ABAAAAAAB0
:10A34C007F610020154A01202DE9F043254C83B094
:10A35C0004F12005204608340CF03CFDAC42F9D148
:10A36C00214C4FF0E0234022204DDFF8988004F17F
:10A37C0010091F4F1F4EC3F8882154F8040B03F02B
:10A38C00B3FE88B94C4505F1010508F1040807F145
:10A39C00040706F10406F0D14FF0E0234022C3F885
:10A3AC00082103B0BDE8F083D8F8000003F088FE64
:10A3BC00386803F085FE54F8040C03F081FE306815
:10A3CC0003F07EFE29780029DCD00B4B00200B4AD1
:10A3DC001B7800930A4B12781B78F9F7A3FE2870B0
:10A3EC00D0E700BF28600020183D0020D07200206C
:10A3FC00383D0020283D0020FC4901207D610020D3
:10A40C0078610020483D00202DE9F04F234C83B0AB
:10A41C00234EDFF8A89004F1100BDFF8A480214D37
:10A42C00214FDFF8A0A0DAF8003054F8041B1F4AC3
:10A43C005B1A12889A420ED35C4506F1010609F1AB
:10A44C00040908F1040805F1040507F10407EAD131
:10A45C0003B0BDE8F08F286803F046FE0028EBD06F
:10A46C00D9F8000003F02CFED8F8000003F028FE09
:10A47C00286803F025FE386803F022FE31780029A5
:10A48C00DAD00B4B00200B4A1B7800930A4B127846
:10A49C001B78F9F747FE3070CEE700BFCCB6002032
:10A4AC00D0720020183D0020283D0020746100204F
:10A4BC00FC4901207D61002078610020483D00208E
:10A4CC00383D0020D0D200202DE9F041214D84B040
:10A4DC000024002200234FF0010805F1FC071E4E5A
:10A4EC000294CDE9002328460C3505F0CDFCA6FBE3
:10A4FC000832044322F00103E4B258B103EB5203D7
:10A50C0004AAA8EB030302EB830353F8102C0132CB
:10A51C0043F8102CBD4208F10108E4D1009B022B3A
:10A52C0002DC019B022B09DD0C49FF200C4B0122A4
:10A53C0008701A7034B104B0BDE8F081029B022B94
:10A54C00F8DDF1E7064B1C7004B0BDE8F041FFF7F5
:10A55C00FBBE00BF8C710020ABAAAAAA7F610020B1
:10A56C00054A012030B59D488FB005F073FC0228D8
:10A57C00034600F08480012801D00FB030BD984B09
:10A58C00984A1B6812689B1AB3F5487FF5D92021AD
:10A59C00954810F09BF995480CF0E6FC944B954CC3
:10A5AC004FF000051A780C200021257082F0010272
:10A5BC001A700DF07FFD8E4B1B78002B00F0F58090
:10A5CC008D4B16218D481D7010F080F987480CF0CA
:10A5DC00CBFC8B4BFE2118681971A0B1894B8A4AB0
:10A5EC00C3188A481B11D154137851788B4228BF59
:10A5FC000B469178D2788B4228BF0B46934228BFEA
:10A60C00134680F87A30824B824A1B688249834811
:10A61C0093420291049000F2DD8003EB430204AB01
:10A62C00D200013A102A11D90AA8089119460093B0
:10A63C000192F9F703F808A9019A71480CF046FB4E
:10A64C00089A0AA8D26890470299009BCA681846D3
:10A65C009047734B6F4A01201B68724993420870F4
:10A66C0009D803EB4303DB00013B102B03D9644AED
:10A67C00126802B113606C4B01221A707DE75C4AC0
:10A68C00127882B15748564A054600681168091A73
:10A69C00642904D91168091AB1F5FA6F1CD313682F
:10A6AC002B600FB030BD0E21604810F00FF94F48F1
:10A6BC000CF05AFC4F4A0C20137883F00103C3EBC7
:10A6CC00032113700DF0F6FC594B93F90030013354
:10A6DC007AD0434A434DE2E71168B1EE044B019343
:10A6EC00B1EE085B081A4EF660210092B1FBF0F354
:10A6FC0007EE103A4F4B15214F4893ED006AB8EE18
:10A70C00C77B1C46B7EEC66AA6EE047B87EE056BCC
:10A71C00B7EEC66B83ED006A10F0D8F894ED000A22
:10A72C000199B7EEC00A31480CF056FC2F480CF0DA
:10A73C001BFC424BDFED427A93ED006AD4ED006ACC
:10A74C0026EE276A9FED3F7A76EEA66A3649344BA1
:10A75C0091F800C0C7EE267A2E48DFF8B4E0009AD4
:10A76C0086EE267ABCEEC77A17EE101A83ED007AC5
:10A77C00B8EE477A77EEC77AFCEEE77A17EE903AA6
:10A78C00CEED007ABCF1000F18BF0B46834286D881
:10A79C0003EB4303DB00013B102B80D918490968FC
:10A7AC0000293FF47CAF0B6079E716212648009313
:10A7BC0010F08CF80D480CF0D7FB11480CF00AFB8C
:10A7CC00184A009B1370D8E6204B0121044A054D12
:10A7DC00197064E71E4A04AB39E700BF38B2002099
:10A7EC00D0D20020B4CA002064250020F03F002005
:10A7FC00114A0120FF490120104A01208825002020
:10A80C006460002000BFF7BFD443002000E400E0E8
:10A81C00B0CA0020AAAAAA0A602D0020BD18000008
:10A82C006CB20020124A0120806100203C250020DF
:10A83C007F610020606000204C25002074600020A7
:10A84C00C0E1644CC0E1E44CA02500201C4A01206E
:10A85C002D01000000B5434883B005F0FBFA012838
:10A86C0006D8414805F0F6FA012827D803B000BDF8
:10A87C0018213E4810F02AF83D480CF075FB3D4B72
:10A88C00197819B93C4B1B78002B44D13B4B93F9ED
:10A89C0000203B49013281FB0201D017C0EB610063
:10A8AC0000EB4000A2EB80000B28187045D8FEF797
:10A8BC0063FD2D4805F0CEFA0128D7D9182131486F
:10A8CC0010F004F82A480CF04FFB2A4B197811B9F8
:10A8DC00294B1B78ABB9294B1A78013A52B2511C4F
:10A8EC001A7022D00B2A104604D803B05DF804EB82
:10A8FC00FEF742BD24491E4803B05DF804EB0CF092
:10A90C004DBB1E4B93F9000001930B2822D8FEF788
:10A91C00D3FE019BE0E7194B93F9000001930B2840
:10A92C0011D8FEF7C9FE019BB1E70B2210461A7035
:10A93C0003B05DF804EBFEF71FBD024612490C484C
:10A94C000CF02CFB8DE702460F4909480CF026FB56
:10A95C00019B9CE702460C4905480CF01FFB019B30
:10A96C00BAE700BFB8D3002074A50020B82500209A
:10A97C00F03F0020174A0120014A0120004A012023
:10A98C00ABAAAA2AD4250020A42300200000000092
:10A99C0000B52D482DED028B83B005F05BFA012834
:10A9AC0008D0022831D0294B1B782BB903B0BDEC51
:10A9BC00028B00BD254B1870254B264A93ED000ADF
:10A9CC0092ED008A12F078FDB7EEC07AF7EE000A2D
:10A9DC00B0EE480A9FED166B9FED171BA7EE061BFA
:10A9EC00B7EEC11BF9F778FC194B93ED007A9FED8C
:10A9FC00146BB7EEC77A37EE067BB7EEC77B83EDE9
:10AA0C00007A03B0BDEC028B00BD134AF7EE000ACE
:10AA1C00104992ED001A00220C4B30EEC11A91ED48
:10AA2C00000A1A700193F9F757FC019BBCE700BFB1
:10AA3C009A9999999999D93F333333333333E33F07
:10AA4C007B14AE47E17A743FC86C0020074A0120A2
:10AA5C00444700203071002068B2002030B57E4D94
:10AA6C008FB07E4C2B7823B923782BB17C4B1B7881
:10AA7C0013B17C4B1B781BB1002323700FB030BD7E
:10AA8C00162179480FF022FF78480CF06DFA7849BE
:10AA9C004FF0FD0C774801F1200E0B68083101F8DE
:10AAAC0004CCB3B103F1BF2303F577031B1100F8FA
:10AABC0003C003784278934228BF134682789342AE
:10AACC0028BF1346C278934228BF13466A4A82F8BD
:10AADC007A308E45E1D1694A4FF47A71684B12682D
:10AAEC00029301FB02F267490A328A4200F2B180FA
:10AAFC0002EB420208A95E48D2000893013A0CF01E
:10AB0C00E5F8089B0AA8DB689847029BDB6804A859
:10AB1C0098475D4B0293594B18684FF47A7300FBBE
:10AB2C0003F30193594B1A68594B0A321868009277
:10AB3C000CF03CFCDDE9002313441844514B9842C3
:10AB4C0015D800EB4002D200013A102A0FD9029B13
:10AB5C0004A90AA8009208935B689847009A08A970
:10AB6C004C480CF0B3F8089B0AA8DB689847029B8A
:10AB7C0004A8DB689847454B1B685B0003F10A028D
:10AB8C00454B02933D4B019218684FF47A7300FBCE
:10AB9C0003F300933E4B18680CF008FCDDE900321F
:10ABAC0013441844374B984215D800EB4002D2009E
:10ABBC00013A102A0FD9029B04A90AA80092089303
:10ABCC005B689847009A08A934480CF07FF8089BFA
:10ABDC000AA8DB689847029B04A8DB6898472B4BB4
:10ABEC002B491A680868254B02EB42022C491B685A
:10ABFC000A3202914FF47A71019201FB03F3009334
:10AC0C000CF0D4FBDDE90032134418441D4B984280
:10AC1C0015D800EB4002D200013A102A0FD9029B42
:10AC2C0004A90AA8009208935B689847009A08A99F
:10AC3C001C480CF04BF8089B0AA8DB689847029B51
:10AC4C0004A8DB68984700232B70002323700FB0F7
:10AC5C0030BD154B5BE700BF1C4A0120F8490120B1
:10AC6C0090610020114A0120F0250020F03F0020C7
:10AC7C0028600020D443002000E400E0CC720020C7
:10AC8C00B02D0020AAAAAA0A802D0020C85F00209F
:10AC9C005860002030600020902D0020386000208B
:10ACAC00A02D00204060002041010000F0B50020E4
:10ACBC0083B00FF0CDF8002840F0A680554B1A78E1
:10ACCC0022B155490022D1F884111A700B20534E31
:10ACDC000CF062FF011E524818BF012105F0A8F8C4
:10ACEC0009200CF059FF011E4E4818BF012105F038
:10ACFC009FF808200CF050FF011E4B4818BF012193
:10AD0C0005F096F80A200CF047FF011E474818BFC3
:10AD1C00012105F08DF84649464805F011F9FFF779
:10AD2C0037FEFFF71FFCFFF795FD3378002B68D13A
:10AD3C00414C3F4805F0A8F8054601463F480AF04B
:10AD4C007BFB23782946184320703D480AF074FB9E
:10AD5C002378294603433B4823700AF06DFB227885
:10AD6C00394B10431B78207013B93378002B4ED01D
:10AD7C00364C94F90030002B08DAFFF745F9FFF751
:10AD8C00ABF903B0BDE8F040F9F70CBA304A4FF01C
:10AD9C000305274E1370FFF7A9FA94F9000001225E
:10ADAC0010FB052000EB400006EB800005F06CF872
:10ADBC000222074694F9000010FB052000EB40002E
:10ADCC0006EB800005F060F8019094F90000214C2E
:10ADDC00013000EB400000EB400006EB800005F07A
:10ADEC0053F8019902463846FFF72AFA23782BB11B
:10ADFC00FEF750FA23780BB1FAF7A4FAFFF72EFE00
:10AE0C00BBE7FFF701FB93E7FEF712FE56E7FFF7F0
:10AE1C005BFBADE7174A012000002E40114A0120D0
:10AE2C0038B20020B8D3002074A50020C86C0020D4
:10AE3C008071002074710020014A0120887200206A
:10AE4C0074B10020BCB50020FF4901207F610020B7
:10AE5C00034A0120F849012000B583B0CC210190B0
:10AE6C000DF09EF8019803B000BD00BF2DE9F0472E
:10AE7C00BD4884B0F9F71AF8BC48F8F7B3FFBC48E2
:10AE8C00F8F7E2FEBB48F8F7DFFEBB48F9F70EF81F
:10AE9C00BA48F8F7A7FFBA48F8F776FFB948F8F7B9
:10AEAC00D3FEB948F8F7D0FEB848F8F7CDFEB8484D
:10AEBC00F8F7FCFFB748F8F7C7FEB748F8F7F6FF06
:10AECC00B648F8F7C1FEB648F8F7BEFEB548F8F735
:10AEDC00EDFFB548F8F7B8FEB448F8F7B5FEB4483E
:10AEEC00F8F7E4FFB348F8F7ABFFB348F8F7A8FF5F
:10AEFC00B248F8F7A5FFB248F8F7A2FFB148F8F747
:10AF0C009FFFB148F8F79CFFB048F8F799FFB0489D
:10AF1C00F8F796FFAF48F8F793FFAF48F8F790FFB4
:10AF2C00AE48F8F78DFFAE48F8F78AFFAD48F8F752
:10AF3C00BDFFAD48F8F756FFAC48F8F753FFAC48E7
:10AF4C00F8F750FFAB48F8F74DFFAB48F8F74AFF5E
:10AF5C00AA48F8F747FFAA48F8F744FFA948F8F7BA
:10AF6C0041FFA948F8F73EFFA848F8F73BFFA8486F
:10AF7C00F8F738FFA748F8F735FFA748F8F704FFAC
:10AF8C00A648F8F701FFA648F8F7FEFEA548F8F723
:10AF9C00FBFEA548F8F758FEA448F8F755FEA44860
:10AFAC00F8F752FEA348F8F74FFEA348F8F74CFE0B
:10AFBC00A248F8F749FEA248F8F746FEA148F8F770
:10AFCC0043FEA148F8F740FEA048F8F73DFEA04824
:10AFDC00F8F73AFE9F48F8F737FE9F48F8F734FE2B
:10AFEC009E48F8F731FE9E48F8F72EFE9D48F8F77C
:10AFFC002BFE9D48F8F728FE9C48F8F725FE9C4848
:10B00C00F8F722FE9B48F8F71FFE9B48F8F71CFE4A
:10B01C009A48F8F719FE9A48F8F716FE9948F8F787
:10B02C0013FE9948F8F710FE9848F8F70DFE98486B
:10B03C00F8F70AFE9748F8F707FE9748F8F704FE6A
:10B04C009648F8F701FE9648F8F7FEFD9548F8F794
:10B05C00FBFD9548F8F7F8FD9448F8F7F5FD944892
:10B06C00F8F7F2FD9348F8F7EFFD9348F8F740FF37
:10B07C009248F8F7E5FE9248F8F73AFF9148F8F74E
:10B08C00DFFE9148F8F7DCFE9048F8F7D9FE9048BF
:10B09C00F8F7D6FE8F48F8F7D3FE8F48F8F7A2FEE4
:10B0AC008E48F8F725FF8E48F8F7CAFE8D48F8F75A
:10B0BC00C7FE8D48F8F7C4FE8C48F8F719FF8C488A
:10B0CC00F8F7BEFE8B48F8F7BBFE8B48F8F7B8FED6
:10B0DC008A48F8F721FE8A48F8F71EFE8948F8F7E7
:10B0EC001BFE8948F8F718FE8848F8F715FE8848C3
:10B0FC00F8F712FE8748F8F70FFE8748F8F70CFEB2
:10B10C008648F8F709FE8648F8F706FE8548F8F7F2
:10B11C0003FE8548F8F700FE8448F8F735FE8448AE
:10B12C00F8F732FE8348F8F72FFE8348F8F78CFDCA
:10B13C008248F8F729FE8248F8F726FE8148F8F78E
:10B14C0023FE8148F8F780FD8048F8F77DFD8048A4
:10B15C00F8F77AFD7F48F8F717FE7F48F8F714FEEA
:10B16C007E48F8F711FEFBE080D00020A8D000202C
:10B17C00D0AA002008AB00200078002028780020FE
:10B18C00706C00206C070120F4FA0020BCFA00203F
:10B19C0060EF0020A407012010FC00200CEE002022
:10B1AC0044EE0020B0E2002094E100205CE100209D
:10B1BC0000D6002090210120681A012024250120AE
:10B1CC004C2C0120AC0F0120FC1D0120D4160120B9
:10B1DC00B8280120E02F0120180C01207433012025
:10B1EC0040130120E8AD002038480120F84101202F
:10B1FC008843012008370120483D0120D83E01201A
:10B20C006840012018450120A8460120283A012059
:10B21C0098380120B83B01202CFB0020DC070120D2
:10B22C007CEE0020CCE1002070A60020A8A6002017
:10B23C0018A7002050A7002088A7002090A5002068
:10B24C00E0A6002038A60020F8A7002000A60020C9
:10B25C00C8A50020C0A70020F0A9002060AA0020EB
:10B26C0068A80020D8A80020B8A9002028AA00208F
:10B27C0098AA002048A9002080A90020A0A800209E
:10B28C0030A8002010A9002038AD002078AB002099
:10B29C0070AD0020A8AD0020C8AC002000AD00208F
:10B2AC00B0AB002090AC0020E8AB002040AB0020FD
:10B2BC0020AC002058AC0020C0EF002008F7002084
:10B2CC0070FC002074F30020B8030120E0EF002094
:10B2DC002400012090FC0020D073002010E30020FB
:10B2EC0058EA0020C4E6002030E3002060D600209D
:10B2FC00A8DD002080D6002014DA002078AF0020D2
:10B30C00B4AF002010AE00202CB0002000AF002005
:10B31C0068B000203CAF0020F0AF0020A4B00020AB
:10B32C0088AE0020C4AE00204CAE002048D30020D4
:10B33C0010D3002080D300209CFB002088EF00203D
:10B34C0038FC0020D8E20020ECEE00203CE200208B
:10B35C008CD5002028D60020D8D2002030CE00205A
:10B36C00B148F8F711FDB148F8F70EFDB048F8F701
:10B37C0039FDB048F8F7D0FCAF48F8F7CDFCAF4832
:10B38C00F8F7CAFCAE48F8F7C7FCAE48F8F7FCFC77
:10B39C00AD48F8F759FCAD48F8F756FCAC48F8F74F
:10B3AC0053FCAC48F8F750FCAB4A0221DFF8A0A3E1
:10B3BC00A2F118001446F8F723FCA84A022144F81D
:10B3CC0018ACA2F118001446F8F71AFCA44A022192
:10B3DC0044F818ACA2F118001446F8F711FCA14A75
:10B3EC00022144F818ACA2F118001446F8F708FC36
:10B3FC009D4A012144F818ACA2F118000024F8F77A
:10B40C00FFFB994B994DA3F11800994A994943F8C0
:10B41C00185C5C600FF0C6FB9748F8F7B5FC9748D2
:10B42C00F8F7B2FC9648F8F777FC964A0121964F4C
:10B43C00A2F11800DFF81C83F8F7E2FB914B8C4A61
:10B44C00A3F118008B4943F8185C5C600FF0AAFB61
:10B45C008E48F8F799FC8E48F8F796FC8D48F8F76B
:10B46C00C1FC8D48F8F790FC8C48F8F755FC8C48DB
:10B47C00F8F71EFC8B48F8F7B5FC8B48F8F784FC02
:10B48C008A4A02211546A2F11800F8F7B9FB884840
:10B49C0045F818ACF8F778FC8648F8F73DFC864878
:10B4AC00F8F706FC854A3B681461C2F800801481E9
:10B4BC00D460002B02F09D8319465B69002BFBD1F5
:10B4CC004A6100247E4B7D4801251360022654619D
:10B4DC004FF003095460947203F0E8F87948F8F7D8
:10B4EC0053FC7948F8F718FC7848F8F74DFC784A83
:10B4FC0078497948F8F772FB5D4A784976480FF03D
:10B50C0051FB774A77497848F8F768FB584A7349F2
:10B51C0075480FF047FB75480BF0E0F9744B224669
:10B52C006B49009571480BF05BFA514A6B496F48B7
:10B53C000FF038FB6F480BF0D1F96D4B2246684980
:10B54C006C4800940BF04CFA494A644969480FF076
:10B55C0029FB694A69496A48F8F740FB444A5F4944
:10B56C0067480FF01FFB674A64496748F8F736FBDA
:10B57C003F4A5A4964480FF015FB644A5F496448D6
:10B58C00F8F72CFB3A4A554961480FF00BFB614A1E
:10B59C005A496148F8F722FB354A50495E480FF08A
:10B5AC0001FB5E4A5E495F48F8F718FB304A4B498D
:10B5BC005C480FF0F7FA5C4A59495C48F8F70EFB07
:10B5CC002B4A464959480FF0EDFA594A5449594803
:10B5DC00F8F704FB264A414956480FF0E3FA564A5D
:10B5EC004F495648F8F7FAFA214A3C4953480FF0AC
:10B5FC00D9FA53480BF072F9524B22463C49504849
:10B60C0000940BF0EDF91A4A34494D480FF0CAFA80
:10B61C004D480BF063F94D4B224635494A4800948E
:10B62C000BF0DEF998E000BFC0CD0020F8CD002073
:10B63C0070760020D4FB002074E2002024EF002060
:10B64C00C4D50020F870002054D50020B4EE0020A2
:10B65C0004E2002064FB002004EE0020B4FA002079
:10B66C006407012054E1002050D20020682C0020F7
:10B67C00E4430020EDAC00005CD20020E47200201A
:10B68C00F06B002034730020FC6C002048CB0020B1
:10B69C0040730020F0CE002094D20020B06B00202C
:10B6AC00A48F002088CB002034710020A0CE002075
:10B6BC0098730020306C0020D479002044B2002014
:10B6CC00882B002018CD0020686B0020D07500203E
:10B6DC00D0AA002080D00020F4B600208D350100C7
:10B6EC0008AB0020A8D00020A0BF0020ECC3002095
:10B6FC00706C0020C8C400205CE1002000780020A1
:10B70C00A4C500200CEE002080C60020BCFA00204E
:10B71C005CC700206C07012038C8002094E1002091
:10B72C002878002014C9002044EE002008B700201F
:10B73C00F4FA0020E4B70020A4070120C0B80020D0
:10B74C009CB90020180C012078BA0020681A01203E
:10B75C00442C0020202B0020A54AA649A6480FF017
:10B76C0021FAA6480BF0BAF8A54B2246A549A348E6
:10B77C0000940BF035F99E4A9E49A0480FF012FA3E
:10B78C00A1480BF0ABF8A14B22469E499E48009471
:10B79C000BF026F9964A97499B480FF003FA9C4800
:10B7AC000BF09CF89B4B22469649994800940BF061
:10B7BC0017F98F4A8F4996480FF0F4F996480BF019
:10B7CC008DF8964B22468F49934800940BF008F95C
:10B7DC00874A884990480FF0E5F991480BF07EF8BC
:10B7EC00904B224687498E4800940BF0F9F8804A1A
:10B7FC0080498B480FF0D6F98B480BF06FF88B4BC8
:10B80C0022468049884800940BF0EAF8784A794936
:10B81C0085480FF0C7F986480BF060F8854B224637
:10B82C007849834800940BF0DBF8714A71498048E1
:10B83C000FF0B8F980480BF051F8804B2246714953
:10B84C007D4800940BF0CCF8694A6A497A480FF0AD
:10B85C00A9F97B480BF042F87A4B224669497848A3
:10B86C0000940BF0BDF8624A624975480FF09AF9E2
:10B87C0075480BF033F8754B2246624972480094B8
:10B88C000BF0AEF85A4A5B496F480FF08BF97048D1
:10B89C000BF024F86F4B22466F4900956C480BF067
:10B8AC009FF8534A53496A480FF07CF96B480BF0E8
:10B8BC0015F86B4B22466B49684800940BF090F8D6
:10B8CC004B4A4C4965480FF06DF967480BF006F888
:10B8DC00634B22466549009563480BF081F8444A56
:10B8EC00444961480FF05EF961480AF0F7FF5C4B80
:10B8FC002246604900965E480BF072F83C4A3D497E
:10B90C005B480FF04FF95C480AF0E8FF514B2246B8
:10B91C005A49594800940BF063F8354A3549564852
:10B92C000FF040F956480AF0D9FF4A4B22465549C8
:10B93C00009653480BF054F82D4A2E4950480FF0FE
:10B94C0031F951480AF0CAFF504B22465049009534
:10B95C004D480BF045F8264A26494B480FF022F982
:10B96C004C480AF0BBFF494B22464B4949480094CE
:10B97C000BF036F81E4A1F4946480FF013F947489A
:10B98C000AF0ACFF414B22464549009643480BF068
:10B99C0027F8174A174941480FF004F941480AF0B3
:10B9AC009DFF414B224641493E4800940BF018F84C
:10B9BC000F4A10493B480FF0F5F83D480AF08EFF4E
:10B9CC00394B22463B49009539480BF009F8084A97
:10B9DC00084937480FF0E6F837480AF07FFF324B3A
:10B9EC0022463649009634480AF0FAFF68E000BF58
:10B9FC00E44300208D35010078BA002054BB0020B0
:10BA0C00FC1D0120706C002030BC00209021012016
:10BA1C000CBD002024250120E8BD0020B828012001
:10BA2C00C4BE00204C2C0120B4BF0020E02F01200C
:10BA3C00ACC20020743301204CC30020AC0F012099
:10BA4C0060C300204013012074C30020D4160120D1
:10BA5C0088C30020DC0701206C0701209CC3002058
:10BA6C002CFB0020F4FA0020B0C30020BCFA00200C
:10BA7C00C4C3002060EF0020D8C30020A40701201D
:10BA8C0000C4002010FC002014C400207CEE002018
:10BA9C000CEE002028C4002044EE00203CC4002002
:10BAAC00B0E2002050C40020CCE1002094E1002042
:10BABC0064C400205CE1002078C4002000D6002083
:10BACC009E4A9F499F480FF06DF89F4A9F49A04896
:10BADC00F8F784F8994A9A499D480FF063F89D4A03
:10BAEC009D499E48F8F77AF8944A95499B480FF07F
:10BAFC0059F89B4A9B499C48F8F770F88F4A904933
:10BB0C0099480FF04FF8994A99499A48F8F766F80E
:10BB1C008A4A8B4997480FF045F8974A97499848B5
:10BB2C00F8F75CF8854A864995480FF03BF8954A3A
:10BB3C0095499648F8F752F8804A814993480FF096
:10BB4C0031F8934A93499448F8F748F87B4A7C4972
:10BB5C0091480FF027F8914A91499248F8F73EF82E
:10BB6C00764A77498F480FF01DF88F4A8F499048D5
:10BB7C00F8F734F8714A72498D480FF013F88D4A72
:10BB8C008D498E48F8F72AF86C4A6D498B480FF0AE
:10BB9C0009F88B4A8B498C48F8F720F8674A6849B2
:10BBAC0089480EF0FFFF894A89498A48F8F716F848
:10BBBC00624A634987480EF0F5FF874A87498848EF
:10BBCC00F8F70CF85D4A5E4985480EF0EBFF854AA4
:10BBDC0082498548F8F702F8584A594982480EF0CC
:10BBEC00E1FF824A7D498248F7F7F8FF534A5449EE
:10BBFC007F480EF0D7FF7F4A78497F48F7F7EEFF72
:10BC0C004E4A4F497C480EF0CDFF7C4A73497C4824
:10BC1C00F7F7E4FF494A4A4979480EF0C3FF794ADD
:10BC2C006E497948F7F7DAFF444A454976480EF0F1
:10BC3C00B9FF764A69497648F7F7D0FF3F4A404941
:10BC4C0073480EF0AFFF734A64497348F7F7C6FFA9
:10BC5C003A4A3B4970480EF0A5FF704A5F4970485C
:10BC6C00F7F7BCFF354A36496D480EF09BFF6D4A1D
:10BC7C005A496D48F7F7B2FF304A31496A480EF01D
:10BC8C0091FF6A4A55496A48F7F7A8FF2B4A2C4995
:10BC9C0067480EF087FF674A50496748F7F79EFFE1
:10BCAC00264A274964480EF07DFF644A644965487A
:10BCBC00F7F794FF214A224962480EF073FF624A5B
:10BCCC0062496348F7F78AFF1C4A1D4960480EF029
:10BCDC0069FF604A60496148F7F780FF174A1849C5
:10BCEC005E480EF05FFF5E4A5E495F48F7F776FFED
:10BCFC00124A13495C480EF055FF5C4A5C495D489A
:10BD0C00F7F76CFF0D4A0E495A480EF04BFF5A4A92
:10BD1C005A495B48F7F762FF084A094958480EF040
:10BD2C0041FF584A58495948F7F758FF034A044904
:10BD3C0056480EF037FF564AACE000BFE4430020F3
:10BD4C008D35010078C4002080A9002090210120AD
:10BD5C008CC4002010A90020681A0120A0C4002067
:10BD6C00B8A9002024250120B4C4002028AA002052
:10BD7C004C2C0120DCC4002068A80020AC0F012052
:10BD8C00F0C4002048A90020FC1D012004C500209F
:10BD9C00D8A80020D416012018C50020F0A9002036
:10BDAC00B82801202CC5002060AA0020E02F01201B
:10BDBC0040C5002030A80020180C012054C50020DC
:10BDCC0098AA00207433012068C50020A0A8002088
:10BDDC00401301207CC5002090A50020E8AD002078
:10BDEC0090C5002070A60020B8C50020A8A6002091
:10BDFC00CCC50020E0A60020E0C5002018A700203C
:10BE0C00F4C5002050A7002008C6002088A70020F9
:10BE1C001CC60020C0A7002030C60020F8A70020B8
:10BE2C0044C60020C8A5002058C6002000A600204B
:10BE3C006CC6002038A6002094C60020A8AD0020B7
:10BE4C0038480120A8C60020C8AC0020F8410120C9
:10BE5C00BCC6002000AD002088430120D0C60020C5
:10BE6C0040AB002008370120E4C6002020AC0020A5
:10BE7C00483D0120F8C6002058AC0020D83E0120D7
:10BE8C000CC7002090AC00206840012020C7002087
:10BE9C0038AD0020A449A548F7F7A0FEA44AA5494F
:10BEAC00A2480EF07FFEA44AA449A548F7F796FED7
:10BEBC009F4AA049A2480EF075FEA24AA249A34887
:10BECC00F7F78CFE9A4A9B49A0480EF06BFEA04AED
:10BEDC00A049A148F7F782FE954A96499E480EF074
:10BEEC0061FE9E4A9E499F48F7F778FE904A914919
:10BEFC009C480EF057FE9C480AF0F0FC9B4B2246E7
:10BF0C009B49994800940AF06BFD894A89499648E7
:10BF1C000EF048FE97480AF0E1FC974B22469449F4
:10BF2C00944800940AF05CFD814A824991480EF0D5
:10BF3C0039FE92480AF0D2FC914B22468C498F482C
:10BF4C0000940AF04DFD7A4A7A498C480EF02AFE8C
:10BF5C008C480AF0C3FC8C4B22468C4989480094CF
:10BF6C000AF03EFD724A734986480EF01BFE884863
:10BF7C000AF0B4FC874B22468449854800940AF0A9
:10BF8C002FFD6B4A6B4982480EF00CFE82480AF07A
:10BF9C00A5FC824B22467D497F4800940AF020FD87
:10BFAC00634A64497C480EF0FDFD7D480AF096FC1E
:10BFBC007C4B22467C497A4800940AF011FD5C4A7D
:10BFCC005C4977480EF0EEFD78480AF087FC784B18
:10BFDC0022467549754800940AF002FD544A5549A9
:10BFEC0072480EF0DFFD73480AF078FC724B224663
:10BFFC006D49704800940AF0F3FC4D4A4D496D4868
:10C00C000EF0D0FD6D480AF069FC6D4B22466D496F
:10C01C006A4800940AF0E4FC454A464967480EF029
:10C02C00C1FD69480AF05AFC684B224665496648CE
:10C03C0000940AF0D5FC3E4A3E4963480EF0B2FD2E
:10C04C0063480AF04BFC634B22465E4960480094FF
:10C05C000AF0C6FC364A37495D480EF0A3FD5E482F
:10C06C000AF03CFC5D4B22465D4900955A480AF0AB
:10C07C00B7FC2F4A2F4958480EF094FD59480AF046
:10C08C002DFC594B22465949009556480AF0A8FCFC
:10C09C00274A284953480EF085FD55480AF01EFCE6
:10C0AC00544B22465449009551480AF099FC204AB9
:10C0BC0020494F480EF076FD50480AF00FFC504BCB
:10C0CC002246504900954D480AF08AFC184A1949F5
:10C0DC004A480EF067FD4C480AF000FC4B4B2246D8
:10C0EC004B49009548480AF07BFC114A11494648D7
:10C0FC000EF058FD47480AF0F1FB474B22464749E2
:10C10C00009544480AF06CFC094A0A4941480EF073
:10C11C0049FD43480AF0E2FB424B22464249009556
:10C12C003F480AF05DFC81E01845012034C700202F
:10C13C00E44300208D35010070AD0020A84601209D
:10C14C0048C70020B0AB0020283A012070C700205F
:10C15C0078AB00209838012084C70020E8AB002081
:10C16C00B83B012098C70020ACC70020E0EF0020AE
:10C17C002CFB0020C0C7002074F30020D4C7002083
:10C18C0008F70020E8C7002090FC0020DC07012005
:10C19C00FCC700202400012010C80020B803012097
:10C1AC0024C8002030E300207CEE00204CC8002086
:10C1BC00C4E6002060C8002058EA002074C80020A3
:10C1CC0080D60020CCE1002088C8002014DA0020A2
:10C1DC009CC80020A8DD0020B0C8002000AF0020C3
:10C1EC0070A60020C4C800203CAF0020A8A60020E8
:10C1FC00D8C80020B4AF002018A70020ECC800203D
:10C20C00F0AF002050A7002000C900202CB0002067
:10C21C0088A7002028C9002010AE002090A500207F
:10C22C003CC9002078AF0020E0A60020A54AA64912
:10C23C00A6480EF0B7FCA6480AF050FBA54B2246C8
:10C24C00A5490095A2480AF0CBFB9E4A9E49A048FE
:10C25C000EF0A8FCA1480AF041FBA14B2246A149D3
:10C26C0000959E480AF0BCFB964A97499B480EF0F5
:10C27C0099FC9D480AF032FB9C4B22469C49009548
:10C28C0099480AF0ADFB8F4A8F4997480EF08AFC0B
:10C29C0098480AF023FB984B2246984900959548FC
:10C2AC000AF09EFB874A884992480EF07BFC944822
:10C2BC000AF014FB934B22469349009590480AF0E0
:10C2CC008FFB804A80498E480EF06CFC8F480AF038
:10C2DC0005FB8F4B22468F498C4800940AF080FB5B
:10C2EC00784A794989480EF05DFC8B480AF0F6FAD9
:10C2FC00844B22468949884800940AF071FB714AA4
:10C30C00714985480EF04EFC85480AF0E7FA7A4BE5
:10C31C0022468449824800940AF062FB694A6A49C1
:10C32C007F480EF03FFC80480AF0D8FA694B224651
:10C33C007E497D4800940AF053FB624A62497A4870
:10C34C000EF030FC7A480AF0C9FA7A4B22467A4948
:10C35C00774800940AF044FB5A4A5B4974480EF043
:10C36C0021FC76480AF0BAFA754B22467549734897
:10C37C0000940AF035FB534A534970480EF012FCF6
:10C38C0071480AF0ABFA564B224670496E4800943D
:10C39C000AF026FB4B4A4C496B480EF003FC6C48E8
:10C3AC000AF09CFA6B4B22466B49694800940AF0E0
:10C3BC0017FB444A444966480EF0F4FB67480AF000
:10C3CC008DFA674B22466749644800940AF008FBD3
:10C3DC003C4A3D4961480EF0E5FB63480AF07EFAA1
:10C3EC00424B22466149604800940AF0F9FA354AFA
:10C3FC0035495D480EF0D6FB5D480AF06FFA5D4B8F
:10C40C0022465D495A4800940AF0EAFA2D4A2E4910
:10C41C0057480EF0C7FB59480AF060FA584B2246B1
:10C42C005849564800940AF0DBFA264A26495348E4
:10C43C000EF0B8FB54480AF051FA544B22465449BA
:10C44C00009651480AF0CCFA1E4A1F494E480EF08D
:10C45C00A9FB50480AF042FA4F4B22464F4900952F
:10C46C004C480AF0BDFA174A17494A480EF09AFB95
:10C47C004B480AF033FA454B22464A494848CDF816
:10C48C0000900AF0ADFA0F4A0F4945480EF08AFBAE
:10C49C0045480AF023FA404B22464449424800944E
:10C4AC000AF09EFA074A08493F480EF07BFB4048C9
:10C4BC000AF014FA354B22463E493D4800940AF0E6
:10C4CC008FFA79E0E44300208D3501003CC900204F
:10C4DC0050C90020C4AE002038A6002064C900203A
:10C4EC00A4B00020F8A7002078C9002088AE002056
:10C4FC0000A600208CC900204CAE0020C8A500204E
:10C50C00A0C9002068B00020C0A70020B4C900203A
:10C51C00F0AF0020F0A90020C8C9002060AA0020BC
:10C52C00DCC9002068A800201CB70020D8A8002077
:10C53C0030B70020B4AF0020B8A9002044B70020C9
:10C54C002CB0002028AA002058B7002098AA002060
:10C55C006CB700203CAF002048A9002080B7002019
:10C56C0078AF002080A9002094B70020A0A800205C
:10C57C00A8B7002010AE002030A80020BCB70020C7
:10C58C0000AF002010A90020D0B7002048D3002015
:10C59C0038AD0020F8B7002080D3002078AB002005
:10C5AC000CB8002070AD002020B80020A8AD0020F1
:10C5BC0034B80020C8AC0020A64AA749A7480EF002
:10C5CC00F1FAA7480AF08AF9A64B2246A64900952B
:10C5DC00A3480AF005FA9F4A9F49A1480EF0E2FAD7
:10C5EC00A2480AF07BF9A24B2246A24900969F482A
:10C5FC000AF0F6F9974A98499C480EF0D3FA9E48EF
:10C60C000AF06CF99D4B22469D499B48CDF8009051
:10C61C000AF0E6F98F4A904997480EF0C3FA994808
:10C62C000AF05CF9924B224697499648CDF8009057
:10C63C000AF0D6F9874A884992480EF0B3FA934823
:10C64C000AF04CF98D4B22469149904800940AF01F
:10C65C00C7F9804A80498D480EF0A4FA8D480AF03B
:10C66C003DF9864B22468C4900958A480AF0B8F968
:10C67C00784A794987480EF095FA88480AF02EF9DD
:10C68C007E4B22468649009684480AF0A9F9714AE5
:10C69C00714982480EF086FA82480AF01FF9824BE3
:10C6AC00224682497F48CDF800900AF099F9694AF0
:10C6BC0069497C480EF076FA7D480AF00FF97A4BFE
:10C6CC0022467C4900967A480AF08AF9614A624906
:10C6DC0077480EF067FA78480AF000F9774B224653
:10C6EC0077497548CDF800900AF07AF9594A5A49B9
:10C6FC0071480EF057FA73480AF0F0F86A4B22466C
:10C70C00714900956F480AF06BF9524A52496D48CD
:10C71C000EF048FA6D480AF0E1F8684B22466C4975
:10C72C0000966A480AF05CF94A4A4B4967480EF091
:10C73C0039FA68480AF0D2F85B4B224666496548DC
:10C74C0000940AF04DF9434A434962480EF02AFA24
:10C75C0062480AF0C3F8594B2246614900955F487C
:10C76C000AF03EF93B4A3C495C480EF01BFA5D4826
:10C77C000AF0B4F8514B22465B495A4800940AF02F
:10C78C002FF9344A344957480EF00CFA574A584995
:10C79C005848F7F723FA2F4A2F4956480EF002FA59
:10C7AC00554A53495548F7F719FA2A4A2A49534822
:10C7BC000EF0F8F9524A4E495248F7F70FFA254A4B
:10C7CC00254950480EF0EEF94F4A49494F48F7F7C2
:10C7DC0005FA204A20494D480EF0E4F94C480AF07D
:10C7EC007DF84C4B22464C494948CDF800900AF054
:10C7FC00F7F8184A184946480EF0D4F947480AF099
:10C80C006DF8444B22464649009644480AF0E8F835
:10C81C00104A114941480EF0C5F942480AF05EF839
:10C82C003C4B2246404900953E480AF0D9F8094A4B
:10C83C0009493C480EF0B6F93C480AF04FF8354B24
:10C84C0022463B49394800940AF0CAF8014A024989
:10C85C0070E000BFE44300208D35010034B80020A7
:10C86C0048B8002048D3002000AD00205CB8002060
:10C87C0080D30020B0AB002070B8002010D3002073
:10C88C0090AC002084B80020E8AB002098B80020C1
:10C89C0040AB0020ACB8002020AC0020D4B8002065
:10C8AC0058AC0020E8B8002088EF0020C0EF002032
:10C8BC00FCB8002008F7002010B9002038FC00203C
:10C8CC0070FC002024B9002074F3002038B900203B
:10C8DC00B80301204CB90020E0EF002060B9002023
:10C8EC002400012074B9002090FC00208CD500207D
:10C8FC00D073002088B900203CE20020B0B90020A1
:10C90C00ECEE0020C4B900209CFB0020D8B900201C
:10C91C00ECB90020D8E2002010E3002000BA00207F
:10C92C0058EA002014BA0020C4E6002028BA0020DF
:10C93C0030E30020A7480EF035F9A74809F0CEFFE8
:10C94C00A64B2246A649A448CDF800900AF048F818
:10C95C00A44AA549A0480EF025F9A44809F0BEFF49
:10C96C009E4B2246A2490096A0480AF039F89D4AEF
:10C97C009D499E480EF016F99E4809F0AFFF974B63
:10C98C0022469D499B4800940AF02AF8954A9649FC
:10C99C0098480EF007F9994809F0A0FF8F4B2246F2
:10C9AC009749009595480AF01BF88E4A8E49934892
:10C9BC000EF0F8F8934809F091FF934B22469349F7
:10C9CC009048CDF800900AF00BF8864A86498D48BD
:10C9DC000EF0E8F88E4809F081FF8E4B22468E4906
:10C9EC008B48009409F0FCFF7E4A7F4988480EF082
:10C9FC00D9F88A4809F072FF834B22468849874848
:10CA0C00009409F0EDFF774A774984480EF0CAF894
:10CA1C00844809F063FF7F4B224683490096814886
:10CA2C0009F0DEFF6F4A70497E480EF0BBF87F4874
:10CA3C0009F054FF744B22467D4900957B4809F060
:10CA4C00CFFF684A684979480EF0ACF8794809F08C
:10CA5C0045FF704B224678497648CDF8009009F096
:10CA6C00BFFF604A604973480EF09CF8734809F0A8
:10CA7C0035FF654B224672490096704809F0B0FFAD
:10CA8C00584A59496D480EF08DF86E4809F026FF4A
:10CA9C00604B22466C4900956A4809F0A1FF514A47
:10CAAC00514968480EF07EF8684809F017FF684B4A
:10CABC00224668496548009409F092FF494A4A4960
:10CACC0062480EF06FF8644809F008FF604B22468C
:10CADC0062490096604809F083FF424A42495E4829
:10CAEC000EF060F85E4809F0F9FE594B22465D499C
:10CAFC005B48CDF8009009F073FF3A4A3A49584820
:10CB0C000EF050F8584809F0E9FE514B22465749AF
:10CB1C000095554809F064FF324A334952480EF0EB
:10CB2C0041F8534809F0DAFE524B2246524900951F
:10CB3C004F4809F055FF2B4A2B494D480EF032F85F
:10CB4C004E4809F0CBFE4B4B22464D494B480094C6
:10CB5C0009F046FF234A244948480EF023F8494877
:10CB6C0009F0BCFE434B224647490096454809F064
:10CB7C0037FF1C4A1C4943480EF014F8434809F08F
:10CB8C00ADFE434B224643490095404809F028FF2F
:10CB9C00144A15493D480EF005F83F4809F09EFE31
:10CBAC003E4B22463E493C48009409F019FF0D4A81
:10CBBC000D4939480DF0F6FF3A4809F08FFE344B19
:10CBCC00224639493748009409F00AFF054A0649BC
:10CBDC006CE000BF28BA00203CBA002028D6002008
:10CBEC0060D60020E44300208D35010050BA0020AF
:10CBFC00A8DD002064BA002080D600208CBA00206A
:10CC0C0014DA0020A0BA0020C0CD002078AF00209C
:10CC1C00B4BA0020F8CD0020B4AF0020C8BA002070
:10CC2C0010AE0020DCBA00202CB00020F0BA00209E
:10CC3C0000AF002004BB002068B0002018BB00200F
:10CC4C003CAF00202CBB0020F0AF002040BB0020EC
:10CC5C0030CE0020A4B0002068BB002088AE00209D
:10CC6C007CBB0020C4AE002090BB00204CAE00204A
:10CC7C00A4BB0020D8D2002048D30020B8BB002091
:10CC8C0010D30020CCBB002080D30020E0BB0020C0
:10CC9C00D4FB00209CFB0020F4BB002024EF0020E0
:10CCAC0088EF002008BC002038FC0020A4480DF0C0
:10CCBC0079FFA44809F012FEA34B2246A349A148D0
:10CCCC00009409F08DFEA24AA2499E480DF06AFF1D
:10CCDC00A14809F003FEA14B2246A14900959E48AC
:10CCEC0009F07EFE9A4A9B499B480DF05BFF9D48DC
:10CCFC0009F0F4FD944B22469B490095994809F0A4
:10CD0C006FFE934A934997480DF04CFF974809F0F2
:10CD1C00E5FD974B224697490095944809F060FE33
:10CD2C008B4A8C4991480DF03DFF934809F0D6FD94
:10CD3C008F4B224691499048009409F051FE844A49
:10CD4C0084498D480DF02EFF8D4809F0C7FD8D4BA1
:10CD5C0022468D498A48CDF8009009F041FE7C4A64
:10CD6C007C4987480DF01EFF884809F0B7FD854BBC
:10CD7C00224687490096854809F032FE744A754967
:10CD8C0082480DF00FFF834809F0A8FD7D4B224629
:10CD9C0081498048009409F023FE6D4A6D497D4815
:10CDAC000DF000FF7D4809F099FD764B22467C4939
:10CDBC0000957A4809F014FE654A664977480DF0EB
:10CDCC00F1FE784A78497948F6F708FF604A6149DC
:10CDDC0076480DF0E7FE764A73497648F6F7FEFE84
:10CDEC005B4A5C4973480DF0DDFE734A6E4973482B
:10CDFC00F6F7F4FE564A574970480DF0D3FE704AC8
:10CE0C0069497048F6F7EAFE514A52496D480DF0EF
:10CE1C00C9FE6D4809F062FD6C4B22466C496A48AC
:10CE2C00009409F0DDFD4A4A4A4967480DF0BAFE04
:10CE3C00684809F053FD684B224643496548009405
:10CE4C0009F0CEFD424A434962480DF0ABFE6348FF
:10CE5C0009F044FD624B224640496048009409F0B9
:10CE6C00BFFD3B4A3B495D480DF09CFE5D4809F017
:10CE7C0035FD5D4B22463E495A48009409F0B0FD01
:10CE8C00334A344957480DF08DFE584A3D495848AD
:10CE9C00F6F7A4FE2E4A2F4955480DF083FE55484F
:10CEAC0009F01CFD544B224636495248009409F0B7
:10CEBC0097FD274A27494F480DF074FE4F4809F05B
:10CECC000DFD494B2246374900954C4809F088FD29
:10CEDC001F4A204949480DF065FE494809F0FEFCFF
:10CEEC003F4B224634490095454809F079FD184AD4
:10CEFC00184943480DF056FE424809F0EFFC364BFA
:10CF0C0022462B4900953F4809F06AFD104A114909
:10CF1C003C480DF047FE3C4809F0E0FC2B4B224608
:10CF2C0027490095384809F05BFD094A09493648FC
:10CF3C000DF038FE354809F0D1FC354B224669E03E
:10CF4C0008BC00201CBC002074E20020D8E20020A9
:10CF5C00E44300208D35010044BC002024EF002068
:10CF6C00ECEE002058BC00203CE200206CBC002001
:10CF7C00C4D500208CD5002080BC002028D60020F1
:10CF8C0094BC0020F8700020D8D20020A8BC00204F
:10CF9C0030CE0020BCBC0020C0CD0020D0BC002076
:10CFAC00F8CD002054D5002070760020E4BC002081
:10CFBC0004E20020F8BC0020B4EE002020BD0020CC
:10CFCC0064FB002034BD002048BD00204C0701202C
:10CFDC00D4FB00205CBD0020ECED002070BD0020D7
:10CFEC009CFA002084BD00203CE1002038D20020B7
:10CFFC0098BD0020ACBD00205CD20020C0BD00203C
:10D00C00D4BD0020FCBD002010BE002024BE00209A
:10D01C00E4720020A6490095A64809F0E1FCA64A56
:10D02C00A649A4480DF0BEFDA54809F057FCA54B38
:10D03C002246A5490096A24809F0D2FC9E4A9F4977
:10D04C009F480DF0AFFDA14809F048FC9D4B2246CE
:10D05C009F499E48CDF8009009F0C2FC964A97492A
:10D06C009A480DF09FFD9B4809F038FC954B2246E1
:10D07C0099499848009409F0B3FC8F4A8F49954818
:10D08C000DF090FD954809F029FC954B22469549E9
:10D09C000095924809F0A4FC874A88498F480DF006
:10D0AC0081FD914809F01AFC904B22468C498E4820
:10D0BC00009409F095FC804A80498B480DF072FD74
:10D0CC008B4809F00BFC8B4B224685498848009411
:10D0DC0009F086FC784A794985480DF063FD864A4B
:10D0EC0078498648F6F77AFD734A744983480DF0FF
:10D0FC0059FD834809F0F2FB824B22467149804866
:10D10C00009409F06DFC6C4A6C497D480DF04AFDA9
:10D11C007D4809F0E3FB774B22467C4900957A4821
:10D12C0009F05EFC644A654977480DF03BFD784890
:10D13C0009F0D4FB6F4B2A4674490096744809F0E9
:10D14C004FFC5D4A5D4972480DF02CFD714809F0A9
:10D15C00C5FB684B32466D496E48CDF8009009F01E
:10D16C003FFC554A55496B480DF01CFD6A4809F0C7
:10D17C00B5FB644B224660490095674809F030FCCA
:10D18C004D4A4E4964480DF00DFD644A59496448B6
:10D19C00F6F724FD484A494961480DF003FD614802
:10D1AC0009F09CFB514B2246524900955D4809F011
:10D1BC0017FC414A41495B480DF0F4FC5A4809F010
:10D1CC008DFB5A4B22464F495748009409F008FCF6
:10D1DC00394A3A4954480DF0E5FC554809F07EFBB4
:10D1EC00544B224647495248009409F0F9FB324A05
:10D1FC0032494F480DF0D6FC4F4809F06FFB4F4BAE
:10D20C0022464F4900954C4809F0EAFB2A4A2B4923
:10D21C0049480DF0C7FC4B4809F060FB474B2246D0
:10D22C0032494848009409F0DBFB234A234945481E
:10D23C000DF0B8FC444809F051FB3C4B22464349E5
:10D24C000095414809F0CCFB1B4A1C493E480DF0A7
:10D25C00A9FC3F4809F042FB344B2A463B49009657
:10D26C003B4809F0BDFB144A144939480DF09AFCAF
:10D27C00384809F033FB2D4B324634493548CDF84C
:10D28C00009009F0ADFB0C4A0C4932480DF08AFCB9
:10D29C00314809F023FB1D4B224620492E480094AF
:10D2AC0009F09EFB044A05492B480DF07BFC55E028
:10D2BC00ECED002024BE0020E44300208D3501005D
:10D2CC0038BE0020E47200209CFA00204CBE0020E6
:10D2DC004C07012060BE00203CE1002074BE002001
:10D2EC005CD2002038D2002088BE002094D20020CE
:10D2FC009CBE002048CB00201C730020B0BE002038
:10D30C00D8BE002040730020ECBE0020F06B002043
:10D31C0000BF002014BF002028BF0020A48F0020D5
:10D32C003CBF002050BF002064BF0020347100209F
:10D33C0078BF0020987300208CBF002088CE00207E
:10D34C00F0CE0020C8BF0020A4C00020B06B00208D
:10D35C0080C1002020C2002034C20020AF4809F058
:10D36C00BDFAAF4B2246AF490095AC4809F038FBEB
:10D37C00AD4AAE49A9480DF015FCAD4AAD49AE48D1
:10D38C00F6F72CFCA84AA949AB480DF00BFCAB48AE
:10D39C0009F0A4FAAA4B2246A6490095A74809F021
:10D3AC001FFBA14AA149A5480DF0FCFBA54809F0BB
:10D3BC0095FA9B4B2246A449A248009409F010FB15
:10D3CC00994A9A499F480DF0EDFBA04809F086FA5E
:10D3DC009F4B22469A499D48009409F001FB924AC2
:10D3EC0092499A480DF0DEFB9A4809F077FA9A4B6D
:10D3FC0022468B499748009409F0F2FA8A4A8B49E5
:10D40C0094480DF0CFFB954809F068FA924B2A46E8
:10D41C0083490095914809F0E3FA834A83498F4880
:10D42C000DF0C0FB8E4809F059FA8B4B32467C4903
:10D43C0000968B4809F0D4FA7B4A7C4988480DF059
:10D44C00B1FB884809F04AFA874B2246784985484F
:10D45C00009409F0C5FA744A744982480DF0A2FB95
:10D46C00824809F03BFA824B224679497F48009466
:10D47C0009F0B6FA6C4A6D497C480DF093FB7D4877
:10D48C0009F02CFA7A4B2A4671490095794809F033
:10D49C00A7FA654A654977480DF084FB764809F090
:10D4AC001DFA734B32466A490096734809F098FA94
:10D4BC005D4A5E4970480DF075FB7048F6F7F6FC56
:10D4CC006F4A31466F4EA2F118001546F6F798FBDD
:10D4DC006D4A012145F818ACA2F11C004FF48035BF
:10D4EC00F6F78EFB684B694843F8045C43F81C6CF8
:10D4FC00F6F7DCFC6648F6F7D9FC664A0221A2F185
:10D50C001800F6F77DFB644A624B0221A2F1180069
:10D51C0043F818ACF6F774FB5F4B604843F818AC53
:10D52C00F6F7C4FC5E4A0221A2F11800F6F768FB7C
:10D53C005C4A5B4B0121A2F11C0043F818ACF6F7D6
:10D54C005FFB584B584843F8045C43F81C6CF6F7E7
:10D55C00ADFC5648F6F7AAFC554A0221A2F1180078
:10D56C001546F6F74DFB534A022145F818ACA2F1CB
:10D57C0018001546F6F744FB4F4845F818ACF6F77B
:10D58C0003FC4E4808F0A6FF4D48F6F7FDFB4D484E
:10D59C00F6F7FAFB4C4A3B681146D46041F8188BFD
:10D5AC0011614FF40071C2E906441181002B00F0A7
:10D5BC00258319465B69002BFBD14A610024434B40
:10D5CC004148136054615460947201F00FFB404A5F
:10D5DC004FF400703B681146D460108141F8188BF1
:10D5EC001161C2E90644002B00F0068319465B6901
:10D5FC00002BFBD14A610024364B35480125546180
:10D60C0002265460947213600BF098FF324809F0B4
:10D61C0065F9324B22461049009461E048C2002063
:10D62C00306C002088CB0020E44300208D350100B5
:10D63C00D4790020347100205CC2002070C200201C
:10D64C009873002084C2002088CE002098C200204D
:10D65C00686B0020C0C2002018CD0020D4C200206E
:10D66C00E8C20020FCC20020B06B002010C30020D8
:10D67C00D075002024C3002038C3002050CD0020DA
:10D68C0080CE0020942B002044CB002078CD0020AD
:10D69C00A8CE0020B8CD0020E8CE00206075002078
:10D6AC0020760020947300208875002028760020B6
:10D6BC00C875002068760020F8C9002070B20020E0
:10D6CC00B8CA0020F0CA0020A86C0020A02B0020B3
:10D6DC00D46C0020AC2B0020DCBF002068CE0020D6
:10D6EC00A54809F07DF9A54AA549A3480DF05AFAB9
:10D6FC00A44809F0F3F8A44B2246A4490095A1488C
:10D70C0009F06EF99D4A9E499E480DF04BFAA048CF
:10D71C0009F0E4F89F4B22469B4900949C4809F081
:10D72C005FF9964A96499A480DF03CFA9A4809F0E6
:10D73C00D5F89A4B224697490094974809F050F92E
:10D74C008E4A8F4994480DF02DFA954809F0C6F889
:10D75C00924B224693490095914809F041F9874A2A
:10D76C0087498F480DF01EFA8F4809F0B7F88F4B98
:10D77C002246884900948C4809F032F97F4A804946
:10D78C0089480DF00FFA8A4809F0A8F8874B224611
:10D79C0088490095864809F023F9784A78498448E5
:10D7AC000DF000FA844809F099F8844B22467F4921
:10D7BC000094814809F014F9704A71497E480DF0C3
:10D7CC00F1F97F4809F08AF87E4B224673490094A0
:10D7DC007B4809F005F9694A694979480DF0E2F985
:10D7EC00794809F07BF8794B22466A4900947648CF
:10D7FC0009F0F6F8614A624973480DF0D3F97448A0
:10D80C0009F06CF8734B224673490094704809F088
:10D81C00E7F85A4A5A496E480DF0C4F96F4809F0B6
:10D82C005DF86C4B22466E4900956C4809F0D8F8AF
:10D83C00524A534969480DF0B5F96A4809F04EF857
:10D84C00694B224663490094664809F0C9F84B4A73
:10D85C004B4964480DF0A6F9644809F03FF8644B55
:10D86C00224661490094614809F0BAF8434A444998
:10D87C005E480DF097F95F4809F030F85C4B224692
:10D88C005D4900955B4809F0ABF83C4A3C49594866
:10D89C000DF088F9594809F021F8594B22465249A4
:10D8AC000094564809F09CF8344A354953480DF019
:10D8BC0079F9544809F012F8514B22465249009517
:10D8CC00504809F08DF82D4A2D494E480DF06AF953
:10D8DC004E4809F003F8394B2246494900954B480C
:10D8EC0009F07EF8254A264948480DF05BF948486E
:10D8FC0008F0F4FF334B22463D490095444809F0AB
:10D90C006FF81E4A1E4942480DF04CF9414808F088
:10D91C00E5FF2E4B2246344900953E4809F060F84D
:10D92C00164A17493B480DF03DF93B4808F0D6FF25
:10D93C003A4B224625490094374809F051F80F4AD2
:10D94C000F4935480DF02EF9354808F0C7FF1B4B31
:10D95C00224632493248009609F042F8074A0849F3
:10D96C002F480DF01FF92F4808F0B8FF154B2A4629
:10D97C002A492C48009657E0DCBF0020E4430020E5
:10D98C008D350100F0BF002068CE002050CD002066
:10D99C0004C0002028CB002018C00020A0CD0020FF
:10D9AC002CC0002078CD002040C00020D0CE00201C
:10D9BC0054C00020A8CE002068C00020F0CA00206F
:10D9CC007CC00020B8CA002090C00020F8C90020FC
:10D9DC00B8C0002008760020D0750020CCC00020F4
:10D9EC0060750020E0C0002078730020F4C0002097
:10D9FC00B075002008C10020887500201CC10020D3
:10DA0C005076002030C100202876002044C1002030
:10DA1C0058C100206CC1002094C1002070B20020BD
:10DA2C00A8C10020BCC1002008F0DAFF744A754977
:10DA3C0075480DF0B7F8754808F050FF744B224646
:10DA4C0074490095714808F0CBFF6D4A6D496F48D9
:10DA5C000DF0A8F8704808F041FF6D4B22466F4955
:10DA6C0000946D4808F0BCFF654A66496A480DF0A1
:10DA7C0099F86B4808F032FF6A4B224665490095CD
:10DA8C00674808F0ADFF5E4A5E4965480DF08AF8BC
:10DA9C00654808F023FF22460094644C614B5F49B3
:10DAAC0004F19005604808F09BFF554A55495E48C3
:10DABC000DF078F820460C3402F0ACF9A542F9D1FF
:10DACC005B4C04F5847520460C3402F0A3F9A54296
:10DADC00F9D15848062402F0ABFA042005210F2393
:10DAEC000E2200940024CDE901100D21524802F0C1
:10DAFC00CDF9524802F08EF9514802F08BF9514899
:10DB0C0002F088F9504802F085F910214F4807F0CF
:10DB1C003BFC3B4A4E494D480DF044F811214D4811
:10DB2C0007F032FC364A4A494A480DF03BF81621B8
:10DB3C00494807F029FC324A454947480DF032F86C
:10DB4C00464B47482E4A1860204646499C80C3F8ED
:10DB5C0080400DF027F8444A444B92ED007A93ED47
:10DB6C00006ADFED437A37EE077ADFED426A26EE84
:10DB7C00276A4148C6EE877A404B214A4049C6EE97
:10DB8C00076ABCEEE67AF8EE476A80ED007A3D480B
:10DB9C0077EEE67AFCEEE77AC3ED007A0DF002F848
:10DBAC00174A204638490CF0FDFF154A34493748CE
:10DBBC000CF0F8FF3249124A35480CF0F3FF354BA4
:10DBCC00354C03F11001226843F8042B8B42FAD137
:10DBDC0009F096FF314B25681860314A314B2468A7
:10DBEC001D6012783049314B0C601A7004B0BDE8DE
:10DBFC00F0873A60FDF765BC3A60FCE43A60DDE41E
:10DC0C00E44300208D350100BCC10020D0C10020B0
:10DC1C00A86C0020B8CA0020E4C10020F0CA002083
:10DC2C00F8C10020D46C00200CC20020E4B000200D
:10DC3C0080710020B8B100207471002038B200202F
:10DC4C00B8D3002074A50020C86C00208872002076
:10DC5C00C105000074B10020BCB5002000B6002046
:10DC6C00C42B0020A901000060600020746000201B
:10DC7C00C0E1644CC0E1E44C6CB20020B0CA00209E
:10DC8C007D010000646000208D010000CC5F00204D
:10DC9C003C470020CCB60020D0D2002064B200203B
:10DCAC008A610020B4CA002060B20020084A01201A
:10DCBC002DE9F84F448B40F262530646858B671C66
:10DCCC009F4240F2B880002D00F0C38040F26354B4
:10DCDC0000270021641B08F0CDFD77833064F38BA3
:10DCEC00A34213D2E41A4FF0000A40F2625906EB39
:10DCFC008508D8F8400018B108F072FDC8F840A0AB
:10DD0C0001354D4588BF0025013CF0D1B583002479
:10DD1C0006F1200807F263550BE00AF1100356F8E0
:10DD2C00231019B1E2B2304608F082FD0134082C00
:10DD3C0051D0337E2341DB07F8D558F82430B7EBAC
:10DD4C00D31F03F07F0B2CBFA7EBD31AA5EBD31A71
:10DD5C00BBF1000FE1D008F0EBFC81460028E5D0C8
:10DD6C00031DBAF1000F38D00AF1FF32103256F809
:10DD7C002210C9B301F5827EAEEB4B0BDE450FD9F9
:10DD8C0018465A4632F902CB964520F802CBF9D800
:10DD9C0001F203110233A1EB0B0121F001010B4441
:10DDAC000AF1100A09F5827056F82A10B9B38342A9
:10DDBC0006D2043131F9022B23F8022B9842F9D800
:10DDCC00E2B249463046013408F032FD484608F0CC
:10DDDC0007FD082CADD1BDE8F88F40F2625210322D
:10DDEC0056F822100029C5D103EB4B0B5B45D7D25B
:10DDFC00ABEB090B0AF1100A1846ABF1050B4FEA15
:10DE0C005B0B0BF10102520013F05EF856F82A106E
:10DE1C00831C09F5827003EB4B030029C7D18342A5
:10DE2C00CED209F203121846D21A22F001020232A3
:10DE3C0013F04AF8C4E7BD421FD0002108F01AFDC8
:10DE4C0004F11103BD4246F8230077832ED87C1BC6
:10DE5C0045E7006C08B108F0C3FC00270125B84663
:10DE6C000021304608F006FD07F1100340F2625421
:10DE7C0046F82300A6F81A8031E700EB8409B8466F
:10DE8C00D9F8440008B108F0ABFCA51C40F2635370
:10DE9C009D42E5D10021304608F0ECFC40F2625383
:10DEAC00C9F8440000251C46738318E704F2645437
:10DEBC00641B14E72DE9F047002182B0044608F0FA
:10DECC00E5FC0146002800F0BE80237F002B61D0CA
:10DEDC00031D00F5827C634556D2E58BD5B9227FB4
:10DEEC00013A062A00F2BF80DFE802F09A8D04A402
:10DEFC00886559000422E08D2277226BE08302F1C1
:10DF0C00404292FBF0F262626345E6D3E1BB02B0A1
:10DF1C00BDE8F087D4E9080205F1FF3E03F11006D5
:10DF2C0061B352149D68D3F80CA002EBA030D3E976
:10DF3C00008730FB08F9104430FB18F8C9EA08498F
:10DF4C00104430FB07F8104430FB17F7C8EA0748B9
:10DF5C00104430FB05F7104430FB15F5C7EA0547B4
:10DF6C00104430FB0AF5024432FB1AF2C5EA0245B2
:10DF7C00C3E90098C3E90275D4E90802104433469A
:10DF8C00A4F81EE02062BFE720460022019108F0B1
:10DF9C004FFC019802B0BDE8F04708F021BC00220C
:10DFAC00208D2262002852D000F1FF3E01206262D7
:10DFBC0020771046B2E7002263452277A6D21033B1
:10DFCC0089B19C45184643E9042243E9022203F136
:10DFDC002003D9D940F8102B604540F8042C40E9B7
:10DFEC000322EED392E79C4503F1100203F12003C8
:10DFFC008DD99445F7D802B0BDE8F087D4E9080272
:10E00C004FF6FE7E8AE7A28DE283002A3FF472AFC0
:10E01C0003224FF0804022770022C4E9080273E704
:10E02C000222608D22774FF08042E083B2FBF0F247
:10E03C00626269E70522206B4FF6FE7E2277002292
:10E04C00206262626AE703464FF4807C45E7B4F8CD
:10E05C002AE04FF080420225B2FBFEF225770EF14A
:10E06C00FF3E62625AE7D4E908024FF6FF7E55E79D
:10E07C0072B6037F012B01D9C28EA2B90022038D87
:10E08C000262C38353B9428D4FF080430221C28395
:10E09C000177B3FBF2F3436262B67047012342622D
:10E0AC00037762B67047072BF6D0036A0721C28349
:10E0BC005B42017793FBF2F3436262B6704700BF99
:10E0CC0072B6037F9A1F012A00D90BB962B670474A
:10E0DC00036A0621828E5B420177C28393FBF2F3C3
:10E0EC00436262B6704700BF007FA0F10500B0FA32
:10E0FC0080F04009704700BF2DE9F04100218046B7
:10E10C0008F0C4FB04460121404608F0B3FB064668
:10E11C00B4B3C8B3231D04F58272934223D20C30DE
:10E12C0004F10C0106F5867C51E9022350E90257F3
:10E13C0012FB35FE2EF3CF3E12FB05F222F3CF324B
:10E14C00C2EA0E4213FB37FE2EF3CF3E13FB07F34E
:10E15C0023F3CF33C3EA0E430830604541E9022371
:10E16C0001F10801E0D100222146404608F060FB95
:10E17C00204608F035FB3046BDE8F04108F030BBD6
:10E18C000028F9D1BDE8F0812046BDE8F04108F047
:10E19C0027BB00BFC369BBB300212DE9F04182B09E
:10E1AC00044608F073FB014658B3B4F920C00230A2
:10E1BC00D4F81CE001F5817530F8022F82F400428E
:10E1CC00854242FA0CF30EEB43083EF9136003FA56
:10E1DC000CF7B8F90230A2EB0702A3EB060302FB23
:10E1EC0003F343FA0CF333440380E5D120460022B9
:10E1FC00019108F01DFB019802B0BDE8F04108F058
:10E20C00EFBA02B0BDE8F081704700BF0346C069A9
:10E21C0040B100B583B0019309F0C0FE019B1846D4
:10E22C0003B000BD18467047931EB3F5004F34D2AF
:10E23C0099B370B5541E82B0234025462BD10446A9
:10E24C00C0690E4628B1CDE9003209F0A7FEDDE920
:10E25C00003250000193009209F09CFE31469FED74
:10E26C00117AA0F1020CE061DDE90023F1EC017AF6
:10E27C00013367EE877A9A42FDEEE77A17EE900A41
:10E28C002CF8020FF2DC6B1008D010225B1002F19C
:10E29C00FF32FBD1228402B070BD7047102323845F
:10E2AC00F9E700BF00FEFF462DE9F04F83B0904622
:10E2BC001F460E46DDF830A001F5807BC569019044
:10E2CC00D0E90994D0E90B2336F9020B214604035B
:10E2DC0055FB13FC02EB8C0C59FB13F22144CCEBD9
:10E2EC006101A1EB820155FB11F003EB800055FBA2
:10E2FC0010F20CEB820259FB10F3A4EB020EAEEB06
:10E30C00830E55FB1EF300EB830394442CF34F3C1C
:10E31C00184420F34F30714421F34F31B34528F8A2
:10E32C0002CB27F8020B2AF8021BCDD10199C1E9C7
:10E33C000A420B6303B0BDE8F08F00BF2DE9F04F2C
:10E34C001F4685B083690E469046DDF838B00193C0
:10E35C0006F58072036ADDF83CA0029300920390EC
:10E36C00D0E90994D0E90B13029A38F9020B02FB9D
:10E37C0000F020F0784202F10062D20052FB12F25F
:10E38C00254D52FB15F2013DC01605EBC202C0F142
:10E39C0006000241019850FB12F220488242A8BFAD
:10E3AC000246204636F9024B1202240352FB13FCA0
:10E3BC0001EB8C0C59FB13F12044CCEB6000A0EB6F
:10E3CC00810052FB10F503EB850552FB15F10CEBAC
:10E3DC00810159FB15FE631AA3EB8E0E52FB1EF244
:10E3EC0005EB82038C442CF34F3C1D4425F34F3535
:10E3FC00704420F34F30009A27F802CBB2422BF82E
:10E40C00025B2AF8020BAFD1039DC5E90A412B63CD
:10E41C0005B0BDE8F08F00BFABAAAA2AE7105200E6
:10E42C002DE9F043002183B0044608F023FA054699
:10E43C000121204608F01EFA0746002D3CD008F0BA
:10E44C0077F90646002853D008F072F98046002868
:10E45C0037D008F06DF98146002850D0031D002FED
:10E46C003DD0019308F1040320463A1D0093291D69
:10E47C00331DFFF763FF384608F0B2F9284608F061
:10E48C00AFF900223146204608F0D2F9304608F0A8
:10E49C00A7F901224146204608F0CAF9404608F087
:10E4AC009FF920460222494608F0C2F9484603B0BB
:10E4BC00BDE8F04308F094B90028F8D103B0BDE8EA
:10E4CC00F083284608F08CF9304608F089F9002FC3
:10E4DC00F4D0384603B0BDE8F04308F081B900939E
:10E4EC00321D08F10403291D2046FFF7DDFEC5E7A8
:10E4FC00284608F075F9002FE0D03846EAE72846A0
:10E50C0008F06EF9304608F06BF9404608F068F9EF
:10E51C00002FD3D03846DDE7294B2A4A2A4910B5BB
:10E52C001C6818792369C87793420BD2274B1B7848
:10E53C0023B14FF0E0234022C3F80822244CA4F569
:10E54C00807302E01446A2F580732249224A0968BE
:10E55C00106899B390B3DFF884C0BCF80020402A4F
:10E56C002CD802F1020E403201EB4E01ACF8002027
:10E57C0000EB4E001A46BFF34F8F03F5807E03F17C
:10E58C00200CF4452CBF4FF0010C4FF0080C4FF051
:10E59C00E02E03EB4C1CCEF85C2F20326245FAD1F6
:10E5AC00BFF34F8FBFF36F8F33F9042B21F8022B7E
:10E5BC009C4233F9022C20F8022BF5D810BD00BF79
:10E5CC00886D0020C0C3242000800E40EF4901203C
:10E5DC00C0C42420806D0020846D0020D24901200D
:10E5EC0070B582B0054608F0A3F8F0B1019008F0C0
:10E5FC009FF8019B0146A8B172B6254802887F2A74
:10E60C001DD8DFF894C0DCF80020002A38D0019126
:10E61C0062B6184608F0E4F8019802B0BDE8704004
:10E62C0008F0DEB8184608F0DBF872B61848038814
:10E63C007F2B02D862B602B070BD00210B46DFF80A
:10E64C0058E00022DFF84CC0DEF80060DCF8004037
:10E65C000280CEF80030CCF8001062B63146284665
:10E66C0008F0E6F8304608F0BBF8284601222146AF
:10E67C0008F0DEF8204602B0BDE8704008F0B0B8F3
:10E68C00CCF80030034B0280196062B602B070BD4A
:10E69C00D2490120846D0020806D002000B583B02C
:10E6AC00019008F09FFA019803B000BD10B5244CFE
:10E6BC000121204608F030FA002000F025FA022251
:10E6CC0020490320204B4FF0060CC1F87C01C3F805
:10E6DC0094211E4923681E4859609A609A824FF40F
:10E6EC0080721C49186000201961DA822179DA8362
:10E6FC00A3F81CC0ACF2062C174AD860C3F818C09B
:10E70C0042F821001548164B42F82100154AC3F86F
:10E71C00882008F0DFF92379134C0121134A20706B
:10E72C0003F11000124C02EB5312E37603F01F03BB
:10E73C009200104C9940104B43F82040116010BDD2
:10E74C00886D002000801F4000841F4000000101E4
:10E75C00A2403840C0C2242000C00E4013000080EC
:10E76C000040384001000092EF4901204038003849
:10E77C0000800E40F9AF000000640020024A0349FB
:10E78C0003480CF00FBA00BFE44300207DB1000039
:10E79C00886D002030B5846983B0ACB3B4F5803F8C
:10E7AC0005464FF0000120D008F070F8014680B308
:10E7BC00043001F5827C036834FB03F234FB13F361
:10E7CC0002F30F0203F30F03C2EA034340F8043BC6
:10E7DC008445F0D128460022019108F029F80198CF
:10E7EC0003B0BDE8304007F0FBBF08F043F8044627
:10E7FC0078B101460022284608F01AF8204603B0EA
:10E80C00BDE8304007F0ECBF214608F033F8002893
:10E81C00E6D103B030BD00BF2DE9F8430546002713
:10E82C0000F118043946284608F030F881460028D3
:10E83C006BD02068B0F5803F53D10137042F28D01E
:10E84C0039462846043408F015F80028F5D021681C
:10E85C00B1F5803F27D009F1040C021D00F5827E32
:10E86C0052F8046B31FB06F331FB16F803F30F037C
:10E87C0008F30F08C3EA0843DCF8006093FA16F3B8
:10E88C0072454CF8043BEBD107F0AAFF0137042F7B
:10E89C00D6D128464946002207F0CAFF4846BDE8B3
:10E8AC00F84307F09DBF00F10C0C09F10C0300F5C7
:10E8BC00867E53F8082C5CF8081C92FA11F243F887
:10E8CC00082C53F8042C5CF8041C92FA11F20CF18D
:10E8DC00080C43F8042C0833F445EAD107F080FF08
:10E8EC00D4E709F1040109F5827C0B6830FB03F2D3
:10E8FC0030FB13F302F30F0203F30F03C2EA0343DB
:10E90C0041F8043B6145F0D197E701370434042FFB
:10E91C0088D1BDE8F88300BF464B474A18682DE9FB
:10E92C00F04F464C83B0197904F580750368D177A4
:10E93C00AB420CD2424B2C4605F580751B7823B1AB
:10E94C004FF0E0234022C3F808223E4800E0204666
:10E95C00DFF800A1DFF80091DFF800813A4ADAF81D
:10E96C000030D2F800B0B9F80060B8F80070002B95
:10E97C004CD0BBF1000F21D1002B47D0191D0193B6
:10E98C0001EB4601403601F0E8F9019BBFF34F8FD4
:10E99C004FF0E022C2F8704F2034AC42FAD3BFF3F0
:10E9AC004F8FBFF36F8F7F2E24D8A9F800607F2F75
:10E9BC0012D8A8F8007003B0BDE8F08F191D0BF148
:10E9CC000402019302EB4702403701EB460140364B
:10E9DC0001F0A4F9019BD9E700245846A8F800409F
:10E9EC0007F0FEFE194B1A681C60174B1A6003B037
:10E9FC00BDE8F08F00241846A9F8004007F0F0FE9F
:10EA0C00134B1A681C60CAF80020D0E70193BBF1C5
:10EA1C00000F08D00BF1040101EB4701403701F066
:10EA2C00BCF9019BB2E74FF48072594612F04CFAD4
:10EA3C00019BABE7B06D002000800E40C0C42420C9
:10EA4C00F1490120C0C52420A86D0020AC6D002028
:10EA5C00A46D0020A06D0020D6490120D8490120CA
:10EA6C0010B50021044607F005FFA0B172B6204A8C
:10EA7C001368002B34D01F49D1F800C0BCF1000F33
:10EA8C0033D0C2F800C0086000211B4A118062B666
:10EA9C00184607F0A5FE0121204607F0EBFEC8B191
:10EAAC0072B6164A1368B3B11549D1F800C0BCF15F
:10EABC00000F0DD0C2F800C04FF0000C114A0860D6
:10EACC00A2F800C062B61846BDE8104007F088BE38
:10EADC00086062B610BD0B4910600B8062B610BDA9
:10EAEC00054910600B8062B6D5E7086062B6D2E7C4
:10EAFC00A06D0020A46D0020D6490120A86D002037
:10EB0C00AC6D0020D849012038B52E4C2E4AE36F4D
:10EB1C0043F44023E3679368002B49DBD2F8883039
:10EB2C00002B45DB002342F210724FF40C610546BA
:10EB3C001C2018F069FBE369244A23F4406343F476
:10EB4C000063E361A36A6FF3080343F0CE03A3628F
:10EB5C001F4B51680B4043F4002353602DB91D4BE0
:10EB6C000322C3F82021C3F824211A4C4FF0030CC4
:10EB7C00154B0020C4F828C11C2418664FF48031B2
:10EB8C00DC60154C154A1C61154C59619C611024B4
:10EB9C00DA61C3F8E000C3F88C401248124CC3F899
:10EBAC009040C3F89410C3F89800C3F89C2038BD6B
:10EBBC000028FCD1074B0322C3F82021C3F82421E1
:10EBCC0038BD00BF00C00F400040384000C00A40B4
:10EBDC00F8FFF7FF00801F4001000047001F1F1FB8
:10EBEC001B1F01101B1F01000100000738B5274C2B
:10EBFC0001210225204607F08FFF0020244A254BD7
:10EC0C0010601860FFF780FF234B0321234A00207C
:10EC1C00C3F880112368DFF8B0C01A604FF480721B
:10EC2C00C3F80CC0DA821E49DA830622DFF89CC0D6
:10EC3C009A839861C3F810C098821A4AC3E90115E7
:10EC4C00194D2179194B45F8210045F82130184B05
:10EC5C001848D976D2F8883043F01043C2F888307F
:10EC6C00906007F037FF2279134B0121134C03EB13
:10EC7C005213207002F1100002F01F02104C9B0086
:10EC8C009140104A42F82040196038BDB06D002008
:10EC9C00A06D0020A86D002000801F40C0C424205F
:10ECAC00020001010040384000C00E4014000080FA
:10ECBC0000800E400104009040380038F1490120DA
:10ECCC00F9B300000064002000FEFFFF2240384032
:10ECDC00024A034903480BF065BF00BFE443002020
:10ECEC007DB10000B06D0020F0B583B0044607F094
:10ECFC001FFD002800F0B780237E0146E269D3B9DE
:10ED0C00C2EA2242031D00F58270C3E90022C3E966
:10ED1C000222C3E90422C3E9062220338342F4D140
:10ED2C0020460022019107F083FD019803B0BDE855
:10ED3C00F04007F055BD061DD4E9083082FAA3F760
:10ED4C00EFF300852D0140F19080002877D0451C11
:10ED5C00022D04D993FBF0F792FBF0F57F1B7F2F6C
:10ED6C003DDD871802EB4002C2EA2747861802EB0A
:10ED7C004002C2EA2646851802EB4002C2EA25454B
:10ED8C0002EB40030244E361C3EA2243C1E90353AB
:10ED9C0001F1240001F58A75C1E90176626AE36923
:10EDAC00D61803EB4203C3EA264603EB020E03EB31
:10EDBC004203C3EA2E4E03EB020C03EB4203C3EAFD
:10EDCC002C4C9F1803EB4203E361C3EA274340E951
:10EDDC00046E40E902C31030A842DFD1A0E7012F36
:10EDEC0024DD02EB40058318E561C5EA2345032FBA
:10EDFC004D603DDD4FEA570E01F108000EF1010C9C
:10EE0C0001EB8C0CE569626A05EB42032A44E36171
:10EE1C00C3EA224340F8043B6045F3D1023F06EBC2
:10EE2C008E06CEF1010E236A07EB4E073FB1E26965
:10EE3C00606A0244C3EA224246F8042B236A00208B
:10EE4C0001F58272E3612076C3EA23439642BFF454
:10EE5C0067AF46F8043BB2427FF662AF46F8043B1C
:10EE6C00B242F6D85CE703B0F0BD97FBF0F776E75B
:10EE7C004FEA570ED2E700BFB1F5803F4FEA21238E
:10EE8C005FFA81FC11DA0F495A1C023331F9122056
:10EE9C0031F91300CCF580730CFB00F002FB03007E
:10EEAC008030001200F5C040704740F2FF11054859
:10EEBC00C3F50072C91A30F9122030F91100524210
:10EECC004042E7E778330020B1F5704F2DE9F0436D
:10EEDC0005461646084638DC1A46244C0B4624498F
:10EEEC004FEA232C002B5FFA83FE0CF101070CF187
:10EEFC00020CCEF5807803DA03F580530132EFE78C
:10EF0C0034F8177034F81C9017FB08FC1EFB09CE64
:10EF1C000EF1800E4FEA2E2E26B30EF5C04E02F0E7
:10EF2C000F0C03F58053013205EB8C0CB3F5704FCD
:10EF3C00DCF810717744CCF81071D1DDC0F570435A
:10EF4C0000F580506FF30B031844D5F8083105EB2E
:10EF5C00C302013303F01F0390601673C5F8083128
:10EF6C00BDE8F083A1EB0E0ED9E700BF783300208B
:10EF7C0000A0FFFF2DE9F84FD0E94298D0F804A08B
:10EF8C00A9EB0803DB063DD006464C4609E0736846
:10EF9C00BBF1000F39D003F540437360A0458244A8
:10EFAC0018D0013C304604F01F0406EBC407BD68C2
:10EFBC0097F80CB0294605F58055FFF75DFFB5F5C0
:10EFCC00003FBD60E3DABBF1000FE7D14042A04542
:10EFDC008244E6D108F1010856F83830B3F5003F09
:10EFEC0010DB08F01F039945C6F80C310AD003F169
:10EFFC00010856F83830B3F5003F03DB08F01F0367
:10F00C00C6F80C315046BDE8F88FA3F54043736049
:10F01C00DCE700BF002938B504461546036820DB41
:10F02C00002B00DB38BDC3F1000CCA1A00234FEAD9
:10F03C000C304FEA1C510FF043FC40F6FF7194F872
:10F04C005031B0F5805F18BF0146002BEAD12B463A
:10F05C00012249422046FFF737FF012384F8503143
:10F06C0038BD002BDEDBD0F85401CA1AC11A0023BC
:10F07C000803090D0FF024FC40F6FF7194F8503191
:10F08C00B0F5805F18BF0146002BCBD02B46002279
:10F09C0049422046FFF718FF002384F8503138BD51
:10F0AC002DE9F8431E4690F8503104460D4617469C
:10F0BC00EBB10268D0F8541191421ED9954201D39C
:10F0CC00A9421AD8891A0023AA1A0803090D0FF0AD
:10F0DC00F7FBB0F5805F33464FF0000214BF41429E
:10F0EC0020492046FFF7F0FE002384F850312368B6
:10F0FC00002D984601DB002B01DBBDE8F883C8F13D
:10F10C000001A5EB08020023C4F8547108039146D2
:10F11C00090D0FF0D5FBB0F5805F33464FF00102BF
:10F12C0014BF41420F492046FFF7CEFE0123BD42DA
:10F13C0084F85031E1D3A7EB08014A4600230803B9
:10F14C00090D0FF0BDFBB0F5805F33464FF00002A8
:10F15C0014BF414203492046FFF7B6FE002384F852
:10F16C005031CAE701F0FFFF70B50D1E064614467C
:10F17C001BDBFFF7FFFE32684FF44043002AA3FB72
:10F18C000213A3F5C04300FA83F309DB04F00F0468
:10F19C0006EB8404B4F91001C4F81031356070BD6D
:10F1AC00726802F540427260F0E70268002A12DBD6
:10F1BC00C2F100410023AA1A0803090D0FF080FBCD
:10F1CC00B0F5805F23464FF0000214BF414209495D
:10F1DC003046FFF779FE29463046FFF7CBFE336801
:10F1EC004FF44042A2FB0323A3F5C04300FA83F380
:10F1FC00CCE700BF01F0FFFF436A2DE9F04FD0E9E7
:10F20C00066583B02BB906EBC516866103B0BDE865
:10F21C00F08F0446076A07F08BFA034600285ED08D
:10F22C00B4F9322006EB070C00F1040B0C2A2CD895
:10F23C00DFE812F00D0081008D009F00BB00DE00A6
:10F24C00F200FF0016015A005A0050017C01D4F85C
:10F25C0024E000F582776146B34E0A0EC1F30F200D
:10F26C0036F9129002F10108C0F5803236F9188097
:10F27C0009FB02F200FB082252FB0EF22BF8022BC8
:10F28C005F452944E9D10CEBC51C226AB4F9341052
:10F29C00ACEB0202A26199B1B3F904200A4402F367
:10F2AC000F02991D03F582759A80B4F93420B1F9D7
:10F2BC000000024402F30F0221F8022BA942F4D100
:10F2CC00204600221946009307F0B2FA009803B0CA
:10F2DC00BDE8F04F07F084BA184607F081FAA3692D
:10F2EC0003EBC513A36191E700F10209E2464FF06D
:10F2FC00000804F1380667468346AA444246304665
:10F30C005146FFF731FFB4F93210626A0A2902FB49
:10F31C0000F34FEA234303D1524200FB02F21314D1
:10F32C0008F1010829F8023FB8F1800FE5D15B46DE
:10F33C0007EBC51CA9E7666A00F58270624636FBCE
:10F34C0012F12BF8021B58452A44F8D19BE7666A48
:10F35C0026F34F06811C00F5817E6246774236EA21
:10F36C00220028BF38462A4421F8020F7145F6D1F5
:10F37C0089E7861C00F58178676A60464FF6FF7E48
:10F38C00810FC213AEEBD039013907FB02F22844CE
:10F39C00012907FB09F94FEA224298BF4FEA1942AB
:10F3AC0026F8022FB045EBD16DE7E06A002893D028
:10F3BC00676A03F5827661460A0EC1F30F2802F1E3
:10F3CC00010EFF2A30F9129014BF00EB4E0E864648
:10F3DC00BEF90020C8F5803E08FB02F20EFB0922A4
:10F3EC0052FB07F22BF8022BB3452944E4D14AE730
:10F3FC00666A26F34F06D4F82880811C00F5817EBE
:10F40C006246774290458CBF304638462A4421F8F4
:10F41C00020F8E45F6D136E7606A03F582766246B6
:10F42C00C04330FB12F12BF8021B5E452A44F8D185
:10F43C0029E700F582776646E046814602E0BB4547
:10F44C0000F0C480B4F93030AE192BF8023BF6D37F
:10F45C00606A07F0ABFF636AA0EB63002086EEE7FF
:10F46C00A26A4FF6FF714FF0FF370230160C6FEAAD
:10F47C00520AACEB520ED4F82480891B6FF0004971
:10F48C00B7FBF1FBB7FBF6F6510803F58177624643
:10F49C00CDE900C30AE01B0C08FB03F31B0C20F89E
:10F4AC00023F87422A44AE4400F08B80130C9142F9
:10F4BC0006FB03F3EFD88B184FEA1E4C92454FEA2C
:10F4CC0013430BFB1C9C73D94FEA2C4308FB03F32F
:10F4DC001B14E4E7E1464FF0000804F138066746D8
:10F4EC0082462F44424630463946FFF793FD394653
:10F4FC003046FFF73FFD08F00F0208F1010804EB5E
:10F50C008202B8F1800FB2F94831C2F84801616A41
:10F51C00A76301FB03F34FEA23432BF8023BE0D133
:10F52C00534609EBC51CB0E6801F0020AA460027F5
:10F53C0004F13806DFF89C806546A146CDF800C082
:10F54C000190D9F8284055443B463046224629467E
:10F55C00FFF7A6FD29463046FFF70CFDA8FB04215A
:10F56C0007F00F020137641A09EB8202802F01EBBE
:10F57C0054014FEA1141C1F540510144D2F8480100
:10F58C00C2F848114FEA6012D9F82410C2EB60029D
:10F59C00C9F8385012B201FB02F24FEA22422BF8A2
:10F5AC00022BCED1DDE900C34C460CEBCA1C6CE639
:10F5BC0006FB03F303F100431B1408FB03F31B14BA
:10F5CC006DE7DDE900C30CEBC51C5EE64B4608EBB2
:10F5DC00C51C5AE6016000802DE9F04F002185B072
:10F5EC000646446A07F046F905460190012130466B
:10F5FC0007F040F9326AD6F830820090002D00F006
:10F60C001C8196F83932D6F828C0002B46D106F169
:10F61C003003291D05F5827BDFF8F8A29E46DFF842
:10F62C00F89247F6FD77B94DCDF8088031F9028B89
:10F63C000CFB08F828F0784000F10060C00050FB8B
:10F64C0010F050FB1AF04FEAE86809EBC000C8F163
:10F65C000E0840FA08F0A0FB0408000CB84540EA7C
:10F66C0008408CBF5219121859454EF8042FDDD1A1
:10F67C000198DDF808800392029307F0B1F8DDE9F8
:10F68C0002323262F26A3ABB009B002B00F0E3803C
:10F69C00184605B0BDE8F04F07F0A2B8019906F185
:10F6AC00300310460D1D01F5827E1F4635F9021BF5
:10F6BC000CFB01017545204447F8041FF6D102EB01
:10F6CC00C41201980393029207F08AF8DDE9022331
:10F6DC003262F26A002AD7D0019307F029F8019B15
:10F6EC0005460028D0D096F8381200F1040B0C29EE
:10F6FC002CD8DFE811F0CE01C101D1000D003E0184
:10F70C0013013001A6016301B300B300E300500004
:10F71C001946AC1C06F50C7CF06A4FF6FF7751F8D5
:10F72C00043F4FEA937EDA130EF1FF3EA7EBD3337F
:10F73C0000FB02F2BEF1010F00FB03F34FEA224281
:10F74C0098BF1A0C614524F8022FE8D1B6F936227D
:10F75C009AB1B5F90430134403F30F03AA1D05F550
:10F76C008270AB80B6F93632B2F900100B4403F359
:10F77C000F0322F8023B9042F4D1009B002B52D194
:10F78C0030460022294607F053F8284605B0BDE85C
:10F79C00F04F07F025B8009A002A00F08F809A46A7
:10F7AC0002F102094FF0000806F50F77019539F9BF
:10F7BC00024F43465AF8045F384604F50044294684
:10F7CC0024042246FFF76CFC29463846FFF7D2FB8F
:10F7DC004F4BA3FB042308F00F0208F10108E41AB5
:10F7EC0006EB8202B8F1800F03EB54034FEA13438C
:10F7FC00C3F540530344D2F84C03C2F84C334FEAE0
:10F80C006013F26AC3EB6003C6F83C521BB202FBF6
:10F81C0003F34FEA23432BF8023BC8D1019DB6F901
:10F82C003622002A95D1009806F0DAFF30460022E5
:10F83C00294606F0FDFF2846A8E706F1300306F539
:10F84C000C751046194641F8040FA9422044FAD110
:10F85C0002EBC4123CE705B0BDE8F08F1C4606F580
:10F86C000C784FF0000906F50F774A4654F8041F40
:10F87C00384609F10109FFF777FCF36A96F838224C
:10F88C0003FB00F00A2A4FEA204008BF4042A04583
:10F89C002BF8020BE9D159E7F06A20F34F00A91CB1
:10F8AC0006F50C77444253F8042F30EA220228BFA5
:10F8BC0022469F4221F8022FF5D147E7994606F5DB
:10F8CC000C784FF0000A06F50F7759F8044F5246A2
:10F8DC0038462146FFF79EFB21463846FFF74AFB88
:10F8EC000AF00F03C8450AF1010A06EB8303B3F9CA
:10F8FC004C23C3F84C03F36AC6F83C4203FB02F2F8
:10F90C004FEA22422BF8022BDFD11FE70000FE7FCB
:10F91C0001600080ABAAAA2AAAAAAA2A00990029E7
:10F92C00BAD0F26A22F34F0C1C468A1CA81C01F5B3
:10F93C00817ECCF1000832F9023F614654F8047F15
:10F94C0003F50043B7EB034F28BF4146724520F83F
:10F95C00021FF0D163E7F06A194605F58274C043C3
:10F96C0051F8043F30FB13F32BF8023BA345F7D1BE
:10F97C00ECE6346B002C00F0B2801846F26A05F508
:10F98C00827750F8041F0B0EC1F30F2103F1010C09
:10F99C00FF2B34F913E014BF04EB4C0CA446BCF958
:10F9AC000030C1F5803C01FB03F30CFB0E3353FB21
:10F9BC0002F32BF8023B5F45E3D1C7E6009A002A1D
:10F9CC003FF4A6AE911C06F13404AF1C06F50D787D
:10F9DC00D6F82C904FF0FF3E4FF6FF7A6FF0004BAD
:10F9EC00019607E01B0C09FB03F31B0C444527F89D
:10F9FC00023F72D031F9022F54F8040B02F5004289
:10FA0C00030CB0EBC23F6FEAC23CBEFBF2F606FB46
:10FA1C0003F3E7D300EBC2338445A0EBC230AAEB6F
:10FA2C0002024FEA13434FEA104006FB03F34DD991
:10FA3C00BEFBF2F202FB10B31B1409FB03F31B1405
:10FA4C00D4E7444606F50C77984606E0B6F934320E
:10FA5C0047452BF8023B3FF479AE234658F8044F48
:10FA6C009C42F3D2F06A07F0A1FCF36AA0EB6303AB
:10FA7C001BB2A6F83432EBE71946F46A05F582702E
:10FA8C0051F8043F34FB13F32BF8023B5845F7D1E4
:10FA9C005CE61C46F26A05F58277134854F8041F9D
:10FAAC000B0EC1F30F2130F913E003F1010CC1F57A
:10FABC00803330F91CC00EFB03F301FB0C3353FBFA
:10FACC0002F32BF8023B5F45E8D13FE603F100431C
:10FADC001B1409FB03F31B1488E7019E9FE62846C1
:10FAEC0006F07EFED0E500BF801F00202DE9F84314
:10FAFC00C1EBC164002388460646640100274FF41D
:10FB0C004049264D9C420460C0E94233ACBF4FF4DF
:10FB1C00C043234B436019E0FFF72CFA3268A9FB72
:10FB2C000213002AA3F5C043184405DA002C03DBAA
:10FB3C00736803F54043736007F00F03013700B29D
:10FB4C004433202F46F82300346025D0234614EB91
:10FB5C00080430462146DFD5002BDDDBC3F1004124
:10FB6C00424600230803090D0EF0AAFEB0F5805F93
:10FB7C00C0F100013B4608BF294600223046FFF782
:10FB8C00A3F921463046FFF7F5F93368A9FB0323A7
:10FB9C00A3F5C0431844CFE7BDE8F88301F0FFFF9D
:10FBAC0000A0FFFF2DE9F843C1EBC1640023884698
:10FBBC00054664011746C0F854219442C0F8083138
:10FBCC00C0F80C3104602AD201234FF4C04285F8EE
:10FBDC0050314FF00009134B6A60A3FB0723FA1A4C
:10FBEC0003EB5206360CC6F5405644444B463A4697
:10FBFC0028462146FFF754FA21462846FFF7BAF962
:10FC0C0009F00F03304409F10109443300B2B9F192
:10FC1C00200F45F823002C60E7D1BDE8F883024A99
:10FC2C00D5E700BF0160008000A0FFFF4FF000424D
:10FC3C00FFF7B8BF00234FF4C042C0E94233C0E91C
:10FC4C00003270472DE9F043846983B014B903B0D6
:10FC5C00BDE8F0830546814606F06AFD01460028A2
:10FC6C00F5D0EB690C3001F5867E44F2A712DFF873
:10FC7C00A8C012FB13F69BB20CEA064502FB03F379
:10FC8C0003EBD6331D4425F0004303EBD57334FB53
:10FC9C0003F512FB13F70CEA07469BB206EBD736BB
:10FCAC0002FB036626F0004303EBD67334FB03F62A
:10FCBC00C5EA064512FB13F70CEA07469BB206EBA6
:10FCCC00D73602FB036626F0004303EBD67334FBF6
:10FCDC0003F712FB13F80CEA08469BB206EBD83676
:10FCEC0002FB036323F0004606EBD37334FB03F6ED
:10FCFC00C7EA064740E9025708307045B9D1484673
:10FD0C000022C9F81C30019106F092FD019803B055
:10FD1C00BDE8F04306F064BD0000FF7F2DE9F04F15
:10FD2C0000F5807EB1E8A00AB2E84015C5EA0643AA
:10FD3C00C6EA2544C7EA0845C8EA2746C9EA0A477D
:10FD4C00CAEA2948CBEA0C49CCEA2B4AA0E8F807C6
:10FD5C008645E7D1BDE8F04F70474FF000022DE922
:10FD6C00F00F00F5807C00BFB1E8A00AC5EA0203E1
:10FD7C00C2EA2544C7EA0205C2EA2746C9EA0207D5
:10FD8C00C2EA2948CBEA0209C2EA2B4AA0E8F807E2
:10FD9C008445E9D1BDE8F00F70474FF000022DE922
:10FDAC00F00F00F5807C00BFB1E8A00AC2EA054361
:10FDBC00C2EA0504C2EA0745C2EA0706C2EA0947D5
:10FDCC00C2EA0908C2EA0B49C2EA0B0AA0E8F80722
:10FDDC008445E9D1BDE8F00F70472DE9F00F089C80
:10FDEC0000F5007B51F8045B53F8046BC5EA064739
:10FDFC00C6EA254952F8045B54F8046BC5EA064878
:10FE0C00C6EA254AA0E880078345EBD1BDE8F00F90
:10FE1C00704700BF42F2107310B50360044607F040
:10FE2C006FFE0023024620462372626010BD00BFA5
:10FE3C00037A8B4200D17047012200B583B08270E7
:10FE4C000191009007F05CFEDDE9003119725860F9
:10FE5C0003B000BD83780BB90020704700B583B0A8
:10FE6C00019007F04DFE019B59681A88401A824296
:10FE7C0002D3002003B000BD187A002201309A7022
:10FE8C00C0B203B000BD00BF007A70474FF0000C49
:10FE9C0061F3070C9DF8041062F30F2C9DF80820F9
:10FEAC00017163F3174C9DF80030427163F31F6CC2
:10FEBC000823C0F800C08360704700BF10B504462B
:10FECC000121007807F07AFE6078012107F076FEB8
:10FEDC00A078012107F072FEE078002107F06EFE99
:10FEEC002079002107F06AFE60790021BDE81040FE
:10FEFC0007F064BE70B505460C464078002107F04B
:10FF0C0029FEAE68013E14D40021A87807F022FE29
:10FF1C0014F001034FF00101287808BF1946013E87
:10FF2C0007F018FE0121A878640807F013FE731C73
:10FF3C00EAD168780121BDE8704007F00BBE00BF24
:10FF4C002DE9F84F0F4605460724DFF8E08001F154
:10FF5C00FC064FF0010ADFF8D0B00AFA04F128468B
:10FF6C00C943C9B2FFF7C6FFDBF804102D4BD8F814
:10FF7C000020A3FB0232920C02EB8202DBF804306D
:10FF8C005B1A9A42FAD804EB4409E87807F004FEAD
:10FF9C00B0FA80F1A9F102004909C0B200EB4000AF
:10FFAC0007EB8000FFF744FF287907F0F5FD09F116
:10FFBC00FF33B0FA80F1D8B2490900EB400007EBEF
:10FFCC008000FFF735FF687907F0E6FDB0FA80F1A5
:10FFDC003046243E4909FFF72BFF013CBDD1FE21E1
:10FFEC002846FFF787FF0F4BDBF80400D8F80020FA
:04FFFC000D49A3FB0D
:02000004600199
:100000000232920C02EB82024B681B1A9A42FBD816
:10001000E87807F0C7FDB0FA80F138464909FFF7E4
:100020000DFF2846FF21BDE8F84FFFF769BF00BF6D
:1000300083DE1B43001000E0EC3F0020F8B50446CF
:100040000CF086FADFF838E0002504F1380C0A4F8E
:100050000A4EBEE80F00ACE80F00BEE80F00ACE8A7
:100060000F009EE80F008CE80F002046A4F87050A7
:10007000C4E91A76F8BD00BF28140101033F01004E
:10008000481F002010B5044601235A220A490CF0EB
:1000900009FE002120460CF0D1FE5A2120460CF02A
:1000A000C5FA00B110BD162104480AF015FC044839
:1000B000BDE8104006F05EBF00400020682600202A
:1000C000F03F002010B5122104461F480AF004FC3E
:1000D0001E4806F04FFF94F8692094F868102046F7
:1000E0000CF082FB94F86B3094F86A2020465A2179
:1000F0000CF090FB94F86C2020465A210CF002FB87
:1001000094F86D2020465A210CF0B8FB94F86E202C
:1001100020465A210CF0F2FB94F86F2020465A2119
:100120000CF028FC94F8702020465A210CF05AFC60
:1001300020465A2194F871200CF090FC20460021B2
:10014000BDE810400CF07ABE80260020F03F002071
:100150002DE9F843064688465A210CF00BFE074667
:10016000014630460CF020FAB0B906F134090546D4
:1001700059F8043FEAB23946304603EB43030135F0
:1001800008EB83040CF012FA01462046FFF756FEF6
:100190000C2DEDD1BDE8F883182106480AF09CFB30
:1001A000054806F0E7FE30460021BDE8F8430CF0B4
:1001B00045BE00BF94260020F03F0020012070477C
:1001C0000020704743792BB10021D0E9270303FBBE
:1001D00000F0704718460021704700BF00207047AC
:1001E000002070470020704700207047F0B405469B
:1001F00018462027314B84B25F6144EA0544052547
:10020000C3F8B850C3F8A0100121C3F8A440C3F844
:10021000B0100F282CD8E8B1C31D284CDB08D4F847
:10022000F010C9B29942FAD3032837D920F003015C
:10023000234D860813461144AD1A5C5943F8044B0C
:100240008B42FAD11F4B10F0030033444FEA830373
:100250001B682FD1194A5369D907FCD553691B076D
:1002600001D508235361154B0122F0BC5A61704738
:1002700059698D0602D459698C06F9D5D3F8006105
:100280001032D3F804511038D3F80841D3F80C11C8
:1002900042E9046542E902415F61BAE7D4F80031FE
:1002A00001281370D6D0190A03285170D2D11B0C23
:1002B0009370CFE702EB8602F2E700BF00402A40CE
:1002C00000412A4040900A10D0F800C002F500001A
:1002D0001A46DCF89CC008B50CFB0101029B092002
:1002E000FFF784FF002008BD00487047C02A006067
:1002F00092B32DE9F043C46983B05CB317469946C5
:100300000E460446426900250021384610F0E2FD01
:100310006269D4F804803B46009231462A46204662
:10032000C04762697AB1501E07F1FF3C384401E0D2
:10033000844508D01CF801EFBEF1FF0FF8D0002073
:1003400003B0BDE8F083B9F1000F03D01544E369B1
:10035000AB42D9D80120F3E700207047064808B522
:10036000D0F800E0184602EB0E0C029A0CEBC131FB
:1003700007F07AFD002008BDD86D002008B5DFF831
:100380001CE0DEF800E002EB0E0C029A0CEBC13030
:10039000194607F08BFC002008BD00BFD86D002077
:1003A00008B5044B186800EBC13007F0F1FC0020E1
:1003B00008BD00BFD86D002008B5437923B10830CF
:1003C00004F0C0F9C343DB0F184608BD43790BB9ED
:1003D0001846704700B5C3B008306A4604F056FCB2
:1003E000C343DB0F184643B000BD00BF437913B9C8
:1003F0000020002170470346083000B583B0019308
:1004000004F064FF0028019B03DBD3F8A0208242A4
:1004100011D21A680E49526A8A4213D15A7932B1FE
:100420000021D3E9273003FB00F003B000BD00201A
:10043000002103B000BDD3F89C30002103FB00F085
:1004400003B000BD184603B05DF804EB104700BFD1
:1004500099CC0000114A1368B0B1DFF844C00133F1
:10046000DCF800C013608C4515D3CA08012300B521
:1004700001F0070E10F802C0002103FA0EF343EA60
:100480000C038354084600BD21B1DFF814C010608E
:10049000CCF8001019460846704700BFE06D0020F8
:1004A000DC6D00200268DFF824C0926962450BD140
:1004B0000346407900B9704703F1080010B504F015
:1004C00041F9C043C00F10BD104700BF8DCE0000E2
:1004D00070B5447984B01CB90024204604B070BDC6
:1004E00008301646054604F0E1F90028F4DB07F071
:1004F000FFFE0423039031460093284603AB6D2290
:1005000004F028FC0028E8DA222103480AF0E4F984
:10051000024806F02FFDE0E7B0260020F03F002063
:1005200070B5447984B01CB90024204604B070BD75
:1005300000F108050E46284604F01AFD0028F3DBFA
:1005400007F0D6FE0423039063220093314603ABE9
:10055000284604F0FFFB002811DB042203AB3146E0
:10056000284600926D2204F0F5FB0028DDDA2221F6
:1005700007480AF0B1F9074806F0FCFCD5E722214C
:1005800005480AF0A9F9034806F0F4FCE5E700BFC6
:10059000B0260020F03F0020D426002010B483B005
:1005A0000B46CDE90012C27C002A30D072B6C27C64
:1005B000D40708D54FF0E02C4469DCF880112140C5
:1005C0008162CCF88011910708D54FF0E02C846946
:1005D000DCF884112140C162CCF88411540708D59D
:1005E0004FF0E02CC469DCF8881121400163CCF89D
:1005F0008811110708D54FF0E02C046ADCF88C1143
:1006000021404163CCF88C11D2063AD462B682689C
:10061000934240D0234A836092692349C2F3011C6C
:10062000C2F3826251F82CC00132BCFBF2F103B379
:100630008B4232D8B1FBF3F2B1FBF2F18B422ED3F5
:10064000B2F5817F1BD2022A27D9023A530803EB65
:10065000032342EA0323C3600268032100201061E0
:10066000516201211364019B1366116103B010BC38
:1006700070479445EFD34A1CB2F5817FE3D30B4B0F
:10068000E9E74FF0E021446AD1F8902122408263EB
:10069000C1F89021BAE7C368DEE70023DBE7114623
:1006A000E9E700BF00C00F40C02D0020FF7F7F00A2
:1006B000944619B1012903D00120704716F0BABD44
:1006C0001A46614616F0AABD0000000030B5D0F809
:1006D000CC4085B0002C77D0D0F89C4004FB0121A1
:1006E00090F8D140182C4FEA11424FEA112562D000
:1006F0008DF8022013228DF80410090E8DF8035096
:100700008DF801108DF800200446089A0021184643
:100710001D4610F0DFFBD4F8CC002EA3D3E9002354
:10072000CDE90223DDE90212FFF738FF002194F83A
:10073000D00007F015FA94F8D1306A466946DB0814
:10074000D4F8CC0001330BF0FFFE089B2A46294663
:10075000D4F8CC000BF0F8FE012194F8D00007F09B
:10076000FFF9D4F8CC20D37C13B3DD0704D5906A0D
:100770004FF0E021C1F800019C0704D5D06A4FF08A
:10078000E021C1F80401580704D5106B4FF0E021B7
:10079000C1F80801190704D5506B4FF0E021C1F8EA
:1007A0000C01DB0604D5926B4FF0E023C3F8102157
:1007B000002005B030BD49BA8DF801200322ADF804
:1007C00002108DF800209FE76FF00400F1E700BFF2
:1007D000AFF3008080C3C901070000000068FFF785
:1007E00075BF00BF2DE9F04D82B004468846354DF7
:1007F00007F08CF907460FF2C40BDBE900ABD4F825
:10080000CC00CDE900AB9DE80600FFF7C7FE002154
:1008100094F8D00007F0A4F9D4F8CC304FF4A060DD
:100820001A68116E01EA050343F00F031366506660
:10083000136F9E07FCD41166012194F8D000566F07
:1008400007F08EF9D4F8CC20D37C13B3D80704D5A5
:10085000916A4FF0E020C0F80011990704D5D16AE1
:100860004FF0E020C0F80411580704D5116B4FF089
:10087000E020C0F80811190704D5516B4FF0E020B3
:10088000C0F80C11DB0604D5926B4FF0E023C3F8DF
:10089000102116F0010607D007F038F9C01B80457B
:1008A00006D30AF095F8AAE7304602B0BDE8F08D0D
:1008B0006FF0040002B0BDE8F08D00BF80C3C90135
:1008C0000700000000F0FFFF0000000030B5044604
:1008D000D0F8CC0085B0002800F09D80D4F89C5062
:1008E00005FB012294F8D11018294FEA124C4FEA67
:1008F000122E00F087808DF80420120E8DF802C0B1
:100900008DF8012012228DF803E08DF800201D469D
:1009100045A3D3E90023CDE90223DDE90212FFF765
:100920003DFE002194F8D00007F01AF9D4F8CC204D
:10093000062312685366D36D13F4F81FFBD0012110
:1009400094F8D000536F07F00BF93449FA22344B76
:1009500048681B684FEA134C324B02FB0CFC4FEA11
:100960005C0CA3FB0C3C4FEA1C2C4A68121A944501
:10097000FBD8002194F8D00007F0F2F894F8D130B9
:100980006A466946DB08D4F8CC0001330BF0DCFD85
:10099000089B00222946D4F8CC000BF0D5FD01219C
:1009A00094F8D00007F0DCF8D4F8CC20D37C13B353
:1009B000D90704D5906A4FF0E021C1F800019D07E6
:1009C00004D5D06A4FF0E021C1F80401580704D5DE
:1009D000106B4FF0E021C1F80801190704D5506BE6
:1009E0004FF0E021C1F80C01DB0604D5926B4FF00B
:1009F000E023C3F81021D4F8D4102046FFF7F2FE0C
:100A000005B030BD52BA8DF801C0ADF80220022207
:100A10008DF800207BE76FF00400F1E7001000E0A4
:100A2000EC3F00201123970880C3C9010700000094
:100A30000068FFF74BBF00BFD0F8CC30002B00F0B0
:100A4000A68030B5044687B0D0F894000D460FF06C
:100A50008BF9024660B101900123294604F1800020
:100A6000FFF746FC002840F0868001980FF084F9DB
:100A7000D4F89C1094F8D13094F8D22001FB05F5FD
:100A8000182B8DF808204FEA15426ED02DBACDF8FC
:100A9000095007233F4AD4F8CC00CDE90423DDE90F
:100AA0000412FFF77BFD002194F8D00007F058F8FE
:100AB000D4F8CC20062312685366D36D13F4F81FC4
:100AC000FBD0012194F8D000536F07F049F8324968
:100AD000FA25324A48681268314B120C05FB02F2C3
:100AE0005208A3FB0232120A4B681B1A9A42FBD827
:100AF000002194F8D00007F033F894F8D13002AA1E
:100B0000D4F8CC00DB08114601330BF01DFD0121A8
:100B100094F8D00007F024F8D4F8CC20D37CEBB1C3
:100B2000D90704D5906A4FF0E021C1F800019D0774
:100B300004D5D06A4FF0E021C1F80401580704D56C
:100B4000106B4FF0E021C1F80801190704D5506B74
:100B50004FF0E021C1F80C01DB0612D4D4F8D81014
:100B60002046FFF73FFE07B030BD6DBA8DF8092073
:100B7000ADF80A508DE701980FF0FEF8002007B09D
:100B800030BD926B4FF0E023C3F81021E6E76FF021
:100B90000400704780C3C901001000E0EC3F002052
:100BA000112397080068FFF747BF00BF30B5D0F8A2
:100BB000CC4085B0002C6BD0D0F89C4004FB0121C8
:100BC00090F8D1200324182A8DF800404FEA1144F0
:100BD00058D009BACDF801100446089A00211846E9
:100BE0001D4610F077F907232B4AD4F8CC00CDE945
:100BF0000223DDE90212FFF7D1FC002194F8D000B6
:100C000006F0AEFF94F8D1306A466946DB08D4F8A6
:100C1000CC0001330BF098FC089B2A462946D4F8F7
:100C2000CC000BF091FC012194F8D00006F098FF65
:100C3000D4F8CC20D37C13B3DD0704D5906A4FF0F1
:100C4000E021C1F800019C0704D5D06A4FF0E021F3
:100C5000C1F80401580704D5106B4FF0E021C1F82A
:100C60000801190704D5506B4FF0E021C1F80C01C1
:100C7000DB0604D5926B4FF0E023C3F8102100206F
:100C800005B030BD49BA8DF80140ADF80210A3E7B8
:100C90006FF00400F4E700BF80C3C9010068FFF7EC
:100CA00085BF00BF70B50446D0F8CC0084B00028E2
:100CB00000F09D80D4F89C5005FB012294F8D110DF
:100CC000022518298DF800504FEA124500F089805E
:100CD00012BACDF80120474A1E460723464DCDE9FA
:100CE0000223DDE90212FFF759FC002194F8D0003D
:100CF00006F036FF4149322248682B681B0C02FB84
:100D000003F33F4A5B08A2FB03231B0A4A68121A3B
:100D10009342FBD8D4F8CC20062312685366D36DD7
:100D200013F4F81FFBD0012194F8D000536F06F0A4
:100D300017FF324948682B684FEA134C322303FBF4
:100D40000CFC2F4B4FEA5C0CA3FB0C3C4FEA1C2C19
:100D50004A68121A9445FBD8002194F8D00006F096
:100D6000FFFE94F8D1306A466946DB08D4F8CC001F
:100D700001330BF0E9FB089B00223146D4F8CC008C
:100D80000BF0E2FB012194F8D00006F0E9FED4F864
:100D9000CC20D37C13B3DD0704D5906A4FF0E0215B
:100DA000C1F800019C0704D5D06A4FF0E021C1F8DA
:100DB0000401580704D5106B4FF0E021C1F8080179
:100DC000190704D5506B4FF0E021C1F80C01DB0688
:100DD00004D5926B4FF0E023C3F81021002004B03B
:100DE00070BD52BA8DF80150ADF8022073E76FF074
:100DF0000400F4E780C3C901EC3F0020001000E0CC
:100E0000112397080068FFF74DBF00BFD0F8CC3022
:100E1000002B00F0AF8030B50446C7B0D0F8940086
:100E20000D460EF0A1FF024660B101900123294654
:100E300004F18000FFF75CFA002840F095800198EB
:100E40000EF09AFFD4F89C20FF2106A810F042F87B
:100E5000D4F89C2094F8D13002FB05F50222182B1F
:100E60008DF808204FEA154278D02DBACDF80950F8
:100E7000DFF814C10722D4F8CC00CDE904C2DDE9C3
:100E80000412FFF78BFB002194F8D00006F068FEF7
:100E9000D4F8CC20062312685366D36D13F4F81FE0
:100EA000FBD0012194F8D000536F06F059FE334B6C
:100EB000334948681A683223120C03FB02F2314BA3
:100EC0005208A3FB0232120A4B681B1A9A42FBD843
:100ED000002194F8D00006F043FE94F8D13002AA25
:100EE000D4F8CC00DB08114601330BF02DFB0022B7
:100EF000D4F89C3006A9D4F8CC000BF025FB0121D6
:100F000094F8D00006F02CFED4F8CC20D37C13B398
:100F1000DD0704D5906A4FF0E021C1F800019C077D
:100F200004D5D06A4FF0E021C1F80401580704D578
:100F3000106B4FF0E021C1F80801190704D5506B80
:100F40004FF0E021C1F80C01DB0604D5926B4FF0A5
:100F5000E023C3F81021002047B030BD6DBA8DF8F2
:100F60000920ADF80A5083E701980EF005FF002034
:100F700047B030BD6FF00400704700BFEC3F002069
:100F8000001000E01123970880C3C9010068FFF733
:100F90003DBF00BFF0B58C4685B0354C19464FF4C7
:100FA00000030A9D0646C4F8A0304FF42023C4F87D
:100FB000A4300123C4F8B0306069C307FCD507072B
:100FC00001D5082363612A4B012402F50002A8B26F
:100FD0005C61D6F89C7040F4302007FB0C22C3F80B
:100FE000A020C3F8A400C3F8B04001E0400626D416
:100FF000586910F00104F9D0020701D508225A619E
:101000001B4B01225A61D6F8D05006F07FFD0446F2
:1010100006E006F07BFD001B854221D309F0D8FCD9
:101020000D2001230DF10F024FF40001FFF7DEF850
:101030009DF80F0010F00100EBD105B0F0BD082DB8
:1010400012D8002DD4D02A460A48019106F00CFF90
:10105000074A402001991346506129442546C7E7B5
:101060006FF0040005B0F0BDA5F108040825EAE71B
:1010700000402A4080412A400068FFF78BBF00BF34
:1010800030B5054685B0D0F894000C460EF06CFEE5
:1010900060B1024601900123214605F18000FFF76F
:1010A00027F900284ED101980EF066FE294A4FF428
:1010B00020234FF40001C2F8A010C2F8A43001238D
:1010C000C2F8B0305369D907FCD51B0737D4214A81
:1010D00001235361D5F89C1001FB04F44FF4402127
:1010E00004F50004C2F8A040C2F8A410C2F8B03061
:1010F0005369D807FCD519071ED4164B01225A6133
:10110000D5F8D45006F002FD044606E006F0FEFCD9
:10111000001B85421AD309F05BFC01230DF10F027D
:101120004FF400010D20FFF761F89DF80F30DB0749
:10113000ECD4002005B030BD08235361DDE708235F
:101140005361C4E701980EF017FEF2E76FF0040058
:1011500005B030BD00402A400068FFF791BF00BFD6
:10116000826E436D126AD31A1944B1FBF2F302FB8B
:101170001311836D8B420BD94FEA511C406E01F065
:101180001F01012250F82C308A40134340F82C30C4
:1011900000207047CB00036848BF184A83EA010C5F
:1011A00058BF174A1CEA020F18D043F30902013254
:1011B00014D0144ADFF844C000B503EA020E124A04
:1011C00001EA0C0C4EEA0202944509D00A0D02F421
:1011D000E06CBCF5806F05D0002000BD0120704799
:1011E000012000BDC3F3892CC1F389218C45F3D3C1
:1011F00052B203EB82230360EEE700BF00FCFF7FE7
:1012000000FC0F7000FC0F000000F04F024641F39D
:10121000090C00201368BCF1FF3F08BF0131043303
:10122000C1F3090119441160704700BF0246002054
:1012300013680133136070472DE9F04F87B0139F97
:10124000109E119C002F7FD09B461546013B88467F
:1012500082460293B8F1000F44D0139FD8F80030B3
:10126000B34242D0B94613972B689E422ED0DAF88B
:101270006800139B41699B45B4FBF1F201FB1242EC
:1012800003D88B4201D3002A3DD0029BA2EB040C71
:10129000A21A2E600B442344B3FBF1F301FB03F3CA
:1012A000C1696A608B4294BF9C448C44836A314616
:1012B000634528BF63460093AB60D0F80490EB68A9
:1012C000C8470028C6D007B0BDE8F08FD5E90113A4
:1012D0000B44A342CBD9A1423AD9091B894528BF67
:1012E0008946C4E7DDF84C90BEE7D8E901130B440A
:1012F000A342B7D9A1423FD9A1EB04091397B9453D
:1013000028BFB946B0E7B9FBF1F301FB03F331465F
:101310001F46009342680397A9EB070704922246F1
:101320000597129B049FB8470028CCD1059A039FCC
:10133000A2EB0903139A3C441A441392129A3A44BA
:101340001292139B002B85D1002007B0BDE8F08FCF
:101350001B1B611A1298994528BF9946EB684A46AB
:10136000194406F081FD129B4C444B441293139B8D
:10137000A3EB09031393E4E7A3EB0409611AD8F87C
:101380000C30B9451298194428BFB9464A464C4416
:1013900006F06AFD129BB7EB09074B4412937FF4EA
:1013A0005DAFD1E7836E0246196B00B583B029B1FA
:1013B000596B61B19B6B9BB103B000BDC0680192DA
:1013C0000EF0DAFC019A936E596B0029F2D1D069C4
:1013D00001920EF0D1FC019A936E9B6B002BEBD126
:1013E000506E03B05DF804EB0EF0C6BC0B6B30B56D
:1013F0008D6A83B004468166002B3DD0C3604B6B81
:10140000002B47D0E3612A46FF21E0684FF0FF350B
:101410000FF060FDA36EFF21E0699A6A25600FF06E
:1014200059FDA26E2561936B002B3AD06366D16B98
:1014300000234FF0FF3040F2FE35994208BFFF21F4
:10144000E166116C994208BF6FF000412167526C50
:1014500063649A4208BF2A46A36323656267C4E9AE
:1014600008001846C4E90A33C4E90F33C4E90C3351
:10147000C4E9123303B030BD284601910EF074FC6C
:101480000199E0600028BAD12046FFF78BFF6FF08A
:101490000B00EFE728460EF067FCE0610028B2D1B0
:1014A000F2E7D06A01920EF05FFC019A60660028B4
:1014B000BDD1E9E72DE9F04F87B0DDF84880B8F1FC
:1014C000000F37D01F4693468A46064600240DF18A
:1014D000100901E0A0452DD9B16EA8EB0405109BC1
:1014E0005246086A03EB040CABEB040387422BD291
:1014F000082DC96928BF082505EB0C00884223D8B0
:1015000000213046CDF804C00097CDE90295FFF7E1
:1015100093FE119903462A462144484633B90FF0F9
:1015200005FC00282C44D5D009DB0223184607B05F
:10153000BDE8F08F0023184607B0BDE8F08F012307
:10154000184607B0BDE8F08F6FF05303184607B098
:10155000BDE8F08F30B51346C1F30904826885B049
:1015600001680546A24228BF2246029240680190C7
:101570005868009008461B68FFF79CFF28B9AB68C5
:10158000A34202D034BF0120022005B030BD00BF0D
:101590002DE9F0430C46096885B0CD1C03D9002025
:1015A00005B0BDE8F0830746806EA5689146826964
:1015B0001E46E36802EB050C0CF1FF3CBCFBF2FCA1
:1015C00002FB0CF20092904685686268A8470028EA
:1015D000E6D196B1E36842464946384601936368CE
:1015E000CDF8088000934FF0FF33C9F8003023682E
:1015F000FFF760FF0028D3DB09D1BB6EFF21E06855
:101600009A6A0FF067FC4FF0FF332360C7E76FF073
:101610005300C5E72DE9F04F83B0DDF83C900C9DF9
:101620000D9EB9F1000F35D00C4693468246816E6F
:101630004FF00008019308E08A692560C4F808802B
:10164000B6FBF2F302FB03F363602368AB42F3D112
:101650006068B042F0D88F6A0744B742ECD9BF1B2C
:10166000E368301A0E994F45184428BF4F463A4652
:101670003E4406F0F9FB6368A268F31ADAF86810D2
:10168000934238BF13468A6A9A42A36006D0B9EBE8
:1016900007090ED1002003B0BDE8F08F019B5A4628
:1016A00021465046FFF774FF0028F0D003B0BDE894
:1016B000F08F0E9BDAF868103B440E93C5E700BF2D
:1016C00070B586B01D460C461646CDE902234B6820
:1016D000024601930B6800F1100100930023FFF70D
:1016E00099FF034650B92A4605903146E06803F059
:1016F000FFFD6268059B2A44E0606260184606B000
:1017000070BD00BF2DE9F04F89B01C46DDF8489050
:1017100007924BB94FF0FF33139A00201360149BCC
:101720001C6009B0BDE8F08F866E03F1FF3B8A466E
:101730008046F469083CA34555D3BBFBF4F001385F
:101740000DF0DCF802304C45ABEB800BBBFBF4F545
:101750004DD8B9FBF4F001380DF0D0F8871CA9EB97
:101760008707B7FBF4F738460DF0C8F8A9EB800BF4
:1017700004FB17B4AF4234D2BB460DF11C09374607
:10178000069401E0D8F86870386AA5EB0B04079E50
:1017900095FAA5FCB4FA84F404238642BCFA8CFCC6
:1017A00052464FF0000125D2C4F11F00604528BF0A
:1017B0006046D7F81CC087000590404607EB030E33
:1017C000E64517D8CDE90293CDE90067FFF734FD70
:1017D00001230028A5D105988340ED1AAB45D1D34C
:1017E000069C079B98E74C4507D80025B1E74C4677
:1017F0000027BFE76FF0530093E74C46F1E700BFC7
:101800002DE9F04F41F30903D0F804B08BB0B3F1E8
:10181000FF3F14BF0E464E1CDBF80430DBF81450BB
:10182000C6F3090604333344AB4264D821F0004ABE
:10183000DBF80830056817468AEA03030C4609AA54
:1018400059461BBA284609930423FFF739FF8146FE
:10185000002834D1844236DA002E3CD0CDF818A0CE
:101860000DF12308B246CDF81C90059701E0CA455A
:1018700037D0A86EAAEB0903059F2A46046A002107
:101880003E68A64232D27C68D0F81CC028464C4440
:1018900004F1010EE64529D80127CDE90064CDE920
:1018A0000287FFF7C9FC04463B4642465946284694
:1018B000FCB9B944FFF704FF0028D8D08146484658
:1018C0000BB0BDE8F08F33463A4628465946FFF73D
:1018D000F7FE0028F2D1CBF808A048460BB0BDE8CF
:1018E000F08FDDE906A9CBF808A0F6E76FF0530901
:1018F000E5E7A146E3E76FF01B09E0E72DE9F04FCC
:1019000097B01C468A469346BDF89030DFF8D091D8
:101910000E93BDF894300C900F93BDF998300D9351
:10192000229BDDE92068C3F38F230B9344F3090363
:10193000B3F1FF3F14BF2546651C0BF10403C5F34B
:1019400009051D44DAF80C309D422BD3B8F1000F85
:1019500040F3B580336808F1FF3877680836139391
:10196000239A82EA0305229A154015EA0905DDD17A
:101970000B9A002A3DD1C3F30A52002AD6D040F276
:1019800001118A4253D0B2F5817F72D00D993A4647
:1019900003EB8121DDE9273098470028C6D017B036
:1019A000BDE8F08F0C98DAF80020836E196A8A423D
:1019B00080F08D80DB692F1D9F4200F28880042318
:1019C0000021CDE9002513AA039302920246FFF7F6
:1019D00033FC0028E3D1139BAB46DAF800201BBA96
:1019E0001597149214AF634043F000431C461393C1
:1019F000B6E713AB5A4651460C980893364B0096FF
:101A000007932346CDE90555CDE90355CDE9018579
:101A1000FFF774FF0028C2DB88D1139B0E99C3F334
:101A20008922914282D80F999142A4D87EE7289AC0
:101A30004FF0005039460892279A0792C3F30902E3
:101A4000C3F3892304929B1A013205920D9A134421
:101A500000221BB20693214BCDE90022CDE90230D2
:101A60004FF0FF330C98FFF749FF00283FF45EAFBB
:101A700095E7C3F30902002A3FF458AF20961A46AF
:101A80002E46CDE910B40D9CDDE9275B04E0139AE6
:101A9000C2F309018E4216D23978C2F3892CBB6891
:101AA000584601F54071A4447A68013643EA015171
:101AB0000C3741EA8C21A8470028E8D06FE70020C6
:101AC00017B0BDE8F08FDDE910B4209E2EE76FF06F
:101AD000530017B0BDE8F08F69DC000000FC0F6018
:101AE0000000F07FD0F800C01168DCF8683010B555
:101AF0001C6A86B0A14226D25268DB6902F1080452
:101B0000A34220D30091082104460192039104A925
:101B10006246604602910CF11001FFF78DFB80B91F
:101B2000049A636893420CD0A0680599824218BF5A
:101B3000814214BF012000208B420CBF002000F026
:101B4000010006B010BD6FF05300FAE72DE9F04F29
:101B50001E468BB0836E8046149DDF69013D159C47
:101B6000083F06910792BD4249D3B5FBF7F0013813
:101B70000CF0C4FE0230A5EB8005B5FBF7F5C346BB
:101B80000DF12009B04641461698A04705F0010323
:101B900007465846C3F1020C0593DDE906124FEAE9
:101BA0008C0E47BB3DB3DBF868A07346DAF82060C3
:101BB000B0451ED2DAF81CA0BAEB8C0F19D3CDF8C1
:101BC0000CE0CDF80890CDE90087FFF735FB07461C
:101BD000169887B9059B23B90899A047074650B9BD
:101BE0000127023D059B0DEB87071D44D7F8208098
:101BF000C9E76FF0530738460BB0BDE8F08F0025FA
:101C0000BDE700BF826E2DE9F04F4D680E46916929
:101C10008FB081466B180733B3FBF1F301FB03FB75
:101C200000235D45059377D240F2FE37ABF1080AF9
:101C3000049345E00B9B1BBA6FEA03084FEAD87286
:101C400002F5A0621205641BB3680CADF068144382
:101C50000422294644F47F2444F4406463400B94F6
:101C600009F110041BBA0C9303F042FB0822F06048
:101C70000295736803924A460193002331680D90E0
:101C8000484600912146FFF7C5FC002841D1049B3E
:101C900072681BB9131D0493F36805930B9B08F03E
:101CA00000484FF0FF31C3F3090588EA0303043508
:101CB00015445D457560C6E9023130D2D9F8682017
:101CC00004354FF0FF343168ABEB05000B94136A19
:101CD000B84294BF2C18EC195445204628BF5046F2
:101CE0005C4538BF0446994271D2231DD2699342A4
:101CF0006DD80BAA04234846CDE90014CDE9022390
:101D000000214A46FFF798FA002893D010F1540FAB
:101D100090D00FB0BDE8F08F00F1100404934FF0A5
:101D2000FF3321464A464846C9F800300023FFF7F2
:101D30002FFC0028EDD1D9F86800036998470028E6
:101D4000E7D1D6F810A0DA45E3D25D460499D34630
:101D5000B24609900E1DB34534D24FF0FF3701F162
:101D600005080895CDE9066121E0D9F868600021F1
:101D7000DAF800E04846346AA64523D2F669B5424F
:101D800020D80124CDF800E003940CACCDE901B4D7
:101D9000FFF752FA034601223846002B36D121467E
:101DA000AB4603F0A5FA069B07469D4214D2049B5E
:101DB0000BF101054A465B45A8EB0503D5D1059912
:101DC000B942D2D06FF053000FB0BDE8F08F4FF0A2
:101DD000A0424FF0000836E7DDE907150028F1D1F1
:101DE0006A1A40F2FE339A4294BF8918C918A94270
:101DF00001D309988DE7A5F108038B4228BF0B4654
:101E00009D429B4603F10401A4D8F2E7184680E7FF
:101E10002DE9F04FD0F868E099B01468DEF820C0E2
:101E2000644580F0C9815468A44540F2C58100240E
:101E30008B46154682464FF0040912AF2646A0464F
:101E4000724661460C93CDE9124455F824308B421A
:101E500017D2D269032A14D9009307EB84035246A0
:101E60000021029350460423CDF80C90CDF8048055
:101E7000FFF7E2F9002800F0A68110F1540F40F0BE
:101E8000098204F1010CBCF1020F40F0B081731C17
:101E90000BF10804CDF82CC003F0010955F82630E9
:101EA0000DEB86060D94CBF8003055F82930CDF8AF
:101EB0003890D946CBF80430B36CCBF80830002307
:101EC000CBF80C304FF0FF330793B94B042293E863
:101ED0000300CDE914010D994FF0FF3003F008FA2B
:101EE000DAF8683010901A6AD9F80000904280F051
:101EF0003E8200220799DB6904274FF0FF340F92DE
:101F0000CDE908213A1D9A42069200F2B8800422D7
:101F100011AD009000210392504652460197029560
:101F2000FFF78AF90646002840F03D822946042240
:101F3000109803F0DDF9DDF844C010909CFA8CFC99
:101F40008CEA0403B3429C4605931193C0F2A78127
:101F5000059B43F30902B2F1FF3F08BF0133DAF8F2
:101F60006820C3F30905D2F81C80291DC819404513
:101F700000F2AB81059B1C0D04F4E060B0F5A06F8E
:101F800000F09880042900F07D814346069CB84605
:101F900016AE1F460A9502E0DAF86820D769D2F833
:101FA00020E004F1010BD9F800503B4652460021D5
:101FB0007545504680F04281BB4500F23F810127C4
:101FC000CDE90054CDE90267FFF736F93A463146CC
:101FD000002840F01181109803F08AF91199C8F196
:101FE0000103109041F309008C461A195C46B0F1C8
:101FF000FF3F14BF0B464B1CC3F3090304339A4243
:10200000CAD30C0D47460A9DD9F800B004F4E0602D
:10201000002840F0A580C1F38923089C5A1CA342E4
:102020002CBF104620460890229B83EA01040C9B9B
:102030001C4019D1069B16AACDF858B01793DDE9BC
:10204000243098470028C0F28A81119B09D0079A52
:1020500082EA0301574A0A40002A40F0DE804FF02E
:10206000FF330793D9F800B0059CDAF8683058467A
:10207000069FD3E907322F449345FFF443AF002373
:10208000D9F80C2089F81630002A40F023810E9BE5
:102090000DEB83039B6CC9F80830D9E90023C9E92B
:1020A00000320B9B012B00F08780099B07930123D3
:1020B0000B930AE7116AD9F800209142DFD907F1A2
:1020C00008018845DBD3009204224346314603923F
:1020D0005046069A019216AA02925246FFF7ACF8B1
:1020E000002840F0D380169A109B9A42C7D1119BCA
:1020F00010A9059A1B0DDAF82C0082EAC374042299
:1021000003F0F6F8089BCAF82C0044F30901A9F87B
:1021100014300F9BB1F1FF3F14BF2246621CD9F867
:1021200000B089F81730C2F30905119BC9F81040B7
:1021300043F30902B2F1FF3F08BF0133C3F30903C0
:1021400004333B44C9F80C30159BC9F81C30149B70
:10215000C9F818304FF0FF331093079B099384E7B9
:10216000B0F5806F6ED0B0F5C06F7FF45DAFDAF878
:1021700068301A6A5A4582D9DB690C37BB42FFF4D2
:102180007EAF14AA00215046CDF800B00292069A04
:102190000192082203925246FFF74EF854303FF462
:1021A0006EAF04F001031199D9F800B00F933BE72B
:1021B000781F002000FCFF7F6FF0530309930998FC
:1021C00019B0BDE8F08F54303FF45BAE84F00103EA
:1021D00004F1010C0DEB83039A6C57F824309B1A21
:1021E000002BC8BF2646BCF1020F3FF450AEDAF810
:1021F00068200124116A28E610F1540F47460A9D11
:1022000048D1D9F800B0DDF844C0614600230C0D78
:1022100089F8163004F4E060FAE602287FF422AF71
:10222000079AC3F38921C2F389228A42FFF41AAFC5
:1022300043F00043D9F800B0079315E7AB46474693
:102240000A9DE2E7089B64B2079A23449BB2089375
:10225000584B1A40584B13438B420ED00798431CDF
:102260003FF4E2AE00EB8424C0F38922C1F389235A
:102270009A4228BF20460790D6E6079B43F00043CA
:102280000793D1E61946D9F800B0C1E610F1540F12
:102290003FF4F5AE0990099819B0BDE8F08F230D11
:1022A0003546D9F80C2003F4E063B3F5A06F09D1EB
:1022B000DAF868309B69B2FBF3F503FB1525B5FA34
:1022C00085F56D0989F81650DEE6D9F80C2089F8F5
:1022D0001660D9E6DAF83C20CB46130D13F4E06F14
:1022E00022D0DAF84040D9F800108C4209D0DAF850
:1022F0004430D9F80400834218BF844201D0994287
:1023000012D10999C2F3892240F2FF308B0AC1F33E
:10231000892191422ED0099B013338D0914203D9B3
:10232000099BA3F580630993239B4BB1099BBBF8E1
:102330001420C3F38923934228BF1346239A1380A2
:10234000099B002BBFF63BAFC3F38923BBF81420D6
:102350009A4294BF00236FF0010309932FE710F115
:10236000540F97D1D9F80C2089F816408CE6079BBA
:10237000099384E6239AC3F30903002AE6D0BBF845
:10238000142023999A4228BF1A460A80DEE7239B2D
:1023900033B1BBF81430239A834228BF034613801D
:1023A00040F2FF33D2E710F1540F3FF468AE0990CA
:1023B00005E700BF00FC0F000000F04FF0B501235F
:1023C0000024154606460F4689B0C2E90643B36E9F
:1023D0001B6AB4EB530F21D2294630460134D7E9AA
:1023E0000032CDE9056305AB07920E4A0393002343
:1023F000CDE901320C4A0D4B009205F11802FFF7AE
:1024000007FD08B1831C07D1AB69013302D0EB692A
:102410000133DCD16FF0010009B0F0BD6FF0530063
:10242000FAE700BFB9E5000008000020FF03F07FD5
:1024300000234FF0010C2DE9F04114460746884671
:1024400018321E4686B0C4E9063CE169481C23D018
:10245000B86E006AB6EB500F27D2D8F80000984249
:102460001FD0D8F804C08C4518BF884219D09C45AD
:102470004FF0000115D04FF0FF330191384605921F
:1024800000930136CDE902112146FFF7C1FC28B9BE
:10249000A369059A5D1CD8D16FF0010006B0BDE8B4
:1024A000F081002006B0BDE8F0816FF05300F5E741
:1024B0002DE9F04F9946C36B89B00D694FEA135867
:1024C00006468A46934618F4E068CC6807951BD008
:1024D000016CDAF80000814209D0726CDAF80470FD
:1024E000BA4218BFB94202D0904240F08A80CBF382
:1024F0008921002900F08580C3F38923C9F389214C
:102500008B427ED8DFF83481CBF38923059305E035
:1025100085EA0C0C1CEA0B0C4FD01D4645F309074D
:10252000B7F1FF3F14BF2B466B1CC3F3090303F144
:102530000801A14268D8B26EDAF80000116A884238
:1025400067D2043CD169E41A231D8B4261D807A9E4
:1025500004230090324630460194CDE90213002155
:10256000FEF76AFE002849D1079BA9EB080C059AE3
:102570001BBA6B4023F000430793002AC8D0280DF4
:1025800000F4E061B1F5806FC2D1CCF38921C5F3CD
:10259000892E7145BCD327490CEA010C26494CEA27
:1025A0000101A94230D040B208EB8028A9EB080C09
:1025B00085EA0C0C1CEA0B0CAFD1013724D0B36EAA
:1025C000DAF80020196A8A4223D2C5F30907D969CB
:1025D000149B9F4228BF1F46129B04332344D819E3
:1025E000884216D8614630460397CDE90023139BF5
:1025F000324602933B46FEF71FFE78B109B0BDE8B4
:10260000F08F4FF000087FE76FF0010009B0BDE8E0
:10261000F08F6FF0530009B0BDE8F08F149B0146B6
:10262000DA1B139BD8190EF055FC05EB080009B016
:10263000BDE8F08F00FC0F000000104000FCFFFF21
:1026400010B588B04FF00C0C1446002204AB009279
:102650000E4ACDE9013C0E4BFFF72AFF002803DAB2
:10266000831C0FD008B010BD02300BD00498A368B3
:10267000D4E9001241400598424006982160434049
:10268000C4E90123002008B010BD00BF0000F07FA6
:102690000C00F07F2DE9F04F93B004468946924636
:1026A0000593002398469B461093CDE90A33CDE964
:1026B0000C33CDE90E3301231193A36E1B6ABBEBE0
:1026C000530F80F0A6800FAD11AE4F4655F8041F92
:1026D0005046B847002840F08480B542F6D14FF00C
:1026E000FF3310AA01900AA90093B946CDE9020070
:1026F0002046FFF78DFB0246002873D1BDF83C3021
:1027000043B3CDF818B0054608AE4C4F83460823B6
:102710004B4A0AA92046CDF80080CDE9016347EA7B
:102720008523FFF7C5FE002860DB40F20223020D7F
:10273000B3EB105F5ED0B2F5007F02D1059B002B9A
:102740006FD10135BDF83C20ABB29A42DFD85A4672
:10275000DDF818B0109B013304D0119B0BF1010B75
:102760000133AAD1A56A4E465746002D3AD090466D
:1027700007E003F49013B3F5003F22D02D68002D3D
:102780004AD0AB79012BF9D12B6B03F48812B2F547
:10279000803FEED1D5F82CC0224605F140012046FD
:1027A000BCF1000FE5D0AB6ACDF800C0CDE9016700
:1027B000FFF7CCF9A8B92B6B03F49013B3F5003FE6
:1027C000DCD16B6B224605F140012046002BD5D0B1
:1027D000D5F838C08DE8C8006346FFF7B7F9002880
:1027E000CCD00246104613B0BDE8F08F831CA8D0B1
:1027F0000246F7E7099B002BA3D022460021204682
:102800008DE80806089BFFF7A1F9002899D0024639
:10281000E8E76FF05302E5E74246104613B0BDE823
:10282000F08F07943446216850460434C847002886
:10283000D7D10AAB9C42F6D1079C82E70800002062
:1028400000FC0F70F8B504460F460125D4E916E3E5
:1028500007E0606EC4E9171650F82C60324232D09F
:102860000B4603F01F02206E9E4503F101014FEA63
:10287000531C00F1FF3605FA02F2EAD1002844D0D9
:10288000636D0026A26E9E44136AD26AE665BEFBA3
:10289000F3F103FB11E331466365D300834228BFA4
:1028A0000346606EA3650EF015FB0123224618490E
:1028B0002046FFF7EFFE0028C8D0A36EC4E91666D5
:1028C0001B6A2366F8BD626D1344A26E126AB3FBE5
:1028D000F2F102FB11333B60D4E916539D4212D052
:1028E000012606E0226EAB42E36502F1FF3222666A
:1028F00009D0590903F01F02013350F8211006FADC
:1029000002F20A42EED10020F8BD6FF01B00F8BDC4
:1029100035DC000030B50C4687B004310546FFF7C2
:1029200091FF014600283CD121462846FFF78AFF47
:102930000146002835D1AB6E2268A060186A824239
:1029400032D2D86903282FD90423009204F1080257
:10295000019128460591CDE902232A46FEF76CFC39
:10296000059930B110F1540F03D00146084607B065
:1029700030BDA268AB6E586A002809DD0130531ED5
:1029800040F001021344B3FBF2F302FB03F3A36034
:102990004FF0FF3304200022E361C4E90303C4E9DC
:1029A0000523084607B030BD0A46E4E72DE9F04F9D
:1029B0009B468FB01368824689460593BBF1000F92
:1029C00003D040F2FF33ABF800300992DAE9081384
:1029D000C9E9061309F118030893514B059D5149A4
:1029E000284606930EF0E6FB2F1804464D4938465C
:1029F0000EF01CFB01288046069B79D0022803D1EB
:102A0000059A125D2E2A7AD007EB080201261D4690
:102A1000069714460592CDF81C8001E001363C185B
:102A2000404920460EF0C6FB271880463D493846EF
:102A30000EF0FCFA70B10228F0D114F808202E2A0A
:102A4000ECD17A782E2AE9D1013EE8D1BA1C2B4686
:102A50000592C3E7069F2B46DDF81C803A78002AD2
:102A600042D0099A1760C5F30A52022A54D1C5F31D
:102A7000892240F2FF318A4210D0089A0823009040
:102A8000494601925046284A029303F100532A40D6
:102A90001343264AFFF70CFD031E25DB4646554629
:102AA000DDF8208003E02ED199F8173073B32F2181
:102AB00038460EF053FA0BAC00284FF0F043039465
:102AC00042460CBFDC464FF0000C194C49462846E4
:102AD00000960294CDF804C00B95CDE90C76FFF773
:102AE00097F90028DFDA034618460FB0BDE8F08FEB
:102AF0002A5D2E2A88D107EB080205926EE77A78C4
:102B00002E2A81D1F7E70346AA4667E76FF0010353
:102B100018460FB0BDE8F08F6FF01303E4E700BF75
:102B200000FC2F009427002000FC0F0000FC0F7019
:102B300029E000002DE9F04140F2FF3486B0A242C6
:102B400037D01C46C36E97020546013304F10806D0
:102B500088460196C3F3090643EA82231C4A02967B
:102B600000260096FFF7A4FC00281FDB4FEA105C4C
:102B7000082347F00057009684F800C041460293AE
:102B800047F0080704AB2846124A01933B46FFF77B
:102B90008FFC00280ADB40F20223020DB3EB105F2A
:102BA00012D040F201239A420AD0002006B0BDE8BC
:102BB000F081094A02210020128819701A81F5E774
:102BC000C0F309006060F0E7059B00206360EDE75B
:102BD00000FC0F7800FC0F70942700202DE9F047CF
:102BE00086B0119CDDE90E95002C45D01446884630
:102BF00006465F1E6FF0010A2368E168023306D1C2
:102C0000D4E9010303449D4201D2854224D2B06E2F
:102C10004B46C4F800A0D0F814C0D0F828E007EB69
:102C20000C000191194A41462844B0FBFCF00CFB12
:102C300000F0704528BF7046A0600290B5FBFCF024
:102C40000CFB00F0606000903046FFF731FC00287C
:102C5000D2DA06B0BDE8F0875A1B119B281A9A42B7
:102C60000144109828BF1A46059205F0FDF8119B03
:102C7000059A9B1A119303D1002006B0BDE8F08796
:102C8000109B154413441093B6E700BF00FCF7FFF8
:102C90002DE9F04F044689B00E46204607A9FFF7FC
:102CA000D1FDA0B9A06EDDF81CB0C36859469847A5
:102CB000814688B110F1540F40F08E804FF0FF3301
:102CC00007A920462361FFF7BDFD0028EAD0804612
:102CD000404609B0BDE8F08FF36B002B7ED04D4627
:102CE00006F140084FF0010ACDF8149022E0DCF81C
:102CF0001CC06F1C674569D8B6F804C0384F0195F1
:102D000047EA8C2CCDE9029ACDF800C0FFF766FFA8
:102D10000028DCD10123224604F110012046CDE930
:102D200000B5CDE9029AFEF775FC049D48BBF36B34
:102D3000AB422AD96F1C0DF11B09424606F108016E
:102D400004972046376B5B1BD4F868C0FF02CED4D3
:102D5000DCF820206F1CD6F838E00DF11B09414645
:102D600004979645224631D2DCF81CC067452DD821
:102D7000CDE9029ACDE900E5FEF75EFA0028C9D058
:102D8000A5E710F1540F99D0A1E7DDF81480A36EE8
:102D9000E1699A6AF06C05F067F8A369E069D4E923
:102DA0000412B364A36EC6E91012FF219A6A0EF0F2
:102DB00091F84FF0FF3340462361336BC6F838B0CB
:102DC00043F40033336309B0BDE8F08F6FF053086C
:102DD000404609B0BDE8F08F804679E78046D6E7E7
:102DE000000010200B6B5A0304D5DA0276D523F4C9
:102DF00080230B639A0303D44FF0000C60467047A6
:102E00002DE9F0414E6B9AB0CF6A0C4613F4801155
:102E10000546B046019735D1542204A80EF05AF861
:102E2000A36A0DF1500C01970E93012311964FF0F8
:102E3000FF3610930F9795E80F008CE80F00019B69
:102E40002E6098453AD201230DF10F0204A92846BD
:102E500000F07CFAB0F1000C4FF001030DF10F020D
:102E6000214628461EDB00F03DF8B0F1000C19DBCE
:102E70002B68013301D014962E60626BE36A9A428C
:102E8000E1D31BE0019AB24238BF324623F400334B
:102E9000A16B4FF0000CE26243F48033C4F834803D
:102EA000A162236360461AB0BDE8F0811CF1540FA3
:102EB000F8D1FFF7EDFE84460028F3D104F140017C
:102EC00001232A462846FEF763FB8446214628460E
:102ED000BCF1000FEAD1D4E90C32D7E74FF0FF3252
:102EE0000A6484E72DE9F04F1C460B6B93B08346D0
:102EF0005D031746069100F16681069A1905556B28
:102F000004D5D16AA94201D90D4651636119DBF894
:102F10007000814200F2168213F4003816D1069A2E
:102F2000D16AA94212D291465163012311AA49469E
:102F300058468DF84480FFF7D5FF0028C0F2C481C1
:102F4000D9F83430AB42F0D3069B1B6BDE0266D45B
:102F5000002C4BD0069A26460D9402F1400A1446E6
:102F600007979D0348D5DBF86810D4F83C90CA69F0
:102F7000914500F03281A2EB0902D4F838C0B24288
:102F8000CE466746B14628BF3246079E15460AE040
:102F900018F1540F40F00681FFF77AFE002840F048
:102FA0000B81D4E90E7E514601235A465846CDE99D
:102FB0000265CDE9007EFEF72DFB8046214658468E
:102FC000B8F1000FE4D1079BB9EB05062B4407933A
:102FD000636B2B446363E36B2B44E363DBF8683080
:102FE0001B6ACBF86030236BBBD10D9C23F400230C
:102FF000069AA4461363DBE0DA023FD5DBF86820CB
:10300000D2696FF00101D4F834908C46A2EB09022A
:10301000A163C4F83C9043F400332363AFE70699FF
:10302000DBF868604A6BC96A1519B06CD6F828E0FD
:103030008D4238BF0D46002840F0CD80F169C808A8
:1030400040F2FE31714528BF7146814228BF0146DA
:10305000A942BFF47DAF069D5846336AEA6329460C
:10306000CBF86030FFF714FE2B6B8446002840F04D
:103070004F8123F48013069A136369E7626B002A79
:1030800040F0B080DBF868100B6A27460E96CBF84C
:103090006030A36B0A920C93531ECDF814A00B93CF
:1030A00010A95846FFF7CEFB8446002868D1DBF80C
:1030B0006800109CC36821469847844600286AD15E
:1030C0000A9BDBF86810002B00F03081D1F81C80DF
:1030D0000B9BA8F108094B45C0F0A0800B9D0891FF
:1030E000B5FBF9F001380BF009FC861CA5EB860650
:1030F000B6FBF9F630460BF001FC0A9B0899A3EBEE
:10310000800306FB1939C14500F08E80B9F1000F2C
:1031100000F0F48000264FF001080DF1440A0C9DE8
:10312000089704E04F45DBF8681000F0D280086A89
:10313000771CA9EB06035A46854280F0D680C96900
:10314000B942C0F0D28000215846CDE902A8CDE9AD
:103150000056FEF771F801235A460599002840F001
:10316000D3805846CDE90046CDE902A83E46FEF799
:1031700051FA0028D6D010F1540F8446089F0DD084
:10318000069A136B43F400231363604613B0BDE843
:10319000F08F8C460F9F1CF1540FF1D14FF0FF338D
:1031A0003B647DE7069AC446136B43F40023136324
:1031B000604613B0BDE8F08F069A8446136B43F463
:1031C00000231363E1E7FFF70DFE84460028EFD1EB
:1031D000069B1B6B91E6C00832E7D8023FF511AFA2
:1031E000626B51E704F13C03013A514658460293A1
:1031F00004F1380300920193D4E90A23FEF782FA1E
:103200000028D9D1DBF86830FF21E06C9A6A0DF014
:1032100061FE4FF0FF33626B236433E70A9B9845EE
:1032200068D0DDF8289075E7731C93FAA3F3B3FA1E
:1032300083F35A1C09920C9A4FF0000908944FF03E
:10324000040A11AC984611920F97089A4FEA890523
:1032500001230599009258465A460195CDE9024A44
:10326000FEF7D8F9014605F1040E04235A465846E4
:1032700000298ED1C14511D0DBF86870DDF844C05B
:103280003E6AB44549D2FE69B64546D8CDE900C587
:10329000CDE9024AFDF7D0FF002843D109F1010929
:1032A000099B9945D1D10F9C4FEA8909DBF8683019
:1032B000DDF820C00E9EDDF814A0C4E90EC9DA695D
:1032C000236BA2EB0902A6E68446604613B0BDE874
:1032D000F08FA4460E9EDDF814A0089C236BC4E971
:1032E0000EC9CA69A2EB090295E6089B6FF0530C60
:1032F000069345E70122034609929CE7A4460E9EE9
:10330000DDF814A03C46E9E7089B8446069337E7BE
:1033100043F40023069A13634AE70F9B6FF0530CA4
:1033200006932DE70F9B8446069329E70A9AA44645
:103330000E9E3C469146DDF814A03B6BC7E90EC2D9
:10334000CA6968E66FF01A0C32E700BF2DE9F04F4A
:1033500017460A6B87B0804694031E460D4600F15F
:1033600081806C6BEA6A944280F08580121BB242C5
:1033700028BF32469346002A00F083801646DFF8C5
:1033800010A12046059229E0D8F868C0EA6BDCF865
:103390001C309A4225D09C1AB44228BF344611F4FE
:1033A00080112FD1DCF820C0A86B60456DD204EBF2
:1033B000020C9C4569D8019205F1400200904046FC
:1033C000CDE90274FDF738FF78BB686B361BEB6BF9
:1033D0002744204423446863EB6350D0296B4A039D
:1033E000D2D4CB02024623D5D8F868306FF0010062
:1033F00041F48021EA63DB69A8639C1A2963B44223
:1034000028BF344611198B423FD3A98840464AEA67
:103410008121CDE90274CDE9001205F1400205F1E8
:103420000801FFF7DBFB0028CFD007B0BDE8F08F25
:1034300005F13C0105F1380200904046EB6A02912B
:1034400005F140010192AA6AFEF75CF90028ECD16F
:10345000296BD8F868C041F48021EA6BDCF81C3095
:10346000296398E7FFF7BEFC0028DED16C6BEA6A9F
:103470009442FFF47BAF002007B0BDE8F08FDDF889
:1034800014B0584607B0BDE8F08F6FF05300CCE79A
:10349000000010202DE9F04FA5B092460A6883463F
:1034A000BDF8BC70BDF8C0900E93A9EB07044B6843
:1034B0000B91012C0F9214921093159356DD7B42C1
:1034C0004E464FF00008DDF838901BB20D931CAB50
:1034D0000C932CE0FE2C17DCDBF86800C169836CD0
:1034E0004FEA510C24390BB14FEA530C85691C9AF1
:1034F0006B1E6344B3FBF5F305FB03F38B4228BF5C
:103500000B469A4240F29D8007EB64052E9B524683
:103510000B99ADB2009358464B460296EC1B0195B1
:1035200000F08AFF00287FD1012C2E461DDD0C9A69
:103530004FF0FF332E9958460892434ACDF800A029
:1035400007920D9ACDF87080CDE905623F4ACDE92A
:103550000387CDE901920022FEF7D0F90028B9D007
:103560000646304625B0BDE8F08FA946DBF8680076
:103570000B9C426AA368002A03F10103A36025DDC6
:10358000013242F00102B3FBF2F102FB1133EBB95D
:10359000234624683CB15A68012C18BF012A8CBF0D
:1035A000012400242BD800231CAA294958461C9327
:1035B000FFF770F8064600B91C9E002ED1DBDBF841
:1035C0006800036AB6EB530FC0F01E814FF000088D
:1035D00000231D9320934FF0FF33CDE91E330B9B47
:1035E0005968836C1C9103B9C369083B2193C36874
:1035F0009847064670B316F1540FB2D100244FF02D
:10360000FF330B9ACBF81030136853B15268012B7B
:1036100018BF012A8CBF4FF001084FF0000800F2DC
:1036200067816FF01B069CE710F11C0FB146064640
:1036300097D1DBF868001C9AC369243B934297D268
:103640008FE7B14694E700BFE1DC000000FC0F40CB
:1036500001DD00000B9A04250BF11001034602F175
:1036600008041D9A5846039501921C9A02940092F0
:103670005A460D91FDF7CEFF06460028BBD12146E4
:103680002A461F9801F034FE0E9B32461F90039687
:1036900058462E99CDF858B0CDE900A37B421BB215
:1036A00006931D9B04331D9316AB0893A74B0793FA
:1036B000A74B02931CABCDE904790C9317934FF001
:1036C000FF33FEF71BF90646002894D10B9B9B693C
:1036D000013300F0B5800B9BDB69013300F0B08053
:1036E0001D9B219A03F10C0191429AD80B9A0193E8
:1036F000034603955846D27D964C02F5C0620D995B
:1037000044EA02541E9A624012BA189218AA119200
:1037100002921C9A00925A46FDF77CFF064600284A
:103720007FF469AF0B9B2A4611991F9803F1180586
:1037300001F0DEFD1D9A33461F9004320D99584664
:10374000029501921D92082203921C9A00925A46F9
:10375000FDF760FF064600287FF44DAF082229469A
:103760001F9801F0C5FD1D9B0833CDE91E401D9338
:103770000023119A1893C2E90133B8F1000F62D007
:10378000189B5846DBF84820DBF84C1053406FF389
:1037900009031893DDE919234A400B991992DBF8C4
:1037A00050205340119A1A93FEF74AFF064600280C
:1037B0007FF4D7AEDDE9182313431A9A134355D18A
:1037C0000C995846FEF71EFA064600287FF413AF00
:1037D0000B99A9EB0707D1E900238F82C1E90032D9
:1037E0001E9B0B611D9BCB60CBF85000CBE91200F8
:1037F000B8F1000F40F08D800BF130020BF13C036B
:1038000007CA83E80700ACE62E9B52460B99584640
:1038100000930E9BCDE9017900F00EFE002818BF41
:1038200010F11C0F064614BF4FF001084FF00008BE
:103830007FF497AE002808BFB946DBF86800C7E6FA
:1038400018AB119394E7DBF83C10DBF83030DBF871
:1038500044204B40DBF840101893DBF834304B40E9
:103860001993DBF8383053401A9389E71D9B219A4E
:1038700003F1100191423FF6D4AE1E9A0424364D56
:10388000019303466A400D995846039412BA139265
:1038900013AA02921C9A00925A46FDF7BBFE0646F6
:1038A00000287FF4A8AE224613A91F9801F020FD3E
:1038B000119A33461F90029258461D9A0D99224440
:1038C0000C2401921D921C9A039400925A46FDF713
:1038D000A1FE064600287FF48EAE224611991F985D
:1038E00001F006FD1D9B2344CDE91E501D9367E7A3
:1038F0000B9B5846191DFEF7A5FF064630B110F187
:103900001C0F7FF42EAE002C3FF42BAEDBF86800CA
:103910005EE6DBF820300F99994208D0DBF82420CE
:103920001098914218BF904201D0984206D10B9A4C
:103930001368CBF820305368CBF82430DBF82830FC
:10394000002B2DD00B98DDE90F2109E0D5E2000016
:1039500000FC0F4008FC0F000CFCFF7F1B68FBB154
:103960009C68A24206D0DD68A94218BFAA4201D0D5
:10397000A14203D104689C604468DC609C79022CFD
:10398000ECD1DC6AA24206D01D6BA94218BFAA4244
:1039900001D0A142E2D10468DC6244681C63DDE727
:1039A0000C9A584614A9FEF709FD021E03DA901C72
:1039B00055D01646D5E5911C51D0DBF83030013397
:1039C000C3F3090123F00043003918BF012143EA82
:1039D000C173190DCBF8303011F4E06F4BD0DBF828
:1039E00034501C98854208D0DBF838101D9CA14249
:1039F00018BFA54201D088423DD10021C3F38920E0
:103A000040F2FF34CBE90D113C491940CBF830109E
:103A1000C2F3892188422CD2A2F5806238490B403A
:103A2000384919430B9B584618911B9300231A924F
:103A300019930223119A0C9900F068F800287FF47A
:103A40008FADDBF83030013BC3F3090223F00043B4
:103A5000121A18BF012243EAC273CBF8303014A9FE
:103A60000C9A5846FEF7E4FC38B1831C7FF478AD1D
:103A700077E5A042D2D10021D4E702303FF471AD06
:103A8000DBF830301A0D12F4E06F35D0DBF834403B
:103A90001C998C4208D0DBF838201D98844218BF4E
:103AA000824201D0914227D10022C3F38921CBE980
:103AB0000D22124A1A40CBF8302040F2FF329142D8
:103AC0001AD00F4A13400F4A1A439DF887505846A0
:103AD0000D4C05F5C0650B9B189244EA05541B93E9
:103AE000119A02231A9400240C99199400F00EF8EC
:103AF000A04218BF064634E50022E6E7FF03008037
:103B000000FC0F000000F04F08FC0F002DE9F04F03
:103B1000856AA7B006460C4690461F461DB938E098
:103B20002D68002D35D005F108039C42F8D022689D
:103B3000AB68934207D0E8686168814218BF8B4246
:103B400001D09042ECD1AB79012BE9D12B6BDB0298
:103B5000E6D5B36EE96A9A6A9142E1D91B6A2946B1
:103B60006A6B3046EA633366FFF792F803462946EC
:103B70003046002B40F063812B6B23F480132B63C2
:103B8000FFF730F90028CBD08146484627B0BDE882
:103B9000F08F2368A44616AD0B9363680A93BCE8C4
:103BA0000F000FC59CE80F0085E80F008FB3424659
:103BB00008EBC7004FF0000E40F2014140F2FF4C0D
:103BC000B24610E0654500F0B880B9F5C06F07D186
:103BD000556803F001032E68A6616D68E375E56121
:103BE000083290420DD013681B0DC3F30A0503F48D
:103BF000E0698D42E6D1A38A083201339042A38264
:103C0000F1D15646BEF1000F03D0A38A002B00F07D
:103C10001B81A37D002B40F09680A38AFE2B00F22F
:103C2000928002934FF0FF330094424633610023A9
:103C30002146304601933B46FFF72CFC8146002885
:103C400040F0AB80B56A002D74D040F2FF4940F2DD
:103C5000014A0C950D96DDE90ABE05F10806B4424D
:103C600032D0AB68734506D0EA689B4518BF9345D0
:103C700001D0724528D1A446BCE80F000FC69CE8CD
:103C80000F0086E80F00FFB1002305E0514500F06A
:103C9000C18001339F4217D058F83320C2F30A5134
:103CA0004945F3D1C2F38922A988914200F0C2802C
:103CB000EFD9AA790139022AA980EAD1AA6A013387
:103CC000013A9F42AA62E7D12D68002DC5D12C464A
:103CD0004FF0FF3ADDF82C90DDE90C56AB689945C2
:103CE00007D0EA680A99994218BF914201D09145DC
:103CF0001DD105F1200B05F108080CE0EF7FB7B1ED
:103D0000A5F804E0CDE90244CDE900A4FEF780F86F
:103D100000287FF439AFB5F804C04FF0FF33AF8B04
:103D20005A4641463046BC45ACEB070EE6D22D68FC
:103D3000002DD3D14FF0000936E0A38A4FF0010ED9
:103D4000013BA3824CE723684FF0FF31B06EE2687D
:103D50001E9321912369816C1F922292209339B383
:103D600008391EAD3046109623910021119502911D
:103D7000CDE90511CDE9031110A908917849CDE9E4
:103D8000008707912146FDF7B9FD814690B119F1F1
:103D90001C0F3DD019F1540F3AD016AD0FCD0FC402
:103DA00095E80F0084E80F00484627B0BDE8F08F83
:103DB000C169D5E7B36B716CF26B5940336B306CF2
:103DC0005A40736B4340B06C4240F06C4340306DDE
:103DD0006FF309024140139312920B431491134362
:103DE0003ED129463046FDF70DFF81460028CED151
:103DF000209B06F1300223611F9BE36006F13C0328
:103E000007CA83E80700C6E91299C6F8509019E777
:103E1000A38A06E7C2F38922A9889142FFF439AF49
:103E2000AA790131022AA9807FF433AFAA6A01324C
:103E3000AA622EE74FF0FF32C5E9022229E7994630
:103E4000484627B0BDE8F08F214650461EAAFEF72F
:103E5000EFFA814600285BD010F1020F9DD1D8E621
:103E60002146304612AAFEF7EBFB8146002894D18A
:103E70001F9B239A03F110019142C9D8209A4FF059
:103E8000040A0DF13C0B06F1100182F0FF42019390
:103E9000CDF80CA0034682F4FF023046CDF808B0FE
:103EA00082F4F8420C9182F00C0212BA0F921E9A20
:103EB00000923246FDF7AEFB814600287FF467AFE3
:103EC00052465946219801F013FA12AA4B46219006
:103ED000029230461F9A0C9952444FF00C0A0192FC
:103EE0001F921E9ACDF80CA000923246FDF792FB6D
:103EF000814600287FF44BAF524612A9219801F069
:103F0000F7F9184BCDE920301F9B53441F9368E706
:103F100010F1020F3FF47DAE9DF88F30002B3FF47F
:103F200078AE0AF1480221465046FEF789FB8146E9
:103F300000287FF432AFE27D1EA90B4B504602F5FC
:103F4000C06243EA025312AA129304F118031393B6
:103F50000123FFF7DBFD814600283FF45AAE1CE742
:103F6000D5E200000CFCFF7F08FC0F000A6B130376
:103F700001D50020704730B50C4687B00546FEF7E6
:103F800031FF236B80BBDA032BD5A268013228D026
:103F9000E268013225D0DB022BD46B46174AD4E904
:103FA0000A01CDE900010821D4F850C01143039360
:103FB0002846DCE90132B4F804C00593022342EA42
:103FC0008C2241EA8C2142F08152029104F10801D5
:103FD000049202AAFFF79AFD236B28B923F48033D9
:103FE0002363002007B030BD43F40023236307B0F0
:103FF00030BDE36CE16A024AD6E700BF0000202032
:104000000000102010B5044682B00191FFF7AEFF0A
:10401000A36A024601994BB104F1280002E0184658
:104020001B681BB19942FAD10B6803600B6D1B68CA
:1040300013B1104602B010BDC86C01920BF09CFE8B
:10404000019A104602B010BDC36B1B0D13F4E06F54
:1040500030B50446A1B045D1236BC3F30903002B4F
:104060003DD0002501230D9508958DF837300F932D
:104070000E95CDE90955CDE90B554FF0FF330EAA4A
:1040800010A9204601950093CDE90255FDF7C0FE29
:1040900030BB9DF83730002B48D00DF1400E0DF1AC
:1040A000200CBEE80F00ACE80F009EE80F008CE883
:1040B0000F000E9B013302D00F9B0133DDD1226B29
:1040C000C2F309035B4242FA83F3C3F3090223F00C
:1040D0000043003A18BF012243EAC2732363002061
:1040E00021B030BD00224FF0FF3318A9CDE90222E4
:1040F000CDE9003200F14002FDF78AFE0028EFD141
:10410000E26B18A96063A06311902D48236B1040E7
:104110002C4D2D4A1D400123024320462563109259
:1041200010AAFFF7F3FC002896D0D9E70EA9204685
:1041300018AAFEF743F900281CDA821CD0D104F13A
:10414000480210A92046FEF77BFA0028C8D19DF846
:1041500057201E4B02F5C06243EA0253069316AB8A
:104160000793012306AA08A92046FFF7CFFC0028E1
:104170009FD0B5E7831CE2D004AAC0F3090318A9B5
:10418000019200220293034600922046104AFEF755
:104190008FF90028A4DB049BDDE90E21934206D0B1
:1041A0008B4208D004AB07930A4B0693D9E7059BD3
:1041B0008B42F7D171E7059B9A42F3D16DE700BFBF
:1041C00000FC0F00FF0300800000F04F08FC0F0010
:1041D00000FCFF7F08FC0F602DE9F0439E078DB0C7
:1041E0001D4607460C46059204D5FFF72DFF0246F3
:1041F000002878D10026149B05AA04F10801236544
:104200003846231DE663E664C4E90C56FEF7CEFB90
:10421000021E5CDB0123A905A371BB6A2360BC629B
:1042200000F19B80120D012A40F09080A28815F4C5
:1042300080654FEA822200F0AA80236BDFF8EC91C0
:1042400043F4803342EA09092363226D9368002B0B
:1042500000F0878000252E4613E013F0020F06F1D0
:10426000010643F4803C08D05168786F294489687E
:10427000814200F28980C4F830C093680C35B342A3
:104280006FD9236BD807E8D5536804F10801B4F857
:1042900004E003EB050C5B5D624ADCF8080003F503
:1042A000407340EA8E2040EA0353C0F309000290B5
:1042B000DCF804000190002000903846FEF7F8F882
:1042C000021E236B01DA911C04D1226DC5E7931CF9
:1042D0000DD0236B43F40023214638460492236318
:1042E000FFF790FE049A10460DB0BDE8F083A38856
:1042F00040F2FF318B42ECD00121ED05A171B96A8A
:104300002160BC62E5D5059D049328460DF02EFA88
:10431000FA6E049B82421DD340EA8320424A0995EB
:1043200004F10801414D42EA832240F480100796CF
:1043300045EA83230692089006AA0A933846032387
:104340000B96FFF7E3FB28B9A9467EE7236B6FF0D6
:104350001402BFE76FF02302BBE7236B6FF010027C
:10436000B8E71068002852D0E064BB6EFF219A6A5B
:104370000CF0B0FD4FF0FF33236440F20123B3EBA8
:10438000195F19D00022AEE76FF01B02A2E70821E7
:10439000274B38460095029104F128011343254A22
:1043A000019104F10801FEF783F8031E9946BFF658
:1043B0004CAF236B4A468DE76FF00102B96EC9F32B
:1043C00009032264A262226BE36242F48012226338
:1043D00000226264886AA064002BD3D0009240F26D
:1043E000FE32A38804F10801824228BF0246384603
:1043F00042EA8323C2F30902029243F00053E26CC3
:1044000001920C4AFEF754F8021EBBDA61E7BB6E5C
:10441000986A0BF0A9FCE0640028A6D1236B6FF02A
:104420000B0257E700FCFF7F000010400000102047
:104430000800002000FC0F702DE9F0439846836EC1
:104440008DB00D461B6A044604A991460366BDF86B
:104450005460BDF85870FEF75DFA10B10DB0BDE8BC
:10446000F0831498434602974A46019604A90090A7
:10447000E87D8DF82700E8690B90A8690A9020462E
:10448000FFF708F80028E9D10123DDF810C00599ED
:10449000C5F818C0E961EB75226A2B68934208D011
:1044A000D5F804E0656AAB4218BFAE4501D072454D
:1044B000D4D1002ED2D1C4E908C10DB0BDE8F0833B
:1044C0000000000030B59BB00446FCF78FFF0028C9
:1044D0005BD1A36E05460146606EDA6A0CF0FAFC09
:1044E000A26E656512A9D36A2046126ADB00E565F3
:1044F0002266934228BF1346A365FEF70BFA0546D2
:1045000028B12046FCF74EFF28461BB030BDA36EF5
:104510004FF400310D90DA69E06E07921A6A236F4A
:1045200008920A931D4B1E4A0C931E4B099006914C
:10453000606F1D490B902046CDE90E2306AA032388
:10454000CDE910120CAA12A9FFF7E0FA05460028DF
:10455000D7D1034602468DF85E0012A92046FFF728
:10456000D5FA05460028CCD14FF0FF33019012A9AF
:1045700004AA00939FED077BCDE9020020468DED54
:10458000047BFDF745FC0546BBE76FF00B05BBE779
:10459000AFF30080000000000100000000001040A8
:1045A0000800F00F9C2700201800102070B598B06C
:1045B0000446FCF71BFF002840F0958001230546C8
:1045C00010901793CDE91100CDE91300CDE9150046
:1045D000A36E1B6AB5EB530F80F08280434B07A993
:1045E000434A00260893082303912046099303F1C8
:1045F0007F63029210A9009316AA3E4B019607947E
:10460000FDF706FC031E63DB30D043F309030133DF
:104610002CD0009610A92046DDE9102363621823F0
:1046200022620AAA029303F10053019203F5801358
:10463000304AFDF73DFF031E4ADB0A9B1A0C022A93
:1046400044D19BB2002B41D10D9B1BB1E26E934232
:104650003CD8E3660E9B1BB1226F934236D823678A
:104660000F9B1BB1626F934230D8636704F1300235
:1046700010A920460592FDF7E3FF034640BB1699BB
:10468000059A013103D0179901350131A0D1216A72
:1046900001311BD0616A013118D0216B04F13C0E4D
:1046A000002501EBD1712163A16ED1F820C0E16A30
:1046B000B1FBFCF00CFB101607CA8EE80700184689
:1046C000C4E91565C4E9175C18B070BD6FF0150337
:1046D00020460593FCF766FE059B184618B070BD92
:1046E0006FF05303F4E76FF00B03F6E79C2700200D
:1046F00029E0000000FCFF7F836E0246196B00B5C5
:1047000083B031B1596B69B19B6BA3B1002003B089
:1047100000BDC06801920BF02FFB019A936E596B9C
:104720000029F1D1D06901920BF026FB019A936E1A
:104730009B6B002BEAD1506E0BF01EFB002003B0E8
:1047400000BD00BF70B59CB004460591FFF77CFC2E
:1047500008B11CB070BD034605AA0AA92046FEF7A1
:1047600025F90028F5DB40F2FF33C0F389229A4295
:1047700000F08C80A26A484B129200EA0302000DFE
:1047800002280ED0454800230AA91043079306AA21
:10479000012306902046FFF7B9F9129BA3621CB0D3
:1047A00070BD0823002516460AA9029308AB2046CF
:1047B000009501933A4B13433A4AFDF779FE0028DE
:1047C000C7DB4FF0FF3308AA204614A901950093D8
:1047D000CDE90255FDF71CFB0028BAD1BDF86430C5
:1047E000002B56D19DF86730002B52D112AB2B4ACB
:1047F0008DF84E000AA9A3623243236B069201335F
:10480000ADF84C000790C3F3090223F00043121ADD
:10481000204618BF012243EAC27306AA236301237C
:10482000FFF774F9129B0028B8D1A3620AAA236B80
:1048300014A92046013BC3F3090C23F00043BCF14B
:10484000000C18BF4FF0010C43EACC732363FDF753
:10485000EFFD00287FF47DAF04F1480214A9204643
:10486000FDF7EEFE00287FF474AF9DF867C0204688
:104870000D4B1AAC0CF5C06C08AA0AA943EA0C53FC
:10488000CDE908340123FFF741F962E76FF0150025
:104890005FE76FF026005CE700FC0F000000F04FC0
:1048A0000800002000FC0F7008FC0F002DE9F04FFD
:1048B000B3B00546CDE90A12FFF7C6FB044618B1AE
:1048C000204633B0BDE8F08F03460AAA28460EA959
:1048D000FEF76CF8031E9846C0F20181C3F38923EA
:1048E00040F2FF329342994600F0F3800DF1260327
:1048F0000BAA284616A9FEF759F8031E9A46C0F2DD
:10490000A880C3F3892340F2FF32934200F0E18094
:104910000E9B4FEA185E169A4FEA1A5CA96A9342F8
:104920001E9100F03A81E6450F99179840F03781C3
:10493000834218BF814200F0EF808A4200F0EC8091
:104940004FEA1A50BDF82620022800F03D814FEAB8
:10495000822B974ACDF8189002EA0802C5E90D317A
:104960002B6B6FF39E231343924A1A430123049344
:1049700028AB2A6305938F4A0B9F4BEA02022892C9
:1049800000218D4A384629914BEA02022B912A9246
:104990000CF0ECFE0EAB40EA0B00069A00212F93C0
:1049A000864B42EA0B022D9708EA030303432C933C
:1049B000834B13432E93049B002B40F0C080319314
:1049C00016A97C4B2846059A43EA89233093052390
:1049D000FFF79CF8002840F0DA801E9B1AF1020FC6
:1049E000AB623FF46DAF4FEA1A53022B7FF468AF0E
:1049F0002B6B20A92846013BC3F3090223F0004397
:104A0000003A18BF012243EAC27316AA2B63FDF7CE
:104A10000FFD044600287FF453AF05F1480220A99A
:104A20002846FDF70DFE044600287FF449AF9DF8A7
:104A3000974026AB634A16A904F5C0640D93284637
:104A4000012342EA04520C920CAAFFF75FF80446D5
:104A500036E713F1020F40F09E80BDF8262040F2A9
:104A6000FF339A4200F097800E99169BEE6E9942A2
:104A7000A86AB3460B9F37D01E9038460492179E03
:104A8000CDE905130F9B07930CF070FE5845069B6C
:104A9000DDE9042100F2EF800798864218BF8E42BC
:104AA0002BD0984229D04FEA822B2A6B0123CDF8D4
:104AB00018906FF39E22049328ABC5E90D103C4972
:104AC000059301EA08010A433A4911430022296388
:104AD00055E76FF01504204633B0BDE8F08F1C4653
:104AE000204633B0BDE8F08F1E90384604920CF09B
:104AF0003DFEB042049A00F2BE8091454FEA822BFF
:104B0000CDF818904ED309F1010228AB1FFA82F9B3
:104B100000220593049232E7BDF8262091453FF428
:104B2000CFAE4FEA1A51022900F09E8000234FEACF
:104B3000822BCDF81890049328AB05931BE7CDE9A1
:104B40003011059A052316A92846FEF7DFFFF0B9B4
:104B50002B6B1A0D12F4E06F3FF43FAF6FF39E23FF
:104B60000D900EA92B63124B08EA0302114B13435D
:104B70000CAAC5E90D000C9328460123FEF7C6FFD9
:104B800000283FF42AAF1E9B0446AB6298E61E9BAA
:104B90000446AB6294E6544692E6E645BCD06FF01C
:104BA00014048DE6002228AB04920593E7E600BFCB
:104BB00000FC0F000000F04F000010400000F07FEC
:104BC0000000101008FC0F00012304932B4B28AFAA
:104BD0004FEA822B002643EA8223082216A92846A0
:104BE00002920197264A00960597FDF761FC00287E
:104BF000FFF62DAF4FF0FF333A4620A92846019625
:104C00000093CDE90266FDF703F900287FF41FAF9A
:104C1000BDF894305BBB9DF8973043BB8DF87E3078
:104C20001EAAADF87C302B6BAA620133CDF8189028
:104C3000C3F3090223F00043121A18BF012243EA0A
:104C4000C273049A2B63002A3FF495AE0D4A6FF3AA
:104C50009E2302EA080213430B4A1A430E9B6B631E
:104C60000F9B2A63AB6386E600230493AEE76FF0E5
:104C70002600044624E66FF0230421E60800002005
:104C800000FC0F7000FC0F000000F04F30B58BB03F
:104C9000154600230446019101AA02A9FDF786FEEC
:104CA000002806DBC0F389222B4602A92046FDF727
:104CB00041FF0BB030BD00BF70B58EB015461E462B
:104CC0000023059105AA06A90446FDF76FFE0028FA
:104CD00022DB40F2FF33C0F389229A421ED01B4BE5
:104CE000034000222046019605F5407E009206A969
:104CF000D4F874C0129C164AA44528BFA4464CEAB6
:104D00000E5CCCF309044CEA03030294FDF7D0FBDC
:104D1000002814DBC0F309000EB070BD002304F1BD
:104D2000200206A920460193CDE902334FF0FF335C
:104D30000093FDF76DF80028EED10346D1E7831C00
:104D400008BF6FF03C000EB070BD00BF00FC0F004C
:104D500000FCFF7F70B590B0466F149DB54235D80A
:104D600005911E461546002305AA08A90446FDF72D
:104D70001DFE002817DB40F2FF33C0F389229A4260
:104D800013D0144B00EA030C05F54073149A08A9DC
:104D9000204642EA03520123079642EA0C02069299
:104DA00006AAFEF7B3FE10B070BD002304F1200286
:104DB00008A920460193CDE902334FF0FF33009359
:104DC000FDF726F80028EED18446DDE76FF01B00E2
:104DD000E9E700BF00FC0F0000B5DFF810C083B0AA
:104DE000CDF800C0FFF7F8F903B000BD542F002044
:104DF000FFF708B9FFF7BAB8FEF7A8BAFEF772B81E
:104E000010B5D1F834C082B0D0F870E04BB1012BAE
:104E100006D0022B15D0F4451ED8604602B010BD56
:104E20006244724518D89445F7D0CDE90012FDF7D9
:104E3000D9FF0028F2D1019A009910464A6302B0C6
:104E400010BDD1E90B34A40301D41A44E9E763454A
:104E500038BF63461A44E4E76FF01500DEE700BF91
:104E6000F0B5151E89B00CDB0C4607464E6BD1E938
:104E70000B32920337D49D4207D357D83B6F9E42E3
:104E80003FD96FF0150009B0F0BD21463846FDF757
:104E9000A9FF0028F7D104F13C03009504F140017B
:104EA0003846029304F138030193D4E90A23FCF74E
:104EB00029FC0028E7D1A26B2B466563A262226B16
:104EC000E56242F4A02222633A6F9642D9D89E420C
:104ED00017D021463846FDF785FFB0BB06EAE670DD
:104EE000666309B0F0BD9E42324638BF1A4695420D
:104EF000CBD3C3D9016F8A42C3D89E4205D2134691
:104F000019E006EAE67009B0F0BD4FF0000C01238D
:104F10000DF11F02214638468DF81FC0FDF7E2FF54
:104F20000028B0DB636B9D42EFD8CDE7026F934260
:104F3000A7D89E42E9D0214638460593FDF752FF97
:104F4000002806D1059B6363EDE700EAE07009B035
:104F5000F0BD98DBE6E700BF486B7047D1E90B0373
:104F60009B0303D54B6B984238BF1846704700BF70
:104F70002DE9F041ACB004460791FFF765F810B198
:104F80002CB0BDE8F081A16A0DF11A0307AA2046F2
:104F9000229124A9FDF70AFD831C65D1BDF81A20D2
:104FA00040F2FF339A421646EAD0079B18469846CD
:104FB0000CF0DCFBE36E0746984200F29D80A36E86
:104FC00020460AA91B6A2366FDF7A4FC0028D7D156
:104FD0000DF1900E05460DF1480CBEE80F00ACE84F
:104FE0000F009EE80F008CE80F000AE04FF0FF3042
:104FF000019500902046CDE90255FCF709FF0028F5
:10500000BED19DF85F004FF0FF3318AA12A9002807
:10501000ECD13B4D012309920AA908AA2046089524
:10502000FEF774FD0028ABD19DF8A7301BBB354BB4
:1050300047EA86211AAA43EA862C334B41F4001131
:1050400043EA862320460AAC1E930AAB219400242F
:10505000CDF868C01B94CDE91C18CDE91F3524A9F3
:105060000423FEF753FD8BE70028A8BF6FF0100064
:105070002CB0BDE8F0810AAB22AA8DF88E0012A9EF
:105080001B93236BA2620133ADF88C001A95C3F316
:10509000090223F00043121A204618BF012243EAF6
:1050A000C2731AAA236301230592FEF72FFD229BE8
:1050B000059AA36200287FF463AF236B47EA862139
:1050C000DFF840C0013B9DF8A77041F400114CEAA5
:1050D000862CC3F3090E23F00043BEEB000E18BF6D
:1050E0004FF0010E874218BF054643EACE73236393
:1050F000054B43EA8623A5E76FF0230040E700BF96
:1051000008FC0F600000104008000020F0B589B0D6
:105110000C4600230831059205AA0546FDF746FC1A
:10512000002826DB030D022B39D140F2FF33C0F3F8
:1051300089229A421FD106AFD5E908320792069319
:1051400000233A4604F1080128460193CDE90233D1
:105150004FF0FF330093FCF75BFE50B9A3680222C7
:10516000A080A271AA6AE362E368A062226023635E
:10517000AC6209B0F0BD0B4B04F108010A4A1840BB
:105180000823029306AB01931F4600230093074BAD
:1051900003432846FDF78CF90028D1DAE9E76FF0E0
:1051A0001300E6E700FC0F0000FC0F700800002071
:1051B000836A43B1283002E018461B681BB199424C
:1051C000FAD10B6803600020704700BF2DE9F0475B
:1051D00090460C4684B005464FF484720021404648
:1051E0000BF078FEA36A002B49D0012B36D0B4F81F
:1051F00004C04FF0000A09E0B4F804C002300CF11A
:10520000010C1FFA8CFCA4F804C031D1B4F81CE0E6
:1052100004F1200204F108014FF0FF33E64528466F
:105220000ED194F81FC0BCF1000F32D0CDF804A00D
:105230000093CDE902AAFCF7EBFD60B98446A0809B
:10524000434604F1080162462846FDF773FC002836
:10525000D2D0831CD0D004B0BDE8F0870F4A4346BB
:10526000022103F8081B11889278A8F808109A7098
:10527000A36A01330120A36204B0BDE8F087084BA4
:1052800002221B8888F80020A8F80830A36A01339E
:10529000F0E7604604B0BDE8F08700BF9827002023
:1052A000A827002010B5002284B04FF0FF330C4631
:1052B000CDE90222CDE9003201F12C020831FCF7E0
:1052C000A7FD08B9A080A06204B010BD00B583B0EE
:1052D0000023044901AA0193FDF7DCF900B9019804
:1052E00003B000BD01DD00000123FDF7D3B900BF0D
:1052F000DAB1013A01F1FF3C00B51144DFF82CE0CE
:105300001CF8013F83EA0002614502F00F025EF8DB
:10531000222082EA101080EA131303F00F035EF8D4
:10532000233083EA1010EBD100BD704738330020E2
:10533000BDF800C0521AACEB030C21D0401ABCF1EE
:10534000000F11460CFB00F00CDB002AB8BF511C0B
:1053500000EB610090FBF2F100FB02F2C818002A9A
:1053600016DB7047002AB8BF511CA0EB610090FB10
:10537000F2F100FB02F2C818002AF2DB013070479C
:10538000BCF1000FB8BF0CF1010C03EB6C007047CF
:105390000138704700234FF01412C0E90033C0E910
:1053A0000233C0E90433C0E906334363C0E90E1297
:1053B000704700BF70B586B004461D4601620B9E63
:1053C00000210A9802AB2564B568029184ED090AB0
:1053D000A262C4ED0B0AA0610591C3E901110DB3EE
:1053E000184602223146A84702ABD6E90250E168CE
:1053F000A668E06004960591A56093E80300CDE9F6
:10540000000194E8030083E80300DDE9000184E87B
:1054100003001EB1032219461846B0470C9B2363B4
:1054200006B070BD2846E2E70162704780ED090AC8
:10543000704700BF8162704780ED0B0A704700BF64
:1054400081617047F0B5044687B090F838000D468A
:1054500002F022F92269C0F58063664902EB8202FC
:105460009BB203EB420381FB0321DB17C3EB61001B
:105470006369B4F93E101B1A2061002BB8BF5B4270
:1054800025B1994259DB002007B0F0BD256A226C96
:1054900032F91520656BAA4200F09980626394EDA1
:1054A000094A07EE902AB7EE003BB4F93C10B7EE7C
:1054B000C44A6061B8EEE75BC1F580629FED492B9D
:1054C0009FED4A6B84EE027B33EE474B37EE037B56
:1054D00024EE054B27EE057BB4EEC46BF1EE10FA1B
:1054E000BCEEC77B26FE046BBCEEC66B17EE103A13
:1054F0009EB216EE103A9BB20096FFF719FF834258
:105500001D4603DC86423546A8BF054629463A4873
:1055100001F024FD384801F02DFD226AA368CDE991
:105520000225002B5CD002A92046E36803AA984715
:1055300000212046FFF786FFA5E794ED0B5AB7EE52
:10554000003BA26AB7EEC55A236CB4F93C1016466C
:1055500033F912306061C1F5806204EE103A9FEDBC
:10556000212BB8EEC44B85EE027B9FED206B33EE12
:10557000475B37EE037B25EE045B27EE047BB4EE3E
:10558000C56BBCEEC77BF1EE10FA17EE103A26FEA3
:10559000056BBCEEC66B9BB200931F4616EE103A2D
:1055A0009BB2FFF7C5FE834215DDA268CDE9046317
:1055B000B2B1E36805AA04A9204698472369216B84
:1055C0002846226CA36122F8113007B0F0BD994241
:1055D000FFF665AF57E787423B46A8BF0346E4E7BF
:1055E00005F008FB0000000000005940000000002A
:1055F00000000000E9A28B2EF03F002000214FF4B4
:10560000806370B5054684B0C0E90413FFF71AFF44
:1056100095ED0B5AAE6AB7EE003BB7EEC55A2B6C50
:10562000B5F93C1033F91630A869C1F5806204EE73
:10563000103A9FED1C2BB8EEC44B85EE027B9FED1C
:105640001B6B33EE475B37EE037B25EE045B27EEE7
:10565000047BB4EEC56BF1EE10FABCEEC77B26FE00
:10566000056BBCEEC66B17EE103A9CB216EE103A04
:105670009BB20094FFF75CFE834203DC8442234626
:10568000A8BF0346AA68CDE9026332B1EB6803AA5A
:1056900002A92846984704B070BD05F0ABFA00BFD8
:1056A000AFF300800000000000005940000000003F
:1056B00000000000017E2DE9F04F06462DED108B15
:1056C000C1B091B3604D2C78002C00F053860021BE
:1056D000304601F0D5F804460121304601F0D0F8FB
:1056E0000546002C00F0AA86002800F0AD86574B36
:1056F000399300222146304601F0A0F801223046BD
:10570000294601F09BF8399B9C4202D0204601F0CB
:105710006DF8399B9D4200F0ED85284641B0BDEC07
:10572000108BBDE8F04F01F061B8474B197001F0E4
:10573000A7F801213A90304601F0A2F83B9000F022
:10574000FDFF04463D9000F0F9FF3C90002C00F076
:10575000FC85002800F0F4853A9B002B00F08A8637
:105760003A4B39933B9B002B00F080863A9B80227A
:105770003749181DDFED37EA05F0CAF93B9B802257
:105780003549181D05F0C4F9D6F8C030D6F8B82050
:1057900019461A93D6F8BC3019921944D6F8B43089
:1057A000D6ED2BBAD3182A4A3F910792B6F85C205F
:1057B0003E931B92B6F85E201C92B6F860201D92B4
:1057C000B6F862201E92B6F864201F92B6F86620E2
:1057D0002092B6F868202192B6F86A202292B28D03
:1057E0000C92F28D0B92328E0A92728EB6F8444071
:1057F0000992328FB6F846B00692728FB6F84870AA
:105800000892B6F85420B6F84A500592B6F85620D9
:10581000B6F83CA00492B6F85820B6F83E80039241
:10582000B6F85A2002923C9A023215923D9A023200
:105830001492094ACDE900311392CDE90D57CDE913
:105840000FB4CDE9118AB6E2F6490120F421002017
:1058500078C2262000E0FF4478C026201B9B03EB83
:10586000020B1F9B1344179396ED1D6A96ED254A74
:1058700077EEC66A96ED218AD6ED260A96ED1B1ABA
:10588000A4EE266A96ED1C3AD6ED2C3A96ED0D7AEA
:10589000059B0F9AA6F8543077EEC66ADE4B76EE7B
:1058A000487A96ED134A03EB820486ED1D6A29922D
:1058B000A0EEA78AD94BF0EE467AE1EE267A86ED85
:1058C000218A94ED00AAE3EE087A67EEAB7AA3EEA4
:1058D000A77AA4EE07AAAAEE447A84ED007A541CB3
:1058E0008DED287AA2B240F65834A24288BF002239
:1058F000A6F846200F92049A03EB8204571C2792C5
:10590000D4ED007ABAB284ED00AA41F2EC1404920C
:10591000A24200F2EB831C9B03EB0209209B134481
:105920001693D6ED1E6A96ED259A37EEE64A96ED69
:10593000220AD6ED260A96ED1B1AE9EE046A96EDC8
:105940001C3AD6ED2C3A96ED107A049B0E9AA6F8E6
:10595000563037EEE64AB24B76EEC07AC6ED1E6A96
:1059600003EB82042692AF4BA0EEA70AF0EE667A14
:10597000E1EE047A96ED134A86ED220AD4ED009A00
:10598000E3EE007A67EEAB7AA3EEA77AE4EE079A2D
:10599000A9EEC47A84ED007A541C8DED257AA2B26A
:1059A00040F66644A24288BF0022A6F848200E9224
:1059B000039A03EB820402F1010E2492D4ED007AE3
:1059C0001FFA8EF2C4ED009A41F20C140392A24227
:1059D00000F286831D9B03EB0208219B9C1896ED29
:1059E0001F7AD6ED253A37EEC74AD6ED230A96ED53
:1059F000261A96ED1B9AA3EE847AD6ED1C3A039BE9
:105A00000D9AA6F85830884B239237EEC74A03EB1D
:105A1000820E37EE603A86ED1F7AF0EE477A834BBE
:105A2000E1EE030A96ED0D3AE9EE047A96ED2C4A82
:105A3000C6ED230AE3EEA07A9EED009A67EEAB7AFC
:105A4000A4EE273AD6ED137AA7EE839AA9EE673A29
:105A50008EED003A02F1010E1FFA8EF240F65D1E45
:105A6000724588BF0022A6F84A200D92029A03EBE5
:105A7000820E02F1010A18929EED001A1FFA8AF2B4
:105A80008EED009A40F6716E0292724500F221830B
:105A90001E9B03EB020E229B03EB020A09EBE52996
:105AA000C5F30A0504EBE024D6ED20DA07EE905AA0
:105AB0000EEBE02EC0F30A0008EBE128F8EEE77ADF
:105AC0000AEBE12AC1F30A01029BF0EE6D1A019A7A
:105AD000C7EEAE3A07EE900AA6F85A3041F2ED153D
:105AE000169B534803EBEC27CCF30A03B8EEE74AC6
:105AF00007EE901A0DEE103A1A9BF8EEE77A9FED3A
:105B00004DFAC4EE2ECA96ED254A1A44199B01920D
:105B1000009A87EEAECA1A440092474A71EE6D7A37
:105B2000D6ED26DAB8EECDDAA2FB091CA0FB0801FF
:105B30003A4AE4EE271A96ED244ACDEE2EFA96ED77
:105B40001BDA4FEA1C3C890A05FB1C9C41F20D192B
:105B500031EE611A0CF10100F0EE617A02EB8C0C6F
:105B600080B209FB1181C6ED201AEDEE017AA84240
:105B700008BF002031EEC41A02EB80002F4AADEEC0
:105B8000814AB0EE442A86ED244A96ED1C4AE4EEA2
:105B9000027A96ED2C4A67EEAB7A67EE847AB7EE1E
:105BA000004AC6ED147ADCED00DA90ED001AA2FB93
:105BB0000BC001F1010C1B4AC00A23EE811A1FFA27
:105BC0008CFC74EE633A02EB8101CC4508BF4FF0C8
:105BD000000C91ED00EAA3EEAD1A02EB8C0C184913
:105BE000184A9CED00DAA1FB0EC140F6726CDFEDA5
:105BF00016DAC90A2CEE0DDA0CFB11E140F65F5EF5
:105C00000EFB10B002EB8000084AD0ED003A481CB1
:105C100002EB81011AE000BF00192620BC442520B8
:105C200064E7252088002520ECC12520C0C624205B
:105C3000694F0E3C3333333F0D6A7FE4F38D2A996D
:105C40002DAEC68D708C2520CDCC4C3F134663EE17
:105C5000AD3A80B2D1ED00DA604508BF0020CF49EF
:105C6000E1EE0F3A34EE4CFA02EB8000CC4A90EDB4
:105C7000001AA1FB0701AFEE0EDA9FEDCAEA2CEE87
:105C8000811A090B05FB1171481C02EB8101EDEE35
:105C90000E3A34EE6CDA80B2B6EE00EAA84208BFE3
:105CA000002034EE6F4AADEE2D1AD6ED27DA02EB66
:105CB0008000BD4AE1EE0E3A96ED281A73EEC13A25
:105CC000ADEEA31A86ED281AD1ED003ACDED163AC5
:105CD000D0ED003AB5486FEEA33ADDED16FAA0FB21
:105CE0000401179DB248890AE4EE2F3ADFEDB1FABC
:105CF00009FB1141A0FB0540AF4CC00A0EFB105040
:105D000004EB800090ED004A481C02EB810180B258
:105D100024EE2F4ADFEDA9FA484508BF0020A3EE84
:105D2000AF4AD1ED00FA02EB8000A549159AD0EDFB
:105D3000003AA1FB0A1414986CEEA33ADFED99CA5D
:105D4000E40AEDEE2F3A0CFB14A4A3EEAC4ADFED0F
:105D50009DCAD6ED293A21EE2CDABDEECDDA1DEE44
:105D6000101A20F8021F1490601C03EB840480B208
:105D7000D4ED00FA604508BF002003EB800090EDF1
:105D800000DA2CEE0DDAAFEE8FDAADEE0E4A34EE1D
:105D9000634AE4EE2D3A23EEAC4AC6ED293ABDEE55
:105DA000C44A14EE103A22F8023F874B1592079A24
:105DB000934200F0A281079A8449F2EC012A96ED01
:105DC000097A07920C9A62EE872AD6ED0A7A01EBDD
:105DD000820138927E4BD1ED004A7E4CE7EEA24A1A
:105DE000E4EEE72AC1ED002A511CD6ED0A7A8AB208
:105DF0007949E02A28BF0022B2850C920B9A01EB68
:105E00008201379291ED005AA7EEA45AE5EE674A57
:105E1000C1ED004A511CD6ED0A7A8AB26F49B2F53B
:105E2000D27F28BF0022F2850B920A9A01EB8201F1
:105E30003692D1ED005AE7EE855AA5EEE75A81ED8C
:105E4000005A511CD6ED0A7A8AB26549B2F5567FDE
:105E500028BF002232860A92099A01EB820191ED55
:105E600000BAA7EEA5BAEBEE675AC1ED005A511C75
:105E7000D6ED0A7A96ED097A86ED0DBA35928AB298
:105E80005849B2F5886F019888BF0022000E7286CB
:105E900000F140070992139AFFB2F2EC01CA139283
:105EA0006CEE87CA069A01EB8201349291ED00CA2A
:105EB000A7EEACCAECEE67CAC1ED00CA0099D6EDF8
:105EC0000A7A0D0E511CCDED33CA8AB205F1400C91
:105ED000691C33F915E05FFA8CFC9C2A33F9111028
:105EE0001D4628BF002216910CF10101069233F9DC
:105EF00011A0411C33F9100033F91130791C089AB4
:105F000035F9111004EB820435F91CB0189135F9FC
:105F10001710069D17933587D4ED001AE7EE8C1AFB
:105F2000A1EEE7CA84ED00CA541CD6ED0A7A8DEDC5
:105F300031CA3292A2B22C4CB2F5027F009D169B60
:105F400028BF002272870892129A04EB82043092D2
:105F500094ED002AA7EEA12AE2EE671AC4ED001A1A
:105F6000541CD6ED0A7AA2B2204CCDED2F1AB2F510
:105F70006F7F28BF0022B2871292119A04EB82042D
:105F80002E92D4ED008AE7EE828AA8EEE72A84ED0D
:105F9000002A541CD6ED147AA2B229E00D6A7FE4DF
:105FA000BC4425209A99193F88002520694F0E3C52
:105FB000F38D2A99CDCC4C3F708C25203333333F61
:105FC0002DAEC68D00FEFF4678C42620F8BC2620E4
:105FD000801F0020748D262068B6262008A9262060
:105FE0000498262094952620847E2620606A262008
:105FF000C34C78EEA77A96ED137AB2F5A16FC6ED91
:10600000108A8DED2D2A88BF0022F2871192109AF6
:1060100004EB82042C92D4ED00AAE7EE27AAEAEE64
:10602000C77AC4ED007A6FF07F44CDED2B7A05EA94
:106030000409019D05EA0408A4EB0C058BFB055B34
:10604000CCFB0A5B2D0E45EA0B250FFA85FCA4EB71
:1060500009058EFB055EC9FB035E2D0E179B45EA05
:106060000E25A4EB080EE41B80FB0E0E2DB281FB67
:106070000414C8FB030E189B000EC7FB0314090E83
:10608000A04B40EA0E2041EA0421541C00B2A7B202
:1060900040F6FE0409B2A74288BF00271097A6F871
:1060A0004470059A03EB8204571C2A92D4ED007ABF
:1060B000BAB2C4ED00AA40F65E540592A2427FF641
:1060C000CDAB1F9BDDF86CB0179300230593FFF752
:1060D000CBBB0023DDF888A0DDF878E00293DDE497
:1060E0000023219CDDF87480039378E4209BDDF885
:1060F000709016930023049313E4389A0BEE901AD1
:10610000814B379803EB8203804A009302EB8003B4
:106110007F4A0193369B239802EB8302359B0792BB
:106120007C4A02EB8302349BDDE90D570D927A4ADB
:1061300002EB8302329B0E92784A02EB8302309B81
:10614000DDE90FB40F92764A02EB830C2E9B754A61
:1061500002EB830E2C9B6A4A02EB83022A9B10926D
:10616000684A02EB8309299B6F4A02EB8302279B53
:10617000DDE9118A11926D4A02EB8302269B12928D
:106180006B4A02EB83026B4B1392249A03EB82025D
:10619000694B03EB800369481493189B3E9900EB0D
:1061A0008300199BC3EBC3130B441A99C6F8B43090
:1061B000C1EBC1133F990B440C99C6F8BC30009B4E
:1061C000C3ED002A019BB185C3ED004A0B99079BE3
:1061D000F18583ED005A0A990D9B3186C3ED005A73
:1061E00009990E9BDDED335A718686ED0DBA06993D
:1061F000C3ED005A0F9BDDED315A3187C3ED005AD4
:106200000899DDED2F5A7187CCED005ADDED2D5A3E
:10621000A6F83CA0109BCEED005ADDED2B5AC6ED42
:10622000108AA6F83E800599C3ED005AA6F84440AE
:10623000119BC9ED00AA86ED1D6A9DED286AA6F89E
:10624000541086ED218A83ED006A129B0499A6F80A
:1062500046B083ED00AA139BC6ED1E6ADDED256AEC
:1062600086ED220AA6F85610C3ED006AA6F848701B
:10627000C2ED009A039A149B86ED1F7AC6ED230A9D
:10628000A6F858201BEE902A83ED003A029BA6F850
:106290004A503D9D80ED009A3046A6F85A30294676
:1062A000C6ED201A86ED242AC6ED147A86ED281A4A
:1062B0003C9CA5F8022114EE102AC6ED293AA4F858
:1062C0000221002200F0BAFA01222146304600F0F5
:1062D000B5FA284600F08AFA204600F087FADDE990
:1062E0003923934202D0184600F080FA3B9B399A3A
:1062F000934237D141B0BDEC108BBDE8F08F00BFA9
:1063000064462620708C2520F8BC262068B62620FE
:1063100008A926200498262094952620748D2620EE
:10632000847E2620606A262000192620BC44252071
:1063300064E7252088002520ECC12520C0C6242044
:106340003D9B13B1184600F051FA3C9B13B118461F
:1063500000F04CFA3A9B13B1184600F047FA3B9B09
:10636000002BC7D0184641B0BDEC108BBDE8F04FF4
:1063700000F03CBA4FF46072214648480AF0AAFD8A
:106380004FF4D262214646480AF0A4FD4FF456620B
:10639000214644480AF09EFD41F20412214642483B
:1063A0000AF098FD4FF41C72214640480AF092FD15
:1063B0004FF4026221463E480AF08CFD4FF46F62B2
:1063C00021463C480AF086FD41F2244221463A48E3
:1063D0000AF080FD42F2FC32214638480AF07AFD8C
:1063E00042F66452214636480AF074FD43F29C128C
:1063F000214634480AF06EFD42F278522146324876
:106400000AF068FD43F27C52214630480AF062FDF2
:1064100044F2B47221462E480AF05CFD44F2344244
:1064200021462C480AF056FD43F6C81221462A4858
:106430000AF050FD01232B70FFF749B9F8B1274B43
:106440001C463993FFF755B9244D02462146304684
:1064500000F0F4F9012230462946399500F0EEF9B2
:10646000AC423FF447AF399DFFF750B91B4B3B930C
:10647000FFF77CB9194BCDE93933FFF773B92A46D9
:106480003046164900F0DAF901221449304641B08D
:10649000BDEC108BBDE8F04F00F0D0B9F8BC262061
:1064A00068B6262008A92620049826209495262040
:1064B000748D2620847E2620606A2620644626204D
:1064C0000019262064E72520ECC12520708C2520AA
:1064D000BC44252088002520C0C62420F4210020AB
:1064E000F8B5044600225F4823465F4943F81C0B79
:1064F0004FF40070C4E903230B682081C4E907222C
:10650000002B00F0AC801A465B69002BFBD1546174
:10651000564A0025564B4FF07C5122600026E36519
:10652000544A554B554F6162294665616560A572B5
:106530002576A7625248C4E91823524B524AC4F840
:10654000A830A2664FF460720AF0C4FC29464FF4EA
:10655000D2624E480AF0BEFC29464FF456624C48BF
:106560000AF0B8FC294641F204124A480AF0B2FC8B
:1065700029464FF41C724848C4E90B550AF0AAFC9E
:1065800029464FF4026245480AF0A4FC29464FF41C
:106590006F6243480AF09EFC294641F2244241487A
:1065A0000AF098FC294642F2FC3226643E48C4E9CF
:1065B0000E550AF08FFC294642F664523B480AF019
:1065C00089FC294643F29C1239480AF083FC29468B
:1065D00042F2785237480AF07DFC294643F27C5259
:1065E000E76426653448C4E911550AF073FC29466E
:1065F00044F2B47231480AF06DFC294644F2344248
:106600002F480AF067FC43F6C81229462D480AF0C5
:1066100061FC4FF07E522C4B2046E266C4F8943069
:106620002A4A2B4B26676667A667C4F89820E66758
:10663000C4F88060C4F88460C4F88860C4F88C60D2
:10664000C4F89060C4F89C30C4F8A060C4F8A4609A
:10665000C4E91555C4E92D55C4E92F55F8BD0C60A2
:1066600056E700BF202B0020FC6C0020742C00207B
:10667000C9009100690718016907DD046666263FB5
:10668000F8BC26203333733FE7010C0368B626209D
:1066900008A926200498262094952620748D26206B
:1066A000847E2620606A2620644626200019262043
:1066B00064E72520ECC12520708C2520BC442520D2
:1066C00088002520C0C624209A99993E8FC2753D26
:1066D0009A99193F4FF0E0234022C3F808227047EF
:1066E000F8B5124B124D1C686E688CB1237A2046A7
:1066F0005BB123686F681B6898476B68E288DB1B97
:106700009B099A42A38038BFE3806469002CEDD1D5
:10671000074B084A5B6811889B1B07489B099942F5
:10672000038038BF1380BFF34F8FF8BDFC6C00208F
:10673000001000E0CE490120CC49012010B572B60E
:10674000DFF8A0E0DFF8A0C0BEF800000CF1700296
:106750000CEB800393423BD20CF16F02411CD21A26
:1067600001EB920103E001300433884230D01A6813
:10677000002AF8D0B2FA82F14FF00044CC4022EA6D
:1067800004021A6002B90130134AAEF80000B2F8F0
:1067900000E00EF1010EA2F800E062B6A3EB0C03DC
:1067A00041F67C72C1EB016C0C4803EB8313C1EB27
:1067B0008C11006802EB4313094A03EB81030121AA
:1067C000C15418441388734538BFA2F800E010BDC7
:1067D00062B6002010BD00BFC8490120F86C00203F
:1067E000CA490120D0490120006D0020428872B6BC
:1067F0000378012B03D9013B037062B67047D14384
:1068000053090B484FF0004201F01F01CA4050F8F5
:1068100023100A430749B1F800C040F823209C45E3
:10682000054A88BF0B801388013B138062B670470E
:10683000006D0020D0490120C8490120C36813B968
:106840007047DB68D3B1187A9042FAD110B4586817
:1068500093F809C0006950F82C404CB1DB682BB1AB
:10686000187A9042F3D0DB68002BF9D110BC704746
:1068700040F82C10087801300870EFE7704700BF2F
:10688000437A8B4206D90369002253F8210043F86A
:106890002120704700207047437A8B4220D902693B
:1068A000002052F8213042F82100CBB11A78012A99
:1068B00001D81846704710B582B00193FFF73EFF2C
:1068C000019B044630B1191D4FF48072043001F071
:1068D000CBFA019B1A782046013A1A7002B010BD1B
:1068E00000231846704700BF044A00231168038143
:1068F00010600374C160C0E900337047706D002000
:10690000037C13BB036823B3436813B3427A5B7AF7
:106910009A4222D200B572B6324BD3F800E0BEF1F3
:10692000000F23D0DEF80C30DBB1416801E0DB68FA
:10693000BBB15A688A42FAD193F809C0427A9445A9
:10694000F5D162B60423184600BD012362B618468D
:106950007047032362B618467047022362B6184692
:106960007047DEF814E0BEF1000FDBD11E4A136859
:10697000C3B1944603E003F10C0CDB6893B1984279
:10698000F9D1D0F800E0DEF80C1039B3CB681BB9B0
:106990000CE0DA685AB1134688421946F9D162B65A
:1069A0000623D0E7052362B6184600BD0B46D86023
:1069B000C2680023CCF800200122C3609EF80A10B0
:1069C0008EF8082011448EF80A10416891F80AC028
:1069D0000A72944481F80AC00274E4E7CEF80C000D
:1069E000E6E700BFFC6C0020706D002010B590F849
:1069F00010E01C469DF80830BEF1000F01D00120C8
:106A000010BDC0E9001402724372BDE81040FFF7E8
:106A100077BF00BF037C002B3ED04368427A5B7A8D
:106A20009A4241D272B60168CB68002B36D09842A8
:106A300010B582B03AD01A46DB68984231D0002BAC
:106A4000F9D10346406893F809C0026952F82C2036
:106A50006AB110460193FFF7C9FE72B6019B00228E
:106A6000586893F809C00469196844F82C208A7A98
:106A7000013AD2B28A7202B90A72827A013AD2B269
:106A8000827202B902720B4A0020116818741360F6
:106A9000D96062B602B010BD0120704762B6032013
:106AA0007047C368D360CCE702207047C368CB60EF
:106AB000C7E700BF706D002010B50446FFF7AAFFBE
:106AC000064A136823B907E003F10C02DB681BB127
:106AD0009C42F9D1E3681360204610BD706D002020
:106AE0000B4B1A7892B90B4A0B49C2F858110B4854
:106AF0004FF0D00C01224FF0E02180F846C04FF05B
:106B0000400C1046C1F808C11A7070470020704749
:106B1000EE49012000640020B531010000E400E0EE
:106B20000000000010B572B6DFF8C0C0BCF800204D
:106B300091B9036883B190F804E0BEF10F0F0CD84F
:106B400042FA0EF414F0010445D0264C7444B3EB21
:106B5000441F02D162B610BD002142FA01F3DB07E7
:106B600007D501311029F8D162B600230171036005
:106B700010BD01238B401A43ACF8002062B61A4ABC
:106B800081F0030C0171D36F43F0C003D367A2F50A
:106B9000A03240F28243136002F58072114B02F87A
:106BA000E61CCB1802F8E21C02F8E81C5B0102F8B4
:106BB000E11C9FED0A7B036083ED007B83ED027B8C
:106BC00083ED047B83ED067B1CF8023063F03F030A
:106BD0000CF8023010BD2146BFE700BF00000000E6
:106BE000000000008074000200C00F40DE49012058
:106BF00003790F2B11D8094A937672B608490122FE
:106C000090F804C00B8802FA0CF223EA02030B800E
:106C100062B61022002302710360704700800E40AC
:106C2000DE490120704700BF704700BF704700BFBA
:106C3000704700BF70B51A4C1A4D2368AB4202D0A2
:106C4000194AD16829BBA369AB4202D0164AD1695F
:106C5000C9B9236BAB4202D0134AD16A69B9A36C9C
:106C6000AB4209D0104AD16B31B101211B680F48EA
:106C7000D163BDE87040184770BD01211B680C4806
:106C8000D1629847EBE701211B680A48D161984718
:106C9000DFE701211B6804F10800D1609847D2E7C3
:106CA000C0660020F8220020004108401067002044
:106CB000F8660020E066002038B5064CA4F16005B7
:106CC00054F8083C2046183CDB689847AC42F7D1A2
:106CD00038BD00BF10670020036870B5164688B045
:106CE000002B50D000229A600122DA60324C054617
:106CF00004A81C1951F8083B241102935B689847BB
:106D00002E4904EB4403DB0003F10800CA58019349
:106D10000844D26800909047DDF808C0019B2749DD
:106D2000009841F803C02649DCF80830029104A914
:106D30009847029B04A8DB6898472B6803202149E9
:106D40001E6098602B7920480B550B784A78DFF845
:106D50008CC09342C0F828C228BF13468878CA78EE
:106D6000834228BF0346934228BF1346174C4FF077
:106D7000E0214FF08060012284F87A30C1F80C01E4
:106D8000104608B070BD124AD36E43F44053D36628
:106D90000122104B1A60104A1346026040329C6870
:106DA000002CA3D0103393420360F8D100231A467D
:106DB0000360104608B070BD00BFF7BFC06600207A
:106DC000F8220020D44300200064002000E400E00A
:106DD00000C00F4000400840004108400937010052
:106DE0000268002A32D01A4B1A49D3181B1103EB40
:106DF000430210B5D20082B00446019302F10800AC
:106E00008B5808440092DB689847009A1248114951
:106E1000019B88500021226801209160D060FF20F2
:106E20000E4AD0541378507892F802C0834228BF9B
:106E30000346D0780A4A634528BF6346834228BF89
:106E4000034682F87A30216002B010BD704700BF5F
:106E500000BFF7BFC0660020F8220020D443002006
:106E600000E400E0074B0020DFF824C0064A074991
:106E7000C3F800C0C3F818C0C3F830C0C3F848C096
:106E800003F096BEC0660020E44300208D37010069
:106E9000F8220020084603F00BBD00BF012A70B5A0
:106EA00008BF0A228AB005461E4659B34FF0210C8E
:106EB00001E05FFA84FC0CF1FF34B1FBF2F302FB5A
:106EC000131EBEF1090F0EF1370098BF0EF130000E
:106ED0000DEB0C0E914219468EF80400E9D23EB13A
:106EE0000CF1FF3C2D225FFA8CFC0DEB0C031A71A8
:106EF0002B6801A9CCF1220228465B6861449847BF
:106F00000AB070BD30234FF0210C8DF82530E6E734
:106F10002DE9F0418C688AB0DCB100250646884630
:106F20002F462B46212201A9404600F08FFB202C42
:106F30002246336828BF202201A930465B68A41A84
:106F4000154498470744002CEBD138460AB0BDE8F9
:106F5000F081274638460AB0BDE8F081002903DBFE
:106F600000230A22FFF79ABF49422D230A22FFF786
:106F700095BF00BF00B5036883B040F60D2C022218
:106F800001A95B68ADF804C0984703B000BD00BF1D
:106F9000044B022888BF0346D3F800C01846DCF82B
:106FA00004301847F03F00200EB400B582B003AAA9
:106FB00052F8041B019209F073FE02B05DF804EB75
:106FC00003B0704742B90368C9B2054A1B689342CF
:106FD00004D1084603F06CBCFFF760BF184700BF40
:106FE00069390100B4EE400B70B5F1EE10FA86B0CD
:106FF000864680F18280B0EEC07B9FED486BB4EE98
:10700000467BF1EE10FA6CDC9FED467BB4EEC70BCD
:10701000F1EE10FA5CDC9FED457BB4EEC70BF1EEB0
:1070200010FA55D4B5EEC00BF1EE10FA61D400237E
:10703000B6EE007B002964D04FF0000C9FED3D6B55
:107040000CF1010C27EE067B6145F9D130EE070B00
:107050000C460A2270467646FCEEC07BB8EE676BA3
:1070600017EE901A30EE460B8DED000BFFF716FF72
:107070000F2C21464FF02E0328BF0F2105468DF817
:1070800008300DF10903481EB2EE046B02AA53FA50
:1070900080F09DED000B20EE060BFCEEC07BCDEDED
:1070A000007A9DF8003007EE903A3033B8EEE77B77
:1070B00002F8013F904230EE470BECD133684A1C96
:1070C000304602A95B68D2B29847284606B070BD28
:1070D000DEF80030032219495B6806B0BDE8704055
:1070E00018470368032216495B6806B0BDE8704084
:1070F0001847B1EE400B01239AE7036803221149B8
:10710000EAE730EE070B0A227046FCEEC07B17EE72
:10711000901A06B0BDE87040FFF7C0BEFFFFFFFF4A
:10712000FFFFEF7F000000E0FFFFEF41000000E005
:10713000FFFFEFC19A9999999999B93FB427002017
:10714000B0270020AC270020594B2DE9F043A3FBCA
:1071500000250C4640F26D19564F6D09DFF8648129
:10716000A3FB0523544AC5EB05165B09A0EB86007B
:10717000A2FB03125149120902F1040CA1FB0C619C
:10718000002660F30706ACEB010001EB5001002084
:1071900089088646C1EBC101ACEB010CC3EB0311BE
:1071A000A5EB810502EB420165F30F26A3EBC103BA
:1071B00063F317466CF31F662660414E00E0013012
:1071C000C3B240F26D1C03F2B27313F0030506FB69
:1071D00003F108D1B7EBB10F4FF4B77C03D3B8EB91
:1071E000311F38BFCC46E6447245E8D24630A07124
:1071F0004DB933492F4803FB01F1B0EBB10F4ED22B
:107200004FF4B77101E040F26D11A2EB0E020026BF
:10721000DFF8B4E00A4407E01EF80600904222D8E6
:107220000136121A0C2E2ED05FFA86FCBCF1010F2B
:10723000F2D1F5B92249DFF87C9003FB01F14FEA66
:10724000B108C8451F4F4FF01D0023D9904206F1E9
:10725000010608D8121AF0B20128F2D084461EF8AE
:1072600006009042DCD9013284F805C02271BDE8E5
:10727000F08301361B2AF1B2F5D90129A2F11C02D3
:10728000F7D08C46C8E7B446013284F805C02271B5
:10729000BDE8F083B7EB311F38BF1C20D6E70948A3
:1072A000B0EB311F40F26D1128BF4FF4B771ACE75E
:1072B00089888888285C8F02ABAAAAAA25499224CB
:1072C000295C8FC20AD7A300E82100202DE9F041F4
:1072D00086790546314AA6F14603002B03FB02F2EC
:1072E00017DD06F26C7E40F2B273DFF8C8C02C489E
:1072F0002C4F2D4C13F0030F0CFB03F106D1B0EB18
:10730000B10F02D3B7EB311F00D3224401339E45A6
:10731000F0D195F805C0BCF1000F2BD006F26C77C8
:10732000224C06F003062248A4FB07346423DFF84E
:1073300078E04FEA541803FB1878002305E0C15C9D
:10734000013363450EFB012214D0012BF7D1002E2F
:10735000F5D11849B8F1000F05D107FB01F1114C27
:10736000B4EB311FEBD3022302F518129C4502F552
:107370006E52E4D169784FF46160AB78C1EB0111D2
:10738000094C890013FB00132878297918444B1EF7
:1073900004FB03001044BDE8F08100BF8033E1012D
:1073A000285C8F020AD7A300805101001F85EB5192
:1073B000E8210020295C8FC200B9704715490A688E
:1073C000FAB1DFF858C0D31700B58CFB02ECDFF838
:1073D00050E09444C3EB2C43DFF848C00CFB13226D
:1073E00044F2A71C0EFB03F30CFB0233002B0FDA55
:1073F0006FF000429A180A60B2FBF0F300FB132012
:1074000000BD054AB2FBF0F30A6000FB1320704791
:107410001A46F0E7F46C002042CE0C1F5F0B4E833F
:10742000ECF4FFFF1DF301000022C0E9002282609E
:1074300061B110B582B00090084601910AF096F94A
:10744000009B044618B9184602B010BD70470130C1
:1074500008F08AFC009B0028F5D0002201991860F2
:107460000270C3E901440AF021F9009B184602B0FA
:1074700010BD00BF0022884203468260C0E900229E
:1074800006D030B58C6883B01CB9184603B030BD47
:1074900070470190601C0D6808F066FC019B002895
:1074A000F3D00022294618600270C3E901440AF0B3
:1074B000FDF8019B184603B030BD00BF10B504466F
:1074C000006808F059FC204610BD00BF30B51446D6
:1074D00083B00346026834B902B114700022184622
:1074E0009A6003B030BD0D4641688C420DD90090C2
:1074F000611C104608F02AFF009B024678B199688B
:10750000C3E9000409B901701A689C602946104655
:1075100000930AF0CBF8009B184603B030BD186802
:1075200030B1CDE9002308F027FCDDE900231A6023
:1075300000221846C3E9012203B030BD10B5002374
:107540008AB00446C0E90033A360084601A908F0E8
:10755000F1FB01A80AF00AF901A902462046FFF74B
:10756000B5FF20460AB010BD03468068F0B50C4652
:10757000196883B08518A14204D9002A34D118466D
:1075800003B0F0BD0844A04227D9002AF7D05E68B6
:10759000B54219D9671A01260846691CCDE900329F
:1075A00008F0D4FE009B84460028E8D0019AC3E985
:1075B0000005986820B98CF80000D3F800C09868DE
:1075C0006044AEB10CEB07042146009300F04CFC84
:1075D000009B00211A6851550FE0002ACFD05E6849
:1075E000B54205D90026D7E75E68B542FAD8084407
:1075F000214600930AF05AF8009B18469D6003B09C
:10760000F0BD00BF8A680968FFF7AEBF10B5044639
:1076100082B041B1084601910AF0A8F801990246EA
:107620002046FFF7A1FF204602B010BD10B582B082
:107630000023044601228DF8041001A98DF80530BD
:10764000FFF792FF204602B010BD00BF12B310B585
:10765000B1FA81F482B0640929B1D0F808C0864635
:107660009C4502D80C7002B010BD18460B467146FE
:10767000ACEB000E02F1FF3C0968E645724601449E
:10768000184628BF6246019209F048FD019A8454C9
:1076900002B010BD704700BF1C284AD8264B70B5F9
:1076A0001B780646E3B9254B9B5DFF2B2AD0244A65
:1076B00002EB061291680A6802F44050B0F5805F50
:1076C00031D01C0620D41F4C2360236AD80704D471
:1076D00003F07EF9236AD907FAD51A4B586A70BDB0
:1076E000184C194D01E003F073F9A36C1B06FAD492
:1076F000AB6C13F08003F6D10F4A13700F4B9B5DF8
:10770000FF2BD4D1002070BD0F4C03F07F0323600A
:10771000236ADA0704D403F05BF9236ADB07FAD59E
:10772000094B586A70BD22F480521C060A60EBD4E3
:10773000C9E70020704700BFF94901207C320020D2
:10774000602F002000400C4000800C40A94AAA4B4A
:1077500090422DE9F047A94CD3F814E09969D4F888
:107760000CC000F2088103F1437303F5F4530333B3
:10777000A3FB0023DB0D03EB830303EB830202F285
:10778000B63240F227639A4228BF1A469C4BA3FBAD
:107790000232D208203A984D0CF01F04D5F8803000
:1077A000944243F0C003C5F880300BD22CF01F0C7C
:1077B000924C4CEA020CC4F80CC02368002BFCDA93
:1077C0000CF01F041EF0007327D18E4D2E698E4DD4
:1077D000B54300F0FA8081F4805576464FF4805727
:1077E00016F0605F06D02EF0605E4EEA030E824B0C
:1077F000C3F814E015F4405F07D021F440517E4DEA
:107800003943A961AB6C1B07FCD44EF0007E7A496A
:10781000C1F814E08B6C9F06FCD47C49884200F2CE
:10782000DF80012635460EE0082D0CD1042E00F233
:1078300091800136022506FB00F38B4200F2C380E3
:107840005B008B4206D8013506FB05F300FB03F312
:107850008B42E9D9771E05F1FF384FEA872A8EEA75
:1078600087276B4959186B4B99427CD9DFF8E49113
:107870006C2369486349B0FBF5F0684DB0FBF6F046
:107880000E6835404D4508D043F400534FF4805501
:107890000D600B600B68002BFCDA57490B6903F095
:1078A0000703434504D0C1F810808B6CDE03FCD481
:1078B00017F4E05F0BD02EF4E05E0AF4E0534E497B
:1078C00043EA0E0EC1F814E08B6C9D07FCD4544DB6
:1078D000544945198D4239D8534BED09A3FB053561
:1078E0002D0B6B1E1B028EEA030111F4407F07D0A3
:1078F0002EF4407E03F440733F4943EA0E034B618C
:107900003D494B6923F000734B618B6C9B06FCD4A3
:10791000464BA242A3FB00134FF0FF314FEA9343C3
:10792000B0FBF5F5B1FBF3F34149086041490D6047
:1079300041490B6008D22CF01F0C30494CEA02027E
:10794000CA600B68002BFCDABDE8F0874FF4407387
:107950000425C8E7771E2E494FF007084FEA872A0B
:1079600059188EEA8727294B99421CD8DFF8E890EE
:10797000362332487EE7324B984201D80E220AE77E
:10798000304B984228D9304A904227D9821A2F4B3F
:10799000120AA3FB0232D20902EB820202EB82023C
:1079A00002F2E242EDE6A3F182532948DFF8AC90FF
:1079B000A3F589337E3BA3FB01310B0D03FB00F0E4
:1079C00043EA090956E7012544E71F468EF0C056F1
:1079D0000D464FF0C05303E70F22DCE61222DAE631
:1079E000012603464FF0000A77464FF0000835465F
:1079F00037E700BF001C4E0E00C00F4000000840DB
:107A00001F85EB5100800D4040300080FFB19F2664
:107A1000808D5B00FF7EF64D00643F4D7F3001801E
:107A20007FD1F0087F17B42C9F10E50083DE1B4345
:107A3000EC3F0020E83F0020ACCA002000B29F26A7
:107A4000FF0A6B1B00A4781F0046C32323B24C001F
:107A5000001BB7006C2000803620008000200080D2
:107A600000B970472DE9F84F01218146224C234E81
:107A7000234D54E8003F3268286844E80013002B87
:107A8000F7D120494B684FF47A7BDFF87CA01B1AB2
:107A900001270BFB02F8DAF80020A2FB03235B4569
:107AA00094BF9844D84454E8003F3268286844E8BA
:107AB0000073002BF7D14B68DAF800C01B1A0BFBE0
:107AC00002F2ACFB03C3B3F57A7F94BFD21802F580
:107AD0007A72A2EB0802B2F57A7F08D3B9F1010FEE
:107AE00008F57A7809F1FF39DDD1BDE8F88F02F0A9
:107AF0006FFF0449D7E700BFD4D20020D0D20020C6
:107B0000CCD20020001000E0ACCA002010B50F4B12
:107B10004FF0010C0E4CDFF844E053E8002F2068D2
:107B2000DEF8001043E800C2002AF6D1094B5B687A
:107B3000094A5B1A4FF47A71126801FB00F0A2FB4C
:107B400003238B4294BFC018401810BDD4D200202C
:107B5000D0D20020001000E0ACCA0020CCD200201F
:107B6000272812D802010C4B03EB00109B58C26867
:107B7000D3F804C01CEA020F03D039B1C3F8842043
:107B80007047836829B9054A1A607047C3F888208E
:107B90007047034A1A607047602F00203830010098
:107BA00038F0010027280BD8064B020103EB001028
:107BB0009A58C36892681A4214BF01200020704787
:107BC00000207047602F0020272831D802011B4B6E
:107BD000012903EB00109B5800B55A68D0E902EC6C
:107BE00012D0042910D022EA0C025A60C9B102292D
:107BF0001FD003294FF015020CBF114B114BCEF8CB
:107C0000003043681A6000BD42EA0C0201295A6044
:107C100007D040F63803CEF80030436815221A60CA
:107C200000BD38231522CEF8003043681A6000BD2D
:107C30007047054BCEF80030EFE700BF602F002003
:107C4000383001003800010038F0010010B4134A48
:107C50000020134B0121134CDFF84CC0C2F8F03266
:107C6000C2F8F402C2F8B810C2F8A000C2F8A440EA
:107C7000C2F8B0105369DB07FCD551619CF80030A5
:107C8000DB07EFD41368054943F0010313600B6869
:107C9000DB07FCD462B610BC704700BF00802A40EE
:107CA0000504012401000F0000812A4030B583B093
:107CB00072B6334B40F20645324C9C610224DC61C3
:107CC0000024C3F8A040C3F8F0528518C3F8F4426A
:107CD000C3F8F842C3F8FC424FF47024C3F8A44040
:107CE0000124C3F8B04020F01F03BFF34F8F4FF0C3
:107CF000E024C4F85C3F20339D42FAD8BFF34F8F95
:107D0000BFF36F8F1E4D6B69DC07FCD50123DFF8D5
:107D10007CC094B220F07F406B6144F47024C5F8BD
:107D2000F0C242F2012CC5F8F4C2C5F8BC30C5F867
:107D3000A000C5F8A440124CC5F8B03001E05B06C5
:107D40000AD4636913F00105F9D04123636103B0DC
:107D5000BDE83040FFF77ABF082A0DD842B10A4883
:107D6000CDE9001200F080F8DDE9001211442A4646
:107D7000034B40205861E4E7A2F108050822EEE732
:107D800000802A40F05AF05A80812A4032041808B4
:107D900000B5864672B62A4B02212A480022986115
:107DA0004FF47020D96140F20641C3F8F01201216E
:107DB000C3F8F422C3F8F822C3F8FC22C3F8A020C9
:107DC000214AC3F8A4000EEA0202C3F8B010BFF3C0
:107DD0004F8F02F1200302F500414FF0E02C8B425F
:107DE0002CBF01214FF4806102EB41118B42CCF892
:107DF0005C2F1A4603F12003F8D1BFF34F8FBFF376
:107E00006F8F0F4A5369D907FCD501200F49104BDA
:107E10004FF4702C50610EEA0303C2F8F0120849C7
:107E2000C2F8A030C2F8A4C0C2F8B0004B69DB07AA
:107E3000FCD501235DF804EB4B61FFF707BF00BFE2
:107E400000802A40F05AF05A0080FFFF52041808C0
:107E50000080FF0008B5F1F737FFF2F72DFF02F0C1
:107E6000B7FDFAE730BFFDE7844641EA000313F0AF
:107E700003036DD1403A41D351F8043B40F8043B31
:107E800051F8043B40F8043B51F8043B40F8043BF4
:107E900051F8043B40F8043B51F8043B40F8043BE4
:107EA00051F8043B40F8043B51F8043B40F8043BD4
:107EB00051F8043B40F8043B51F8043B40F8043BC4
:107EC00051F8043B40F8043B51F8043B40F8043BB4
:107ED00051F8043B40F8043B51F8043B40F8043BA4
:107EE00051F8043B40F8043B51F8043B40F8043B94
:107EF00051F8043B40F8043B403ABDD2303211D334
:107F000051F8043B40F8043B51F8043B40F8043B73
:107F100051F8043B40F8043B51F8043B40F8043B63
:107F2000103AEDD20C3205D351F8043B40F8043B33
:107F3000043AF9D2043208D0D2071CBF11F8013B31
:107F400000F8013B01D30B8803806046704700BFF7
:107F5000082A13D38B078DD010F003038AD0C3F106
:107F60000403D21ADB071CBF11F8013B00F8013BE8
:107F700080D331F8023B20F8023B7BE7043AD9D3A7
:107F8000013A11F8013B00F8013BF9D20B7803707C
:107F90004B7843708B7883706046704707F0E4BE7F
:107FA00007F0E2BE07F0E8BE07F0E6BE07F0E4BE69
:107FB00001F1FF3C70B566464FF0000E01E00EF196
:107FC000010EB0FBF2F402FB1403092B03F1370599
:107FD00098BF03F130059042204606F8015FEED2CB
:107FE00001EB0E0300225A70BEF1000F11D0481CA5
:107FF00070440CF102021CF8014F10F8015DA1EB76
:108000000C03521A8CF80050013B047073449A42DE
:10801000EFDB084670BD00BF30B5154601EB4102ED
:10802000012400EB421204FA01F1244CB2F80EC014
:1080300024784FEA011E1FFA8CFC0EF0F00E0CFBA8
:108040000333E340B0F8884163454EEA040428BF97
:108050006346012DA0F8884101F00F041ED0022DC7
:108060000FD045B9ACEB030CA2F80AC0B0F88031D0
:108070002343A0F88031B0F888311C43A0F8884130
:1080800030BDD383B0F880314EEA030EA0F880E112
:10809000B0F888311C43A0F8884130BD0902D38272
:1080A000B0F8803101F470611943A0F88011B0F884
:1080B00088311C43A0F8884130BD00BF76610020A4
:1080C000272848D8294A70B5044612F8200002EB48
:1080D000840301281E4629D002283BD15878C0F3DA
:1080E0000113032B3AD0224A02EB833C00F0030039
:1080F0008BB2204A0CEB401E1578BEF80610BEF875
:10810000102089B2C1F1011111FA82F2511E01FB56
:1081100003F3EB40994224D9D21AC2F101020CEBCD
:10812000401CAEF80620ACF810300DE05A78C2F3CF
:108130000113032B10D0104800EB83308BB202F0F8
:108140000301B278FFF768FF0C4BF27803EB0413DE
:108150005B681A6070BD70470948EFE7DFF824C01C
:10816000C4E7931E4FF6FF72D9E700BF9832002094
:1081700000C01D407661002000C03D40602F0020FF
:1081800000803E4000801E4010B500234FF4704434
:108190000F224FF4806EA0F88C411946A0F88E2172
:1081A0004FF46044A0F890310A46B0F8883148F2A4
:1081B000B82C43F0F003A0F8883101EB4103013102
:1081C00000EB431304299C80A3F806E05A841A8626
:1081D0005A805A81A3F80EC05A82DA825A83DA830F
:1081E000EBD1B0F8883143F00F03A0F88831B0F834
:1081F000883143F47063A0F8883110BD374B384A9A
:10820000996F384841F47F0170B5996741F20106D2
:10821000D3F8801045F6C05543F226040A43C3F84C
:108220008020FFF7B1FF00F58040FFF7ADFF00F5BC
:108230008040FFF7A9FF00F58040FFF7A5FF00226F
:10824000A0F503104FF00F0E114600EB42134FEA5A
:10825000421C01329981042A5981A3F80EE09E82C2
:10826000DD8020F80C1019829C81EED100221E487E
:108270004FF00F0E41F20106114645F6C05543F28C
:10828000260400EB42134FEA421C01329981042A72
:108290005981A3F80EE09E82DD8020F80C1019822F
:1082A0009C81EED1002211480F2641F201051146B2
:1082B00045F6C05443F2260E00EB42134FEA421C2F
:1082C00001329981042A5981DE819D82DC8020F867
:1082D0000C101982A3F80CE0EED170BD00C00F4065
:1082E000000003FC00C03D4000001E4000401E4056
:1082F000074A506A936A19468446506A936A9942BB
:10830000F9D18445F7D1DB0B43EA4040704700BF09
:1083100000400D4072B6EFF30583524CC4F8843030
:108320001EF0040F0CBFEFF30882EFF309824FF049
:10833000E0234D4DD3F8280DD3F82C1DC4E92201BC
:10834000D3F8341DD3F8383DC4E924139369A83415
:1083500044F8103CD36944F80C3C00F0CFF804ED2D
:10836000020AFFF7C5FF0B2344F8040C4FF0FF325D
:108370003E4844F8283C2B68202104355A4042F3FB
:108380000003013903EA000383EA5202F7D1A54250
:10839000F1D1344BC3F8A820BFF34F8F4FF0E02347
:1083A0003149334AC3F8701FC3F8702FBFF34F8FA2
:1083B000BFF36F8F2F4A02242F48D36E2F4943F407
:1083C0004053D3660460D3692D4823F07F0343F004
:1083D0004003D3610B68834240D8274D00204FF003
:1083E000E0234FF0FF3228600121C5F8080125483D
:1083F0000C460E46C5F80001C5F80811C3F88021E7
:10840000C3F88421C3F88821C3F88C21C3F89021D4
:1084100001E000F0EBF9D5F80C31002BF9D04F2C2E
:10842000C5F80C6104F10104F3D9174B0220174978
:108430004FF00042C1F840015A63D5F80C313BB906
:10844000134814490C4A0163D2F80C31002BFAD0BE
:108450004FF0E023104AC3F80C2DFEE7FFF776F942
:10846000BBE700BF00FF272080FF27202083B8ED57
:10847000A0FF272000C00F4000400840EC3F002034
:10848000803DCD0B009F240000900D4000002E4049
:1084900000800F40F100AD0B0400FA05094A08B551
:1084A0000346106823B1034407498B4201D8136087
:1084B00008BD08F045FF0C2203464FF0FF301A605C
:1084C00008BD00BFE04300200000282000207047C6
:1084D0004FF0FF30704700BF4FF4005300204B6057
:1084E000704700BF012070474FF0FF30704700BF5A
:1084F00030BFFDE730BFFDE7FFF70CBF124AD2F8EF
:1085000080305B07FBD5D2F880301048C3F30B23D3
:108510000F4990ED007A07EE903A91ED006AB8EEBF
:10852000477A0C4AF8EEE77A0B4BD2ED006A77EE09
:10853000C77A93ED007AB8EE477A67EE867A87EECF
:10854000A60A37EE400A704700810D409CCA002001
:10855000A4CA0020A8CA0020A0CA002000B521BBE0
:10856000DFF8ACC0264B002A4FF0010048F2800132
:1085700008BF8021CCF848301860002059601204F0
:10858000CCF84C004FF0011C1E499860C1F8BCC1EA
:10859000D1F8B0311C4843F48033C1F8B0310260E7
:1085A000D1F8B031002BFBD100BD0904174B4FF0BF
:1085B000010C4FF0000E41F080019860C3F800C03C
:1085C000596000F58051DFF848C0D96000F50051CE
:1085D000CCF80CE0196100F5405100F58040CCF872
:1085E0000830596107499861D1F8B03143F001036F
:1085F000C1F8B031D1F8B031002BFBD1B2E700BFE8
:108600004067002000002E4088A500206067002001
:1086100000000020836B70B586460E4610461BB1E5
:10862000536843F40043536072B6DEF8342042B31B
:108630001B4B1060D3F8B02132421ED1194C656833
:1086400005E06268A2EB050CBCF5166F0BD2D3F8FF
:10865000402142F48042C3F84021D3F8B811D3F846
:1086600040215204EDD5314007D10D4ACEE9020137
:10867000D2F8B0313343C2F8B031CEF8340062B62C
:1086800070BD0749CEE90202D1F8B0313343C1F8D9
:10869000B031CEF83000CEF8340062B670BD00BF05
:1086A00000002E40001000E070B5056B95B12B4620
:1086B000002403E01B680134012B0CD05A68120619
:1086C000F8D5036306462CB12846B36B2D6898474E
:1086D000013CF9D170BD00220023C0E90C23F1E771
:1086E00000B501BBDFF8A0C0234B0021234A4FF0A7
:1086F000010E4FF001109960C3F800E0CCE902319F
:108700004FF0800CC3F804C0C2F8BC01D2F8B031FD
:108710001B4843EA0E03C2F8B0310160D2F8B03111
:10872000002BFBD100BD0904164BDFF85CC04FF0F5
:10873000010E41F080019860104A596000F58051A7
:10874000C3F800E0D96000F50051CCF84830196159
:1087500000F5405100F58040596100219861CCF846
:108760004C10D2F8B03143F48033C2F8B031D2F8B3
:10877000B031002BFBD1B7E74067002000002E404E
:1087800088A50020606700200000002072B6DFF896
:1087900030C0012209499CF80030824013438CF814
:1087A0000030D1F848311A0605D480221343C1F8AD
:1087B0004421C1F8483162B6704700BF00002E4026
:1087C000164A0120074901220B78824023EA02035E
:1087D0000B7033B9044AD2F8483123F08003C2F851
:1087E00048317047164A012000002E402DE9F0471D
:1087F000AE4C86B0D4F84461F207C4F844614FD55A
:10880000D4F8AC31002B46D0A94D4FF0011ADFF857
:10881000B892DFF8C082C4F8AC31D5E90A20D4F8A8
:10882000403143F40053C4F84031D4F840319F0440
:10883000F5D5D4F8403123F40053C4F84031C4F8DE
:10884000B4A1D4F8B43113F00113FAD191B2C9F83C
:108850000030B1F5106FCDE9042000F0A78100F2DF
:108860009B8040F2023C614500F0D58100F2B88067
:10887000822900F0358140F20F81B1F5817F40F00F
:10888000BD8210F0780F00F04882C4F8C0A1D4F87F
:10889000AC31002BBFD1854BD3F8BC41002C47D164
:1088A000730616D5814BD3F8AC21C3F8AC21D3F8AD
:1088B000BC21C3F8BC21D3F8B041002CFBD14FF050
:1088C000FF32C3F8B421D3F8843101F089FE794B2B
:1088D0001C60F40103D5784B1B6803B19847B001C5
:1088E00003D5764B1B6803B19847710708D56F4BCA
:1088F000D3F8843113F400734BD0714B01221A70FA
:108900006A4BD3F848311A060FD533060DD56D4A98
:1089100013782BB1013BDBB21370002B00F0DE8229
:1089200006B0BDE8F04701F05DB906B0BDE8F087DC
:10893000654AC3F8BC4111680C4240F014825D4B9B
:108940001B681C40ACD01FFA84F8594D240C11D080
:108950004FF0010994FAA4F7B7FA87F705EBC710AF
:1089600009FA07F74030FFF79FFEBC43F2D1B8F198
:10897000000F95D0012798FAA8F4B4FA84F405EB17
:10898000C41007FA04F4FFF78FFE38EA0408F2D1A6
:1089900086E74B4A1370B3E742F2212C614500F0A1
:1089A000B68048D840F6013C614500F06A8142F249
:1089B0002103994200F0598140F6812399427FF4C6
:1089C00064AF80B2042800F0568205287FF45DAFC2
:1089D0003E4B1B7801213E480370FFF781FE56E7AE
:1089E00040F2816C61454BD8B1F5D06F80F09A8030
:1089F000B1F5A06F40F0CC81364AEB64936001235F
:108A0000AA641360802353604FF00113274AC4F80F
:108A1000BC31D4F8B03143F48033C4F8B031D2F86B
:108A2000B031002BFBD1BDF812305B0643F08073F0
:108A3000C2F854312BE748F2A212914200F044816F
:108A400000F24F8142F22133994240F0E28100234B
:108A5000C5F84880EB64C8F808300123C8F8003036
:108A60008023C8F80430C4F8BCA1D4F8B03143F472
:108A70008033C4F8B031D4F8B031002BFBD106E715
:108A8000B1F5086F7FF401AF134B012113481B7838
:108A90000370FFF725FEFAE680297FF4F6AE0F4853
:108AA00002210380FFF71CFEF1E600BF00002E400C
:108AB000000000208CA500204CD5002050D50020BF
:108AC000274A01202D4A012088A50020214A0120A3
:108AD00080A5002040670020264A0120F0C9002020
:108AE00010F078037FF4D1AE00F07F01B14A0006A8
:108AF00052F82110B04A138040F19181CB0301D587
:108B0000012313700221AC48FFF7EAFDBFE680B2F3
:108B100000289CD1A94B120C1968A94B1960A94BCC
:108B20001A7094E7A84B596800293FF4AEAE4FEA9B
:108B3000124E87B204E019690C3300293FF4A5AE48
:108B4000B3F800C0F445F6D15A88BA42F3D1020C0A
:108B50004FEA1E20032800F066811B899A4228BF35
:108B60001A46BEF5007F40F0A481984B1B78002B7D
:108B700040F0B081964997480192FFF775F9954FFB
:108B8000019A27F01F03B918BFF34F8F4FF0E02071
:108B9000C0F8703F20339942FAD8BFF34F8FBFF32C
:108BA0006F8F8C481146FFF79BFD70E68A48120CC8
:108BB00001934FF0C8110270884AC4F8C8214FF0E1
:108BC000C412C4F8CC11C4F8D011C4F8D421C23AEC
:108BD000C4F8D82101F006FD00F09AFF00F074FD02
:108BE0007F4A0121019BAA6411608021936051603A
:108BF0004FF00112EB64C4F8BC21D4F8B02142F468
:108C00008032C4F8B021774AC9F80030D2F8B031C8
:108C1000002BFBD13BE610F0780F7FF436AE00F06E
:108C20007F02644B000653F822104CBF41F48031A0
:108C300041F0010143F822100021694BE964996079
:108C40000121AB6419608021664A59604FF001131D
:108C5000C2F8BC31D2F8B03143F48033C2F8B0313D
:108C6000D2F8B031002BFBD111E6010C07297FF4BB
:108C70000CAE5D4BC3E9002001225C48FFF76EFC9F
:108C800005E680B2042800F0F88005287FF4FDADE9
:108C90005349C2F30F42EB648B60554BA9641A70C1
:108CA0000123504A0B6080234B604FF00113C4F83E
:108CB000BC31D4F8B03143F48033C4F8B031D2F8C9
:108CC000B031002BFBD1E2E5B0F5403FFFF4DDAD64
:108CD0004648032183704AF644430380FFF700FDB2
:108CE000D5E521F4807348F2A122934204D048F2E2
:108CF000A14399427FF4C9ADB0F5102FBFF4C5ADC3
:108D000003AA3A4904A800F055FD00283FF4BDAD80
:108D100003993648FFF7E4FCB9E500F07F02254BE4
:108D2000070653F822104CBF21F4803121F00101D5
:108D300043F8221000212A4BE96499600121AB64B9
:108D400019608021274A59604FF00113C2F8BC31E5
:108D5000D2F8B03143F48033C2F8B031D2F8B03138
:108D6000002BFBD193E5002142F2210011601E4946
:108D70000A6895B285425BD01E4B9A4203D01E4BC7
:108D80009A427FF4DCAD1949174800F041FDD6E561
:108D90003FF67BAD40F22133994204D040F22143AB
:108DA00099427FF472ADB0F5102F4FEA1041BFF435
:108DB0006CAD5EE7C0012E40F0C90020D0D200208B
:108DC000D4D30020254A012084360020274A0120E0
:108DD0004031006020C62620264A01200200CC0037
:108DE0004067002000002E40A86B002080A50020D6
:108DF000214A01202101010221010001FFF445ADBA
:108E000040F221139942CED040F221239942CAD098
:108E10003BE548F2A11399423FF46EAF35E5CF0729
:108E20007FF570AE6CE60B789A4228BF1A46A2E630
:108E300089880029A0D12C492C4D03C9A9808628F6
:108E40004FEA11412860A97196D172B6284801787D
:108E500041F040010170D3F848110D0606D441F0ED
:108E600080018020C3F84401C3F8481162B6214B49
:108E70005021197080E7204BABE52049C2F30F4227
:108E8000EB648B601C4BA9641A7001231C4A0B60B5
:108E900080234B604FF00113C4F8BC31D4F8B031DB
:108EA00043F48033C4F8B031D2F8B031002BFBD199
:108EB000EDE4BEF5E06F7FF45EAE124B1B785BB95C
:108EC0001149124F01923846FEF7CEFF07237B70FF
:108ED000019A56E60C494EE60D49F2E70620FFF7E7
:108EE00071FC0EF0AFF900BF80A50020CCD30020AC
:108EF000164A01202D4A0120244A01204067002003
:108F000000002E40274A0120B832006020C62620EB
:108F1000403100602DE9F043841E83B0062C02D955
:108F200003B0BDE8F083124D90460F46C60105EB35
:108F3000C0143C2200210190201D994607F0CAFF71
:108F4000B8FA88F23904520941EA42710122A95162
:108F5000C4F83890A260B9F1000FE1D00549019B37
:108F60009A400B681A430A6003B0BDE8F08300BF63
:108F7000000000208CA500202DE9F043A0F1020E96
:108F800083B0BEF1060F02D903B0BDE8F08391466D
:108F9000C201124F884602F1400605463C220021DC
:108FA000F4190193201D07F095FFB9FA89FC4FEAE7
:108FB0000842019B4FEA5C1C42EA4C72BA51012202
:108FC000A363A260002BDFD0054905F110000B68F8
:108FD00082401A430A6003B0BDE8F083000000201D
:108FE0008CA5002002F1FF3CBCF1020F04D8A0F1D7
:108FF000020CBCF1060F00D970472DE9F043114D6A
:10900000994683B0174605EBC0138846C6013C223B
:1090100004460021181D019307F05CFF019BBA076D
:1090200042EA0842AA510122C3F838909A60B9F185
:10903000000F04D00449A2400B681A430A6003B031
:10904000BDE8F083000000208CA5002002F1FF3C69
:10905000BCF1020F04D8A0F1020CBCF1060F00D93C
:1090600070472DE9F0431746C201124E994602F1AE
:10907000400583B088463C22AB1904460021181DE8
:10908000019307F027FF019BBA0742EA0842725199
:109090000122C3F838909A60B9F1000F06D0064952
:1090A00004F110000B6882401A430A6003B0BDE867
:1090B000F08300BF000000208CA5002012044FF0B8
:1090C000010C816042F08002C0F800C0C36101F56C
:1090D000805C01F54053426001F5005201F580418A
:1090E000C0F80CC08161C0E904237047831E062BC1
:1090F00000D9704700F1100C064B0A4603EBC01074
:1091000000B54FF0010E0EFA0CF15DF804EBFFF71D
:1091100081BA00BF40000020831E062B00D9704793
:109120004FF0010C034B0A460CFA00F103EBC010A0
:10913000FFF770BA00000020406870472DE9F04743
:1091400000EB8305A84209D342E050F8044B230CFE
:10915000854221F8024B22F8023B39D98B07F4D41F
:10916000A5F10803984226D2A5F1090700F10808E5
:1091700016468E463F1AC446184CFF0807F10109EF
:1091800001EB89095CE902A00CF1080C1FFA8AF3D3
:1091900043EA004320404EF8043B40EA1A40CE45E3
:1091A00046F8040BEED10432043108EBC70002EBA1
:1091B000870201EB8701854208D950F8043B1C0C5B
:1091C000854221F8023B22F8024BF6D8BDE8F08731
:1091D000A5F108039842C7D3F8E700BF0000FFFFDE
:1091E000114B124A124810B511781A680023114C1D
:1091F000CA4011490A602278FFF760FF0E4B2278BF
:109200001A44BFF34F8F4FF0E021C1F8683F20337D
:109210009A42FAD8BFF34F8FBFF36F8F04490620ED
:10922000BDE81040FFF762BFE4AD0020234A0120F3
:1092300060690020224A012080C4262030B50546FE
:1092400083B00021FDF728FB012104462846FDF7E5
:1092500023FB434B1A7803462AB3002C54D0002B2F
:1092600062D072B63F4A1068002847D03E49D1F814
:1092700000C0BCF1000F64D0C2F800C0DFF8F4C039
:109280003A4A0C600024DCF80010CCF80030384B6F
:109290001C8014681160FDF7A9FA2046FDF7A6FAB4
:1092A00062B603B030BD24B101902046FDF79EFAAE
:1092B000019B13B11846FDF799FA2A4C206818B1A2
:1092C000FDF794FA00232360274C206818B1FDF7BE
:1092D0008DFA00232360254C206818B1FDF786FA2B
:1092E00000232360234C206818B1FDF77FFA002388
:1092F00023601F4B00221A8003B030BD14601B494D
:109300001B4A0B601080CBE70190FDF717FA019B19
:109310000446D0B14FF4807200210430019307F06D
:10932000D9FD019B002B9CD1FDF708FA0346A0B1A3
:109330004FF4807200210430019307F0CBFD019BB4
:109340008FE70C4A0C601360AAE7002BA9D01846DF
:1093500003B0BDE83040FDF749BA2046F8E700BF4A
:10936000244A0120B86D0020BC6D0020C06D002093
:10937000DA490120C46D0020564B01222DE9F04F3F
:10938000DFF864B183B01A700646534BDBF8004037
:109390001F88524B1D68002C57D0002D5ED0B60898
:1093A00068D0C7F180039E42C0F09080DFF83C8116
:1093B000802FD8F8009059D1B9F1000F42D1484A16
:1093C0001368002B3ED1C8F800401560FDF7B6F9D0
:1093D000DFF81CA1044600282ED0FDF7AFF90546A2
:1093E000002856D03D4BCBF800401860002E40D0EE
:1093F0007F2E5AD9D8F80090002780232A1D211DDE
:109400003E44504602EB4702019301EB4701803E88
:10941000FFF794FEB9F1000F31D1314A019B116879
:1094200000292CD1C8F800400AEB830A1560FDF72B
:1094300085F904460028D0D1284BCBF800001860ED
:10944000254B188003B0BDE8F08FFDF777F904468F
:109450000028F7D0CBF80000002DA0D1FDF76EF961
:1094600005460028EED01D4B186098E7DFF880A075
:10947000C4E73746184B1F8003B0BDE8F08F802348
:10948000154A1380002EDDD0164A1368013313608D
:10949000D8E72046FDF7AAF9104BCBF800501D6025
:1094A0000D4B1D8003B0BDE8F08F00272A1D211D44
:1094B0003346504602EB47023E4401EB4701FFF7BB
:1094C0003DFE054B1E8003B0BDE8F08FDFF820A005
:1094D000ECE700BFF0490120D44901209C6D002039
:1094E000946D0020C4D30020986D0020906D002062
:1094F00060C5262008B538B1114B5868C0F30E403E
:10950000C0F1B400FFF738FF0023B4220D490C4826
:10951000FFF7D4FD0B4B03F1B401BFF34F8F4FF0B6
:10952000E022C2F85C3F20339942FAD8BFF34F8F54
:10953000BFF36F8F02490520BDE80840FFF7ECBD7F
:109540008067002060C52620002303480349044AA1
:1095500003700B6013607047F2490120B86D002062
:10956000C06D0020374A13680133092B2DE9F04FF5
:1095700083B055D900234FF0B40A2D260024DFF81C
:10958000D880DFF8D8B0304F1360CDF804A0D8F8F9
:109590000000331B002847D0B7F800E0DBF800904C
:1095A000CEF18002934228BF1346C3B109F10401F2
:1095B000264A051D009001EB4E0102EB840C05EBE1
:1095C0004E0501EB430A35F9022B31F9020B92B239
:1095D000514542EA00424CF8042BF4D100989E44D5
:1095E0001C44BEF17F0F09D8B442A7F800E0CED3E7
:1095F000DDF804A0504603B0BDE8F08FFDF7F6F8A3
:109600004846FDF7F3F8124A0020124B116810602B
:1096100086461A68C8F800101860CBF80020E3E707
:109620004FF0B00A2C26A9E701460848DDF804A04F
:109630009A0000EB440007F04DFC504603B0BDE833
:10964000F08F00BFD8430020DA490120A06A002033
:10965000BC6D0020C46D0020B86D0020C06D0020DE
:1096600000B583B0FFF77EFF1249134B024609682D
:109670001B781248D940002301920160104911481B
:10968000FFF71CFD0E4B019A1A44BFF34F8F4FF0AA
:10969000E021C1F8703F20339A42FAD8BFF34F8FD0
:1096A000BFF36F8F0749052003B05DF804EBFFF7A8
:1096B0001DBD00BFE4AD0020234A012080C4262048
:1096C000A06A00208069002010B500232B4A2C4C92
:1096D0002C4813602C492D4A236003781160002B1D
:1096E00048D0082004232A4920222A4C087000214F
:1096F0002948237007F0EEFB284B0122B4210520F6
:10970000FFF770FC0023B42225492348FFF7D6FC5D
:10971000234B03F1B401BFF34F8F4FF0E022C2F8A7
:109720005C3F20339942FAD8BFF34F8FBFF36F8F5E
:1097300019490520FFF7F0FC20220021194807F005
:10974000C9FB194B217801220620FFF77FFC00207E
:10975000FFF746FD20220021144807F0BBFB05203F
:10976000134B0122B421FFF771FC0020BDE810402B
:10977000FFF776BF0A200323B5E700BFC8D3002058
:10978000C4D30020274A01209A99192CE4AD002067
:10979000234A0120224A012080670020C95F01007E
:1097A00060C5262060690020B55C0100806900204A
:1097B000356101000378A12B01D000207047C378E8
:1097C000012B09D0022BF8D14378813B032BF4D82D
:1097D000DFE803F015120F080C48406808701360AA
:1097E0000120704701230B70002302204B70106092
:1097F000F6E7FF230B70F7E700230B70F4E7034B4A
:10980000986808709B681B12EFE700BFC8430020F0
:109810000378212B01D000207047C3784278012BB8
:1098200008D0012AF7D1022BF5D1064B09781A602E
:10983000996005E0012AEED1024B0978C3E90021C5
:1098400001207047C8430020144B0A22DFF850C0A3
:10985000D3F8200220F07F4000EB800300B55B00CE
:1098600085B0604538BF18466946FEF7A1FBDFF8B2
:1098700034C06B460022604619780132013341B191
:109880000A2A20F8021FF7D116228CF8002005B012
:1098900000BD52008CF8002005B000BD00441F4000
:1098A000809698004861002000F0BABF00F088BFA1
:1098B00000F0EEBF00F0A6BF01F03CB801F016B812
:1098C0000846114601F008B80C4A38B50C4B05465D
:1098D000146819883CB1B1F5917F08D24A1C094837
:1098E0001A80455438BDB1F5917FF7D338BD0022B9
:1098F0000448A04700210122014BF0E714D40020C6
:10990000EC49012028D4002070B5164D4FF0E0241A
:1099100015494FF40032154E05EB401582B001EBAE
:109920004021C4F88C210346328828460191FFF774
:10993000C5FB019933880B44BFF34F8FC4F85C1FFC
:1099400020318B42FAD8BFF34F8FBFF36F8F0420C3
:109950002946FFF7E1FB4FF40033C4F80C3102B0A5
:1099600070BD00BFA0670020A0C72620E0490120ED
:1099700042684FF6FC71144BC2F30E42C0691B885B
:109980009B1A0B401DD0DFF850C0104910B49CF852
:1099900000200F4C013221F810300021062A24F853
:1099A000101094BF11460A468CF80010DFF82CC046
:1099B000DCF800100B44CCF80030064B985410BC77
:1099C0007047FFF7A1BF00BFE049012038CA00205F
:1099D00054CA002070CA00200C4A012030CA00205E
:1099E0002DE9F04F0123DFF81CB1404F83B0404E0A
:1099F0009BF800203F4DDFF810813B7005EB4215CE
:109A00003388D8F80090CDE90002002B68D13A4C99
:109A1000DFF8F8A02846FFF78FFB10F0800058D041
:109A2000D8F80030A3EB0903282B04D901232370B5
:109A300003B0BDE8F08F2378002BF9D19AF80030FD
:109A4000002BF5D000F0C4FF3388002BE2D02B4A66
:109A50009BF800401288D01A043B00EB44202849B0
:109A60009BB23380009E0E507BBB01EB4424284602
:109A70002146FFF723FBBFF34F8F04F1200204F5CB
:109A80000073934294BF012310234FF0E02204EBB4
:109A90004313C2F8704F20349C42FAD1BFF34F8F6A
:109AA000BFF36F8F04202946FFF720FB019B0220A4
:109AB0000133032B88BF00238BF80030FEF782FEB2
:109AC00000233B7003B0BDE8F08F0220FEF75EFE7E
:109AD000F6E70A4B20701A889BF800401346BBE754
:109AE000064A019C1288D01AB6E700BF1F4A01201F
:109AF000E4490120A0690020194A0120E849012019
:109B0000A0D326201D4A0120D0D20020264A0120C1
:109B1000214B70B51B78002B3BD04FF400763346B9
:109B20001E4980221E4D00240B8000211D482B80E1
:109B300007F0D0F91C4A21461C4B1470C0221C4867
:109B40001C8007F0C7F91B4A31461B4B0420946068
:109B50009C60C2E90044194AC3E900441470184BE0
:109B6000184A1C70184B14602246FFF7D3F923469D
:109B7000224629880420FFF7FFF920460134FFF729
:109B8000C3FE062CF9D100231049114A0B70137043
:109B900070BD40263346C3E7274A0120E049012033
:109BA000E8490120A06900201D4A0120E449012064
:109BB000A067002038CA002054CA00200C4A0120A7
:109BC0000E4A012030CA002045640100194A0120D4
:109BD0001F4A0120024B1B780BB1FFF701BF7047F2
:109BE000264A0120254B1B7813B9254A128802B951
:109BF00070472449DFF898C02348BCF800C010B56E
:109C00000C7884B02149ACEB020200EB441001EB6C
:109C100044210190CDE90213FFF750FA0299BFF3F6
:109C20004F8F01F5007C01F12002039B62452CBFA0
:109C30000122102201984FF0E02C01EB4212CCF8E7
:109C4000701F20319142FAD10193BFF34F8FBFF3C0
:109C50006F8F01460420FFF749FA0021084B621C70
:109C600002201980019B032A98BF1346054A1370EE
:109C700004B0BDE81040FEF7A5BD00BF1F4A01209B
:109C8000E44901201D4A0120A0690020A0D326201C
:109C9000E84901202DE9F8431501002944D0037853
:109CA00001294FEA034361D03F4E45F004070446C3
:109CB00089463278FFB23AB1427843EA02633B43C5
:109CC00043F47040FFF78CFEA9F10209B9F1020FCD
:109CD00036D905343378A0466BB114F8023C14F839
:109CE000032C1B0414F8010C43EA02233B4343EA10
:109CF0000060FFF775FEA9F103090334B9F1020F03
:109D0000E8D8B9F1020F33781DD0B9F1010F3BD07B
:109D100043B105F0F0054FF205702843BDE8F84364
:109D2000FFF75EBEBDE8F8831F4B1B78002BF9D010
:109D300005F0F0051D482843BDE8F843FFF750BE85
:109D400004F10208DDE7002BECD098F8010045F0A3
:109D5000070598F800300004EDB240EA03202843DC
:109D6000BDE8F84340F07740FFF73ABE0E4A12785C
:109D7000002AD7D045F007050D48EDB22B43184314
:109D8000BDE8F843FFF72CBE002BCBD045F0060012
:109D900098F80030C0B240EA0320BDE8F84340F430
:109DA0007700FFF71DBE00BF264A012006F0F7002E
:109DB00000F000F74FF0E0234FF40032DFF898C0D6
:109DC000C3F88C211E4B9CF8002019788A422ED0B3
:109DD000D3B21C4A1C480133072B28BF002330B5DF
:109DE00012F803E083B0194A194C32F81E50026889
:109DF00034F81E10043A02600A1D164801EB4E2189
:109E000092B24158954224F81E2008D94FF0E02321
:109E10004FF400320846C3F80C2103B030BD704641
:109E200001918CF80030FFF76FFD0199EEE70021FA
:109E30004FF0E0234FF400320846C3F80C2170477E
:109E40000C4A012070CA002030CA002038CA002005
:109E500054CA0020A0C726200E4A012030B583B086
:109E60000546FFF7A7FF88B1034600F00F02A1489F
:109E7000C3F303111C0A0170A2F10801062908D8D6
:109E800004F00F0001309DB3A84231D0002003B090
:109E900030BD911EE0B2012906D9052A75D1F028FE
:109EA00073D9F72800F09980F1380E28EED801A276
:109EB00052F820F0176B0100336B0100536B010067
:109EC0006169010061690100636B01006169010062
:109ED000756B010061690100AD6B01001D6C010033
:109EE0003B6C010061690100596C0100916B01003C
:109EF000082AC3F303311CD108291AD1DFF834C270
:109F000080217D4ADCF80040C0B21170C3F30741E4
:109F10001A0E0D4624B1CDE90002A047DDE900028A
:109F2000764B77491870774B0D701A70012003B08B
:109F300030BD092A17D1092915D1C3F307441A0ED8
:109F4000C0B26D4B254600F035819021D2B2197018
:109F50006D4B1B68002BE3D021460192009098477F
:109F6000DDE90002DCE70A2A06D10A2904D1DFF87C
:109F7000C8C1A021604AC5E70B2A47D10B2945D1AA
:109F8000DFF8B8C1B0215C4ABCE7042A00F0418187
:109F9000511F02290ED90F2A7FF478AFF72883D8F2
:109FA000F02804D0594B1B88002B3FF46FAFFFF70C
:109FB0008BFC6BE7CDE90023FFF786FC009A052AAE
:109FC0000DD0019BC3F30740CDE90032FFF77CFCC5
:109FD000019A009B072A02D1180EFFF775FC4B4B24
:109FE00047481988474A0170080ADFF854C11070C1
:109FF0000020414A1880F023DCF800401370002C48
:10A0000000F0148101224248A0478FE70C2A40F05B
:10A01000C8800C2940F0C580DFF828C1C021364A2D
:10A02000DCF80040C0B21170C3F307411A0E0D46B0
:10A03000002C3FF475AFCDE90002A047DDE9000236
:10A040006EE7344AC3F307401268054612B1009325
:10A050009047009B28491A0E00200C7060E72E499B
:10A060001A0C096815460029F4D0580C02F07F023A
:10A07000009300F47E5010438847009BEAE7274A8C
:10A08000C3F3074012680546002AE0D1E2E7244AFC
:10A090001D0C1268002ADDD000939047009BD9E781
:10A0A000204A1D0C1268002AF6D11F4A1268002AA5
:10A0B000D0D00093F8209047009BCBE71B4A1D0CA3
:10A0C0001268002AE8D1184A1268002AC2D0009308
:10A0D000FF209047009BBDE7154A1D0C1268002A1F
:10A0E000DAD1114A1268002AB4D00093FA209047BE
:10A0F000009BAFE7284A01202C4A0120294A012071
:10A100002A4A01202B4A0120F0D30020EC490120EB
:10A1100028D400201CD4002000D4002004D4002027
:10A1200020D40020E0D30020FCD3002018D400204D
:10A1300008D40020ECD3002024D40020E8D3002051
:10A1400014D40020F8D300203C4A1D0C1268002AC9
:10A15000A2D13B4A1268002A3FF47CAF0093FB2057
:10A160009047009B76E7374A1D0C1268002A93D16E
:10A17000334A1268002A3FF46DAF0093FC209047E9
:10A18000009B67E7304A1D0C1268002A84D12C4AD4
:10A190001268002A3FF45EAF0093FE209047009BB8
:10A1A00058E70D2A11D10D290FD1DFF8B0C0D02109
:10A1B000264A35E780211970254B1B681BB12146C3
:10A1C0000090984700980022AAE60E2A7FF45EAE1F
:10A1D0000E297FF45BAEDFF888C0E0211B4AC0B2D5
:10A1E000DCF800404FEA134C11701A0E6546002C43
:10A1F0003FF496AE590C0CF07F0C019201F47E51A5
:10A20000009041EA0C01A1F50051A047DDE90002F0
:10A2100086E60093FFF758FB009BC3F30740FFF768
:10A2200053FB009B180EFFF74FFB2FE6094B1B68F3
:10A23000002B3FF47BAE0848984777E6E4D3002034
:10A24000FCD300200CD40020D8D300202C4A0120BD
:10A25000ECD3002010D4002028D40020DCD3002030
:10A26000F4D3002070B5164D4FF0E02415494FF49B
:10A270000032154E05EB401582B001EB4021C4F8C9
:10A280008C210346328828460191FEF717FF019979
:10A2900033880B44BFF34F8FC4F85C1F20318B42CF
:10A2A000FAD8BFF34F8FBFF36F8F03202946FEF715
:10A2B00033FF4FF40033C4F80C3102B070BD00BF5F
:10A2C00060680020A0DB2620E2490120264B1A8886
:10A2D0004368C3F30E43D21A002AF0B5C46983B0B1
:10A2E00028DD2248224D01782D78CBB2DFF894C0CA
:10A2F000A942204D09D01CF803100F4635F8111063
:10A300000E46C1F500718A421AD90133002125F8A1
:10A310001420082B184D88BF0B4625F8141098BF41
:10A3200019460CF80340154B017019680A441A606D
:10A3300003B0F0BD204603B0BDE8F040FFF792BF88
:10A340000F4906EB47200192084401EB4421FDF739
:10A350008BFD019A09492046B31825F817300B6880
:10A3600013440B60E7E700BFE24901200D4A0120DA
:10A370000F4A012044CA002060CA002034CA0020CD
:10A38000A0DB262078CA0020224B1A78002A3FD171
:10A3900002F0FF03204A1278002A39D01F4A12889F
:10A3A000002A35D01E49C2F5006210B5087884B085
:10A3B0001C4901EB40141C4901EBC0212046CDE9AA
:10A3C00002230191FEF77AFEDDE901120A44BFF390
:10A3D0004F8F4FF0E020039BC0F8701F20318A425E
:10A3E000FAD80193BFF34F8FBFF36F8F032021463D
:10A3F000FEF77CFE0A480021084B027819800132E2
:10A40000019BD2B2032A98BF1346037004B010BD5B
:10A41000704700BF204A0120264A0120E64901205A
:10A420001E4A0120206A0020A0EB26202DE9F04FD3
:10A4300087B00490002900F0BF8000235F4C604F7C
:10A440004FF00109DFF890A15E4E029303915E4B3D
:10A450005E4A1D783B8802EB451284F80090019219
:10A46000002B40F0A58098461D469B460198FEF7BC
:10A4700063FE10F0800000F08B80BFF34F8F9AF8DE
:10A48000003084F800B00DB9D6F80080002B7BD1E5
:10A490003368A3EB0803782B00F283804C4B1B78C6
:10A4A000002B71D000F094FA3B88012584F80090CD
:10A4B000002BDBD044491A46C3F500600D780399A0
:10A4C00000EBC520DFF814B19142584417D2059330
:10A4D000DDE903210192FDF7C7FC019A4FF04041ED
:10A4E000059B9B1A3B803B4BC3F88410BFF34F8FF7
:10A4F000029800231044237007B0BDE8F08F049940
:10A50000FDF7B2FC00230BEBC5214FF4006201986C
:10A51000FEF7D4FD0BEBC521BFF34F8F01F12002F5
:10A5200001F50063934294BF012340234FF0E022E2
:10A5300001EB4313C2F8701F20318B42FAD1BFF3F5
:10A540004F8FBFF36F8F03200199FEF7CFFD1E4A97
:10A5500013780133DBB2042B28BF002313703B8830
:10A56000039AD11A029A1A4403910292049A1A4445
:10A5700000230492174A3B80C2F88430BFF34F8F08
:10A58000237000297FF463AF029807B0BDE8F08F15
:10A590004FF400620C4B8AF800001D7813463A8095
:10A5A0008DE7012302988AF8003007B0BDE8F08FEC
:10A5B0001A46C3F5006082E70846E6E7204A012014
:10A5C000E6490120D0D200201E4A0120206A002046
:10A5D000264A012000002E401A4A0120A0EB262026
:10A5E000704700BF2D4B002180222D4870B51B788D
:10A5F00000242C4E8B420CBF40234FF400732A4D95
:10A6000033802B8006F066FC284A2146284B1470C4
:10A610004FF4807227481C8006F05CFC264A10210B
:10A62000264B0220C2E90044C2E90244244AC3E99D
:10A6300000441470234AC3E90244234B1C70234690
:10A6400014602246FEF798FC204B224631880320F6
:10A65000FEF760FC2346012229880320FEF78CFCCC
:10A6600020460134FFF7FEFD082CF9D1184B0021DC
:10A670004A221848184C0460C3F88410C3F880209C
:10A68000D3F84821154942F08072C3F8482121B11E
:10A69000134A137843F00103137070BD274A012059
:10A6A000206A0020E2490120EA4901201E4A0120D7
:10A6B000E64901206068002044CA002060CA0020EA
:10A6C0000D4A012034CA00200F4A0120A16D01006B
:10A6D00000002E404CD500205D6E010000000000FF
:10A6E0002E4A01202DE9F84F4FF400324FF0E023BD
:10A6F000C3F88C212B4B1C78002950D082468B4606
:10A70000E4B20027DFF8B490274B5046274AABEB62
:10A7100007081B78A34204F1010437D0092C244B0D
:10A72000244928BF00241E5D39F8163031F8165030
:10A7300003EB4621ED1A1144A8452A4617D21E4CB8
:10A7400042465046FDF790FB236839F816105846EC
:10A75000A3EB0B0388443B4429F8168023604FF099
:10A76000E0234FF40032C3F80C21BDE8F88FFDF769
:10A770007BFB114A2F4430461368AA445B1B1360CD
:10A78000084A1470FFF76EFDBB45BDD84FF0E023BB
:10A790004FF400323846C3F80C21BDE8F88F084664
:10A7A000DDE700BF0F4A01200D4A0120A0DB262073
:10A7B00078CA002044CA002034CA002060CA0020A1
:10A7C0000B4B0C4A12781978D3B28A420DD0013360
:10A7D00009480A4A092B0A4928BF0023C35C31F8FB
:10A7E000131002EB4323585C70474FF0FF30704763
:10A7F0000D4A01200F4A012078CA0020A0DB262044
:10A8000060CA0020054B186800B1704700B583B0DE
:10A81000019000F0DDF8019803B000BD34CA0020BB
:10A820002DE9F84F144E154D33782A78934220D0F5
:10A83000DCB2DFF85090DFF850B0DFF85080104FF6
:10A840000134082CA24601D90024A24619F80400BC
:10A85000DBF8003038F8102037F81010521A9B1A25
:10A86000CBF80030FFF7FEFC86F800A02B78A3425F
:10A87000E6D1BDE8F88F00BF0F4A01200D4A012044
:10A8800060CA002078CA002034CA002044CA0020D0
:10A8900000B583B001210DF10700FFF723FF18B1C8
:10A8A0009DF8070003B000BD4FF0FF30FAE700BF8E
:10A8B000084B00B583B01B788DF8070033B1012138
:10A8C0000DF10700FFF7B2FD03B000BD03F0FF007C
:10A8D00003B000BD264A0120034B1B780BB1FFF7E4
:10A8E000A5BD03F0FF007047264A01202DE9F04185
:10A8F00000240D4E01230D4DA0460D4F33703B78C3
:10A900002846A34205D0FEF717FC030658BF08F5FA
:10A91000006801342035042CF1D1BFF34F8F0023A0
:10A9200040463370BDE8F081204A0120206A0020B3
:10A930001E4A0120204B1B7813B1204B1A8802B904
:10A9400070471F4BC2F500621E481F4930B51B7887
:10A9500083B01E4C00EB431001EBC32101230546DD
:10A9600023700023CDE90012FEF7A8FBDDE90012F9
:10A970000A44BFF34F8F4FF0E023C3F8701F20311C
:10A980008A42FAD8BFF34F8FBFF36F8F0320294657
:10A99000FEF7ACFB0A49002208480B78028001331D
:10A9A000DBB2042B28BF13460B70BFF34F8F074B4E
:10A9B0001A7003B030BD00BF264A0120E6490120CD
:10A9C0001E4A0120206A0020A0EB2620204A0120F8
:10A9D0002E4B2DE9F0411E7886B1DFF8C88098F83B
:10A9E00000305BB90123F10788F8003040D4B2078A
:10A9F00027D4002388F80030730701D4BDE8F08124
:10AA0000234B1A68002AF9D0EFF30582002AF5D10A
:10AA1000EFF3108572B61868002830D01D4C2178ED
:10AA200000292CD10122227042691A60002A2AD002
:10AA3000916105B962B6002583684577984725700E
:10AA4000DCE7154B1B78002BD3D0144F002557F8AB
:10AA5000044F236820461B69984710B163699B68BF
:10AA600098470D4B01351A78EBB29A42EFD8C0E700
:10AA7000FFF7C8FE0028BAD0AFF30080B7E7002D7B
:10AA8000BCD162B6BAE7064B1A60D2E72E4A012063
:10AA9000C86D0020F3490120F44901201C67002003
:10AAA000D46D0020F549012070B5EFF3108272B625
:10AAB0000C4C206880B10C4E00254369236073B1B3
:10AAC0009D6102B962B6836845779847EFF31082BB
:10AAD00072B620680028F0D102B962B670BD33604A
:10AAE000EFE700BFD06D0020CC6D0020FFF7DCBF8A
:10AAF0000449054A4968054B19601368013313601E
:10AB0000704700BF001000E0D0D20020CCD200205F
:10AB100070B5960838D001F1100400F108033546ED
:10AB20009FED227A33F908EC013D03F1080304F1AB
:10AB3000100407EE90EAF8EEE77A67EE877A44EDC4
:10AB4000087A33F90EEC07EE90EAF8EEE77A67EE52
:10AB5000877A44ED077A33F90CEC07EE90EAF8EEC9
:10AB6000E77A67EE877A44ED067A33F90AEC07EE66
:10AB700090EAF8EEE77A67EE877A44ED057AD1D16C
:10AB800001EB061100EBC60012F003020DD09FEDA1
:10AB9000077A30F9023B013A07EE903AF8EEE77A8D
:10ABA00067EE877AE1EC017AF3D170BD00000038DE
:10ABB00003460846194605F00FBF00BF004870471E
:10ABC000B827002010B5034B0360044600F03AF9A3
:10ABD000204610BD542D002010B5054B03600446DF
:10ABE00000F030F92046FDF7DDF9204610BD00BF2A
:10ABF000542D002008B5042000F084F8024B034ACD
:10AC00000349036000F0A8F9542D00209976010053
:10AC1000142A002022494A6830B5A0F108044AB33A
:10AC200050F8083C04EB030E72451D4622D85368C9
:10AC300027D001F1040C33B92DE0596802F1040C5E
:10AC40001A4651B10B469E45F7D822D15368196870
:10AC50005B685360DCF800300D441A6899188C4228
:10AC60000CD05B6840F8043CDCF8003040F8085C2D
:10AC70005C6030BD40F8042C4C6030BD2A441A6042
:10AC800030BD126840F8043C2A4440F8082C4C605F
:10AC900030BD1346E1E7134601F1040CDDE700BFC8
:10ACA000586B0020164910F1090F98BF00F10F02F0
:10ACB000486894BF22F007020822043118B970478F
:10ACC000011D4068B0B103689342F9D30868036876
:10ACD000A3EB020CBCF1070F00B5D0F804E00AD9D1
:10ACE0008318C3F804E040F802C0086802600B60F3
:10ACF000083000BD7047036073460B60083000BD2C
:10AD0000586B002010B500F18004803005F02CF85D
:10AD1000034630B180220021184606F0DBF880306F
:10AD200010BD2046FFF7BEFF03460028F2D100F019
:10AD3000A3F800BF064BD3E902238038134498429E
:10AD400003D2824201D2FFF765BF05F015B800BFFC
:10AD5000586B002070B5364D36488AB00024C5E9DE
:10AD60000144EC6004F09AFF334B344A0821CDE9EA
:10AD70000534049104230921CDE907120993A0B1F8
:10AD8000044623782E483A2B08BF01340F2221466F
:10AD900005F0CCFF10B9E37B2E2B16D020463A21CC
:10ADA00006F0DCF804460028EBD1099A069C402AFC
:10ADB000A8BF4022002C08BF06243E3402FB04F446
:10ADC000A400EC60ACB90AB070BD103404AB1E68CE
:10ADD000214632462EB15868019305F0A7FF019B2A
:10ADE00010B9A25D3D2A0ED00C330AAA9342EED1CF
:10ADF000D4E7204604F0B8FFA860B0B10023C0E952
:10AE000000436860DFE7701C2044002203A901931F
:10AE100005F08AFD039C019B22783A2A01D0002A82
:10AE2000BCD10028A8BF9860B8E7E860CBE700BFB6
:10AE3000586B0020CC270020E0270020EC270020C2
:10AE4000F8270020704700BF704700BF00487047D8
:10AE50000828002000B583B004210190FDF7A6F872
:10AE6000019803B000BD00BF08B58047FDF742FB65
:10AE700000F0ECF9FDF73EFB08B5034B1868BFF393
:10AE80005B8FFFF7F1FF00BFC043002008B580478C
:10AE9000FFF7F2FF08B5034B1868BFF35B8FFFF7AE
:10AEA000F5FF00BFC4430020024B1868BFF35B8F5F
:10AEB000704700BFC0430020024B1868BFF35B8F90
:10AEC000704700BFC443002000B5012883B01CD8E0
:10AED000BFF35B8FA1F1280353E8002F013A43E849
:10AEE00000200028F8D1BFF35B8F62B951F81C3CF9
:10AEF00001F1580013B101909847019803B05DF833
:10AF000004EBFFF717BF03B000BD51F8140CFFF7B7
:10AF1000ABFF00BF002310B540E91E1240F8803C93
:10AF20000446FFF7C9FF44F8700CFFF7BDFF07495F
:10AF3000074A084B44F8581C44F8542C44F86C0C4D
:10AF400044F8503CA4F1800010BD00BF474E55436B
:10AF5000432B2B009D79010070B504460D46164623
:10AF600000F002FA43680133324643602946204626
:10AF7000FFF7D0FF0446012344F8283B204604F0A5
:10AF800015FC204600F062F9FFF776FF10B500F0DF
:10AF9000EBF9D0E90042013242606CB194F8202014
:10AFA000472A0BD00022026004F1200004F01EFCAE
:10AFB00004F1200000F04AF9FFF75EFF94F8212029
:10AFC0004E2AEFD194F82220552AEBD194F8232071
:10AFD000432AE7D194F82420432AE3D194F825208A
:10AFE0002B2ADFD194F826202B2ADBD194F82720B6
:10AFF000012AD7D8626952426261D5E710B5034B86
:10B000000360044600F0C2F8204610BD142D002055
:10B0100010B5054B0360044600F0B8F820460C213B
:10B02000FCF7C4FF204610BD142D002070B582B07F
:10B030000546069C94420E460BD0A868D0F800C086
:10B040000694DCF820403146A44602B0BDE87040CA
:10B05000604719460192009300F062F8DDE9003282
:10B060000028EAD0062002B070BD00BF2DE9F043F1
:10B0700083B00F46194601920093DDE90A48DDE9E5
:10B080000C65814600F04CF8DDE9003278B9B44235
:10B0900020D0D9F8080039460768CDE90C65CDE91C
:10B0A0000A48FC69A44603B0BDE8F0436047002F9E
:10B0B0002C602A7109DB3C44A64214BF01240624FB
:10B0C000AC71002003B0BDE8F0830237F9D1012351
:10B0D000AB71F6E741464846CDE9002300F020F881
:10B0E000DDE900230028D4D06A71EAE72DE9F041B8
:10B0F00007460E4615461C4600F082F850B9B8685F
:10B100000168D1F818E023462A463146F446BDE8E6
:10B11000F0416047BDE8F081704700BF00207047F4
:10B12000814211D008B5406803782A2B0AD04968BB
:10B130000B782A2B08BF013106F048F9B0FA80F0ED
:10B14000400908BD002008BD0120704770B50368A4
:10B1500084B000249E690394102315460293CDE920
:10B1600000446B461268B0479DF8043003F00603B4
:10B17000062B03BF009B2B600120204604B070BD4E
:10B18000009890420CBF06200120704710B5034B79
:10B1900003600446FFF7C0FF204610BDE82C0020E6
:10B1A00010B5054B03600446FFF7B6FF20460821A3
:10B1B000FCF7FCFE204610BDE82C002030B583B023
:10B1C00015460899069A8A4204460DD0194620462B
:10B1D000FFF7A6FF28B1099A06991160012315719E
:10B1E0009371002003B030BD07990193FFF798FFDA
:10B1F000019B0028EAD0099B00205D7103B030BD9F
:10B2000010B582B014460193FFF78AFF019B20B16D
:10B21000082106221C60D9601A7102B010BD00BF5F
:10B220002DE9F041074616461D460C46FFF778FF0C
:10B2300048B9032D07D823683246394620465B6952
:10B24000BDE8F0411847BDE8F08100BF10B50446E5
:10B2500082B000F089F82246036812F820194729C5
:10B2600005D0002B34D10260184602B010BD6178C1
:10B270004E29F6D1A1785529F3D1E1784329F0D1AF
:10B2800021794329EDD161792B29EAD1A1792B29A3
:10B29000E7D1E1790129E4D854F80C1C002914DB2A
:10B2A000013144F80C1C416801394160934218BFD8
:10B2B00044F8103C636A18BF02602046019303F013
:10B2C00089FE019B184602B010BDC1F10101E8E7FB
:10B2D000FFF7D2FD08B500F043F803687BB393F89D
:10B2E0002020472A07D00022026003F12000BDE899
:10B2F000084003F071BE93F821204E2AF3D193F851
:10B300002220552AEFD193F82320432AEBD193F83A
:10B310002420432AE7D193F825202B2AE3D193F860
:10B3200026202B2ADFD193F82720012ADBD85A695F
:10B33000002A05DB013A08D0511C0ED05A6108BD25
:10B340000132FBD119690160F8E71A69026003F163
:10B350002000BDE8084003F03FBEFFF78DFD00BFB1
:10B3600000487047746D002000487047746D0020DD
:10B37000502870B51D461ED000F00F0384460E46BF
:10B380000C2B55D8DFE803F0074426071E5454540D
:10B39000542A22071E00104650F8043B4BB10CF013
:10B3A0007001102918BF324613441CF0800F18BFDB
:10B3B0001B682B6070BDD01C20F0030050F8043BCC
:10B3C0002B6070BD104650F8083BE7E7104630F997
:10B3D000023BE3E7104630F8023BDFE7002310466C
:10B3E000194610F8014B04F07F0E0EFA01FE14F01E
:10B3F000800F43EA0E0301F10701F2D11F29CDD8D6
:10B400006406CBD54FF0FF3404FA01F10B43C6E7D5
:10B4100000231046194610F8014B04F07F0E0EFA77
:10B4200001FE240643EA0E0301F10701F3D4B5E758
:10B43000FDF760F8FF281FD008B500F07003302B2F
:10B4400015D006D8202B0BD1BDE80840084604F0E3
:10B45000D6BB402B07D1BDE80840084604F0BCBB72
:10B4600003D8002008BD502BFBD0FDF743F8BDE802
:10B470000840084604F0C0BB0020704730B50346C2
:10B4800083B00D46144618B1019004F0A5FB019B52
:10B4900020602A4612F8015BFF2D2ED16060104615
:10B4A00010F8013BFF2B39D010234FF0000C23750F
:10B4B000624610F8011B01F07F03934009064CEA35
:10B4C000030C02F10702F4D400EB0C03E36010F864
:10B4D000013B63754FF0000C624610F8011B01F050
:10B4E0007F0393404CEA030C0B0602F10702F4D4ED
:10B4F00000EB0C03236103B030BD194628460192CE
:10B50000FFF798FF019A0146231D2846FFF730FFF9
:10B510000246104610F8013BFF2BC5D123750023CE
:10B52000D4E700BF2DE9F04F00F0030397B00024EB
:10B53000012B02940C948946904600F0A680022BC1
:10B540000AD14146484604F02FFB002840F0928083
:10B55000082017B0BDE8F08F002B40F01F8210F0DC
:10B560000804EED110AB01250393039B0093002345
:10B570000C2219464046CDF8409003F059FD404654
:10B5800004F030FB05900028DBD044EA0503049367
:10B59000029B039A05998DF8543040460023CDE96B
:10B5A0001333FFF76BFF9DF8543002930446414676
:10B5B0001846139BDDF850A00693FFF73BFF0FAF33
:10B5C00000230790194600970F22404603F00AFD1A
:10B5D00054450F9B37D223F001039DF85550DDF8F9
:10B5E00040B05E1E00212846FFF724FF2246014698
:10B5F0000DAB2846FFF7BCFE002104462846FFF7A6
:10B6000019FF224601460EAB2846FFF7B1FE002186
:10B6100004462846FFF70EFF224601463B462846D1
:10B62000FFF7A6FE04460020024614F8011B01F0B5
:10B630007F03934018430B0602F10702F5D40D9BDC
:10B640005B44B3421AD9049BDC0725D500252E465E
:10B6500000231946009740460D220C9C03F0C2FCC3
:10B66000059BC9E90B360F9BC9F82030C9E909458C
:10B6700006206EE7092017B0BDE8F08F0E9A13443C
:10B68000B3425BD85445ADD3DDE710F008040AD0CF
:10B6900010AB0393022568E7049B180700F17C8137
:10B6A000484600F066FA10AB0D6A03930093029BC4
:10B6B0000D221946404603F095FC109B9D42E9D1AE
:10B6C000039B0093029BCDF840900C221946404604
:10B6D00003F0AEFCD9F83060002EE1D0D9E90A536E
:10B6E0000FAF0593002DC0F21281032400231A46E8
:10B6F000194600974046CDF83C9003F099FC002392
:10B7000019460122009740460F9503F091FC002353
:10B7100019460F220097404603F064FC0F9A0097E9
:10B7200002F00102002332430F9240460F221946D5
:10B7300003F07EFC022C6ED007200AE70F9E002E3D
:10B740003FF4FFAE119A1644002800F01581002E38
:10B750003FF4F7AE049B013813F008030AEB000432
:10B760000A9300F00D818E4BC9F800308D4BC9F85B
:10B770000430029B089603F007030B934B464FF0EF
:10B78000000AB9464FF0010BCDF824801F46002572
:10B790002A4614F8011B01F07F039340080645EA8E
:10B7A000030502F10702F4D41F2A08D80BFA02F3AA
:10B7B0005B4211F0400F43EA050318BF1D46002607
:10B7C0002046324610F8011B01F07F0393401E43D0
:10B7D0000B0602F10702F5D41F2A40D84B063ED5CE
:10B7E0000BFA02F35B421E43002D75D0049B022B23
:10B7F0000FD0002D39DC069A6FF040435B1B02EB43
:10B80000830817B10A9A002A6AD0D8F80030BBB171
:10B810002EB13444BBE7484600F024F98CE73B46A0
:10B82000089EDDF824804F469946BAF1000F3FF498
:10B8300088AE049BDD073FF584AE0025022455E762
:10B840003B464F469946049B089EDDF82480DA0764
:10B850003FF5FEAE002D3FF448AFFFF71BFB85B16F
:10B86000049B022BD4D0002DC5DD029BFF2B76D08C
:10B870000B9A042A00F29280DFE802F008902A086E
:10B8800026004FF0010A002EC3D1C8E7069BA3EBA8
:10B890008502079902984B46FFF76AFD0F9941B15F
:10B8A000002FB5D00CAB0022384600F083F80028FA
:10B8B000AED03B464F469946049B089EDDF8248057
:10B8C000D9073FF5C5AE10E7069BA3EBC502E0E73D
:10B8D000069BA3EB4502DCE74FF0010A344456E730
:10B8E000069A52F8231000293BD00C9B0F9303E0DB
:10B8F00058F8041F002934D041444B4600223846F2
:10B9000000F058F80028F3D0002E82D187E7069B7C
:10B91000039A059913934046029B8DF85430FFF724
:10B92000ADFD9DF85400DDF84CA04146FFF782FDC7
:10B930006FF040435B1B0AEB83045AF8233033B1AA
:10B940002246002352F8041F01330029FAD1C9E925
:10B950000A300423C9F83440C9F83030C5E6069AE5
:10B9600097E73B464F469946049B089EDDF82480A6
:10B97000DB073FF56DAEB5E6002E7FF45AAFE0E58C
:10B9800099F80730012B0CBF59F8203C09F15803F6
:10B990000C93EEE6FFF75AFCFFF76EFAFCF7AAFDF0
:10B9A000474E5543464F52001EB400F08DF81EBC62
:10B9B00003F00CFFF0B50278472A83B00C461F460F
:10B9C00019D0264E0020336801909B683046984776
:10B9D00078B1019B1B6801930225236831462046FC
:10B9E0001E6901AA0123B04738BB0546284603B0AB
:10B9F000F0BD0125F1E743784E2BE2D18378552B3A
:10BA0000DFD1C378432BDCD10379462B1AD0432BEB
:10BA1000D7D143792B2BD4D183792B2BD1D1C37997
:10BA2000012BCED850F8206C4FF0000301930ABFD1
:10BA30003046583056F8786CC5E7019B3B60284685
:10BA400003B0F0BD43794F2BBBD18379522BB8D1D2
:10BA5000C0790028B5D1024EB5E700BFF429002017
:10BA6000E029002010B50446FFF77EFC234613F8BA
:10BA70002029472A04D0826822BB8360012010BDA0
:10BA800062784E2AF7D1A278552AF4D1E278432A77
:10BA9000F1D12279432AEED162792B2AEBD1A27916
:10BAA0002B2AE8D1E279012AE5D854F8042C013296
:10BAB000012A44F8042CE1D1826844F8082C836000
:10BAC000012010BDFFF7D8F908B5FFF74DFC8368DA
:10BAD0007BB393F82020472A04D00022826003F130
:10BAE000200008BD93F821204E2AF6D193F8222099
:10BAF000552AF2D193F82320432AEED193F824203B
:10BB0000432AEAD193F825202B2AE6D193F8262060
:10BB10002B2AE2D193F82720012ADED8DA69013AEC
:10BB2000DA61002ADBD1996981609A6103F1200012
:10BB300008BDFFF7A1F900BF0378472B17D1437861
:10BB40004E2B14D18378552B11D1C378432B0ED1B2
:10BB50000379432B0BD143792B2B08D183792B2BE2
:10BB600005D1C07901288CBF00200120704700203A
:10BB7000704708B550B10446FFF768FB2046FFF751
:10BB8000DBFF18B154F8140CFFF76EF9FFF774F9E6
:10BB90002DE9F04F83B00246FFF7CEFF38B152E9EE
:10BBA0000674D2E90C69D2F828A0002505E0044605
:10BBB000074601258146064682461046FFF746FBAA
:10BBC0000DB1FFF767F93846FFF760F9FFF73EFB65
:10BBD0000DB1FFF751F9FFF7C3FBD0F8008098F8DB
:10BBE0002730012B0CBFD8F8003008F17803009300
:10BBF0004FEA960B0027BA451DDD07FB0BF309EB57
:10BC0000830259F8236006B116446B460022314680
:10BC100008F12000FFF7CEFE08B1FFF7B7F933684F
:10BC200001900E49304601AA1E690123B0472843FE
:10BC3000C5B20137DFE745B10420FFF763F8084BD1
:10BC4000084A06490360FFF787F92046FFF70CF919
:10BC5000FFF740FBFFF73EFBFFF7A6FE082A002098
:10BC6000402D00201D79010090F8A32090F8A2003B
:10BC7000101A704790F8A23090F8A3209A4205D984
:10BC80005A1C034480F8A220987E70474FF0FF3082
:10BC9000704700BF90F8A23090F8A3209A4202D9D2
:10BCA0001844807E70474FF0FF307047704700BFE8
:10BCB00090F83021034612B990F831212AB193F857
:10BCC0002F21882A03D901225A600020704702F1EF
:10BCD000010C1A44012083F82FC182F8A510704787
:10BCE00090F83031944623B990F831210AB91046C2
:10BCF000704700B590F82FE183B0CEF189029445EA
:10BD000011D862460346A530009270440193FCF7B7
:10BD1000ABF8019B009A93F82F111046114483F859
:10BD20002F1103B000BD01234360EBE72DE9F04F75
:10BD300043698046007E152598F8192083B003EBEF
:10BD400000103B4903EB0212007A92F8282001EB25
:10BD500000140001D4F80CA00F5801EB0210D4F825
:10BD600004901201C46851F802E0C9F80050C7F805
:10BD700084A07A68D0F804B042EA0A022D487A60BA
:10BD8000CBF80050CEF88440DEF804202A4D224340
:10BD9000CEF80420294A46682968A2FB0121890CB3
:10BDA00001EB810149004268921B9142FBD84FF0A0
:10BDB000090C204A214E0193BB6813EA0A0F03D0F5
:10BDC000DEF8083023422FD1CEF8884050682B6827
:10BDD000A6FB0331890C01EB810153681B1A9942C0
:10BDE000FBD8CEF8844050682B68A6FB0331890C41
:10BDF00001EB810153681B1A9942FBD8BCF1010C7D
:10BE0000DAD1019B604698F8182003EB0212D26841
:10BE1000C9F8002098F8192003EB0213DB6ACBF86D
:10BE2000003003B0BDE8F08F019B0120EBE700BFBD
:10BE3000602F0020001000E0EC3F002083DE1B4359
:10BE400010490269D1F800C006E0DB0108D40B6894
:10BE5000A3EB0C03102B08D8536913F0007FF4D127
:10BE60004FF4FE4301205361704700B583B0019247
:10BE7000FFF75CFF019A18B14FF4FE4301205361B4
:10BE800003B000BDD0D200202DE9F04790F82F91EB
:10BE9000B9F1000F5BD082460F46D0F81080FFF753
:10BEA000CFFF002853D03A4D00242E6819E0D8F86F
:10BEB000143019054ED4DA0453D4580559D49904D2
:10BEC0003BD42A68921B322A37D84C4507D9D8F878
:10BED0005C20520703D19B0557D4002F55D0FEF7A5
:10BEE00077FD4C45E3D8D8F85C305807DFD403F031
:10BEF00007034CB99AF8A5200133012442F480626B
:10BF0000042BC8F86020D2D0A14504F101020DD95C
:10BF10000AEB040101331446042B91F8A520C8F85C
:10BF20006020C4D0A14504F10102F1D81FB14FF443
:10BF30000073C8F860301446B9E7D8F810304FF4F1
:10BF4000007243F44073C8F81030C8F86020042031
:10BF5000BDE8F087D8F8103043F44073C8F81030CB
:10BF6000F5E7D8F81030052043F44073C8F81030D6
:10BF7000EEE7D8F810304FF40072022043F440731B
:10BF8000C8F81030C8F86020E2E70020E0E700BF02
:10BF9000D0D200202DE9F04F83B004460D4616465E
:10BFA0009946D0F810B0FFF74BFF002800F0A780AB
:10BFB000012E4FF000024FEA4505544F38BF0126CD
:10BFC0009246EDB2D7F80080731EBAF1020FA4F8C2
:10BFD000A22043F48073019357D994F8A330872BA0
:10BFE00021D9DBF8141008053AD411F4105F70D190
:10BFF0003B68A3EB0803322B6BD894F8A330B34211
:10C000003ED3BAF1020F3BD9DBF85C305A0704D1BA
:10C010008B052BD4B9F1000F28D0FEF7D9FC94F88A
:10C02000A330872BDDD8DBF85C1011F4E02FC1F3CF
:10C03000024CD6D09C4404F119015FFA8CFC1944DF
:10C040000133DBF87000DBB2634584F8A33001F8FC
:10C05000010FC6D0882BF3D1DBF814100805C4D526
:10C06000DBF8103043F44073CBF81030DBF85C3071
:10C0700013F4E02F3CD194F8A30003B0BDE8F08F97
:10C08000FEF7A6FCBAF1020FA7D8DBF85C00430765
:10C09000A3D45146BAF1000F0BD140F201432B4318
:10C0A000CBF8603000F00703013153445B1A032BD7
:10C0B00029D8012909D0B9F1000F03D04FF400733A
:10C0C000CBF860304FF0030A87E7019BCBF8603074
:10C0D000E8E7DBF810304FF4007243F44073CBF81C
:10C0E0001030CBF86020DBF85C3013F4E02FC2D0C6
:10C0F000DBF8103043F40073CBF81030BBE70420BA
:10C1000003B0BDE8F08F8A4667E700BFD0D20020B9
:10C1100001690346D1F8142110B512F4706E84B091
:10C1200002F0020002F0010C26D178B3D1F870E1E0
:10C130001EF4004F40D00020012483F8A2001844D0
:10C1400083F8A34080F81AE0BCF1000F21D112F46B
:10C15000407F0FD093F8A30028B1D3F83C2112B14F
:10C1600000939047009B0022A3F8A220A3F82E2161
:10C1700083F8302104B010BDC1F814E10028E3D0E9
:10C18000D1F870E11EF4004FD5D115E0BCF1000FDD
:10C19000F0D093F83001A8B193F82E0193F82FC195
:10C1A000844527D900F1010C184483F82EC190F87A
:10C1B000A500C1F86001CAE793F8A3008728C3D897
:10C1C000441CBCE7D3F8384144B1CDE90203CDE9C2
:10C1D0000012A047DDE90203DDE900124FF0000C78
:10C1E00083F82EC14FF0010C83F830C193F82FC1B2
:10C1F0008445D7D80020C1F86001A8E70148FFF7BF
:10C2000087BF00BF004000200148FFF781BF00BF8B
:10C21000404100200148FFF77BBF00BF8042002063
:10C22000DFF870C00022036961451A6116D8DFF893
:10C2300068C0012012494FF43032C3F848C0586238
:10C240009962DA62D3F848C000204FF00111012250
:10C25000C3F850C0186299651A6170470948814255
:10C2600009D9DFF838C008480849C3F848C05A62FD
:10C270009862D962E6E7DFF828C00548F4E700BF16
:10C28000B80B05053F420F0060090101007F050062
:10C29000100E02027F1A06003B3728190A0907040C
:10C2A0001C1A120C30B504468E460068114640F246
:10C2B0000122026123B31D46BEF1000F21D0724658
:10C2C00012F801CB9646013DC0F864C0026F920798
:10C2D00007D48C46013B426F19B10CF8012B614623
:10C2E00020684269D207F1D5002DE5D143B1026F34
:10C2F0009207FCD4426F09B101F8012B013B03D135
:10C3000030BD94F83CC0DEE72068026F9207EED49F
:10C31000F0E700BF43682DE9F04FD3E90041814DBC
:10C320004FF0B80922684FF00F0B22EA01027E4954
:10C330002260AA6911407D4A0A43AA6190F810E080
:10C340007B4A03EB0E0603EB8E0E317C02EB0111F0
:10C350008968C1F8009090F811C003EB0C0503EB5D
:10C360008C0C95F8201002EB01118968C1F800903F
:10C37000817C03EB010803EB810198F830A002EB0C
:10C380000A1ADAF808A0CAF80090D4F800905F689A
:10C3900049EA0709C4F80090347CDEF814E002EBA7
:10C3A00004146468C4F800E095F82040DCF824C068
:10C3B00002EB04146468C4F800C098F83040496B7C
:10C3C00002EB041252681160DA6B98F838101160B1
:10C3D000DA69317EDB6A116095F828201A60022242
:10C3E00003681A61C3F858B0C27C002A32D072B612
:10C3F000C37CDD0708D54FF0E0214469D1F88021E6
:10C4000022408262C1F880219C0708D54FF0E021CC
:10C410008469D1F884212240C262C1F8842159077D
:10C4200008D54FF0E021C469D1F888212240026389
:10C43000C1F888211A0708D54FF0E021046AD1F825
:10C440008C2122404263C1F88C21DF065CD462B6A5
:10C45000C27C0368374D8168A9425FD0314985604D
:10C460008969354CC1F30117C1F38261334E54F829
:10C4700027400131B4FBF1F4B44230D80021C1604F
:10C4800000241C6103245C620724196401211C66DA
:10C49000196112B3D60704D5816A4FF0E023C3F8BF
:10C4A0000011950704D5C16A4FF0E023C3F80411C9
:10C4B000540704D5016B4FF0E023C3F808111107AE
:10C4C00004D5416B4FF0E023C3F80C11D30604D51B
:10C4D000826B4FF0E023C3F81021BDE8F08F1849BC
:10C4E000A1FB0461090DB4FBF1F4AC4288BF01313A
:10C4F000B1F5817F14D20229C0D902394C0804EB6E
:10C50000042441EA0421BAE74FF0E022416AD2F85C
:10C5100090310B408363C2F8903198E7C168AFE770
:10C520000849ACE700C00F40CFFFFFE31000000850
:10C53000602F002000093D00C02D0020FF083D00B5
:10C5400083DE1B43FF7F7F000BB1FFF7ABBE70475D
:10C550000023114A1149438680F834300370A3F553
:10C560007E03C0F81A20A3F57F430D4ADFF834C0DC
:10C57000C0F8161041F6FF71C0F82220FF22C0F863
:10C5800026304CF21103C0F81EC00182C0F82A20E8
:10C59000C0F82E30704700BF10200101281401019F
:10C5A000FF0F0F0010200110C80B7047114101F060
:10C5B0000100704770B50E461D461146C3687200F3
:10C5C000044683F8A52040F20112A3F82F21C06889
:10C5D00003681B6898470021E068FFF755FC0123BA
:10C5E0003146E0681A46FFF7D5FC00230E4A2B704F
:10C5F000E06803685B6993420ED190F8A23090F82E
:10C60000A3209A420DD95A1C034480F8A22028780E
:10C610009B7E1843287070BD98472B78184328706C
:10C6200070BDFF20F6E700BF4987010090F800C009
:10C63000BCF1000F23D0034610B5002484B003E002
:10C640000134E2B2944517D913F8012F8A42F7D189
:10C6500000220DF10F0301908DF80F205D22FFF7EE
:10C66000A9FF01989DF80F302044807CC01AB0FAD1
:10C6700080F0400904B010BD002004B010BD604639
:10C68000704700BF38B504461D46C36848001146D0
:10C6900040F2011283F8A500A3F82F21E068026898
:10C6A00012689047E068294603681B689847E0686D
:10C6B0000121BDE83840FFF7E7BB00BF10B50446D5
:10C6C000007884B0E0B12246002301E0704517D91C
:10C6D00012F801CF01338C455FFA83FEF6D103AB2C
:10C6E0005E2220460191FFF765FF9DF80C305E2227
:10C6F000019923F03F0320468DF80C30FFF7C2FF6D
:10C7000004B010BD70B5047882B064B31546844699
:10C71000002301E0944226D91CF801EF01338E4535
:10C72000DAB2F7D10C462E46054601AB5E22FFF782
:10C7300041FF00235E2221462846FFF7A3FF5E2229
:10C740009DF8043021462846FFF79CFF9DF804C061
:10C750005E22214666F3871C28465FFA8CF38DF82B
:10C7600004C0FFF78FFF02B070BD00BF2DE9F0419C
:10C77000067896B3984617460346002401E0AE4279
:10C780002BD913F8012F01348A42E5B2F7D1B8450D
:10C7900025D90D46064600F135035E224124FFF7F8
:10C7A00009FF29463046FFF789FF224643462946BE
:10C7B0003046FFF767FF621C02343B462946D2B27F
:10C7C000E4B23046FFF75EFF5B2CEED196F83530D1
:10C7D0005E2229463046FFF755FFBDE8F08143460B
:10C7E000B8461F46D5E700BFF8B503788BB11746AA
:10C7F0000E460446054615F8011F20463B463246C4
:10C80000FFF7B4FFA5EB040C20785FFA8CFC6045C1
:10C81000F1D8F8BD70B504787CB316461D4686463F
:10C820004FF0000C01E0944227D91EF8013F0CF1B3
:10C83000010C8B425FFA8CF2F5D10C46290106F00F
:10C840000702054601F0700100F1350341EA0206D6
:10C850005E222146FFF7AEFE21462846FFF72EFF57
:10C8600033465B2221462846FFF70CFF5E2295F8EF
:10C87000353021462846FFF705FF70BD70B50478B6
:10C8800082B0C4B315468446002301E0944232D9F5
:10C890001CF801EF01338E45DAB2F7D12E4601AB19
:10C8A0005C2205460C46FFF785FE3F2E32469DF87A
:10C8B000041005F1350328BF3F222846012A38BF5E
:10C8C000012262F305015E228DF804102146FFF774
:10C8D00071FE21462846FFF7F1FE5C229DF80430E8
:10C8E00021462846FFF7CEFE5E2295F835302146D8
:10C8F0002846FFF7C7FE02B070BD00BFF0B505784F
:10C9000085B0ADB30346002404E001345FFA84FC33
:10C9100065452DD913F801CF8C45F6D1174603ABE9
:10C920005D2206460D46FFF745FE9DF80C2006F1F8
:10C9300035032946304667F3471234448DF80C20FE
:10C940005E22FFF737FE29463046FFF7B7FE9DF817
:10C950000C305D22294630460193FFF793FE019B80
:10C960005E222946A374304696F83530FFF78AFEDA
:10C9700005B0F0BD70B5047882B08CB3154684461E
:10C98000002301E094422BD91CF801EF01338E45BE
:10C99000DAB2F7D101AB5C220C462E460546FFF712
:10C9A00009FE9DF80420214605F13503284666F36B
:10C9B00087128DF804205E22FFF7FCFD21462846F1
:10C9C000FFF77CFE5C229DF8043021462846FFF7E5
:10C9D00059FE5E2295F8353021462846FFF752FE73
:10C9E00002B070BDF0B5057885B0ADB30346002444
:10C9F00004E001345FFA84FC65452DD913F801CFBA
:10CA00008C45F6D1174603AB5D2206460D46FFF76F
:10CA1000D1FD9DF80C2006F135032946304667F319
:10CA2000C40234448DF80C205E22FFF7C3FD294672
:10CA30003046FFF743FE9DF80C305D222946304614
:10CA40000193FFF71FFE019B5E222946A374304627
:10CA500096F83530FFF716FE05B0F0BDF0B5057855
:10CA600085B0ADB30346002404E001345FFA84FCD2
:10CA700065452DD913F801CF8C45F6D1174603AB88
:10CA80005D2206460D46FFF795FD9DF80C2006F148
:10CA900035032946304667F3020234448DF80C20F2
:10CAA0005E22FFF787FD29463046FFF707FE9DF817
:10CAB0000C305D22294630460193FFF7E3FD019BD0
:10CAC0005E222946A374304696F83530FFF7DAFD2A
:10CAD00005B0F0BD70B5144605460E46FFF7EEFDF5
:10CAE000A378284631462B22FFF7CCFDE378314668
:10CAF00028462C22FFF7C6FD2379314628462D22F1
:10CB0000FFF7C0FD6379314628462E22FFF7BAFDB4
:10CB1000A379314628462F22FFF7B4FDE379314649
:10CB200028463022FFF7AEFD237A314628463122CF
:10CB3000FFF7A8FD637A314628463222FFF7A2FDAF
:10CB4000A37A314628463322FFF79CFDE37A31462B
:10CB500028463422FFF796FD237B314628463522AE
:10CB6000FFF790FD637B314628463622FFF78AFDAA
:10CB7000A37B314628463722FFF784FDE37B31460D
:10CB800028463822FFF77EFD237C3146284639228D
:10CB9000FFF778FD637C314628463A22FFF772FDA5
:10CBA000A37C314628463B22FFF76CFDE37C3146EF
:10CBB00028463C22FFF766FD237D314628463D226C
:10CBC000FFF760FD637D314628463E22FFF75AFDA0
:10CBD000A37D314628463F22FFF754FDE37D3146D1
:10CBE00028464022FFF74EFD237E314628465B2231
:10CBF000FFF748FD637E314628465E22FFF742FD7F
:10CC0000A37E314628467B22FFF73CFDE37E31467A
:10CC100028467C22FFF736FD237F314628467D22B9
:10CC2000FFF730FD637F314628467E22FFF72AFD5D
:10CC3000A37F314628467F22FFF724FD63782278C0
:10CC400031462846BDE87040FFF790BD70B50578C5
:10CC5000E5B10346002403E00134E2B2954215D960
:10CC600013F8012F8A42F7D10546802263230E462E
:10CC70002C44FFF707FD24230120A374FAF7F0FEEC
:10CC800031462846FFF7D2FC044610B9002420465E
:10CC900070BD284605F116023146FFF71BFF2046FE
:10CCA00070BD00BF30B5044683B008461546E1604C
:10CCB00001930AF0B7FA019B8BB92378032B07D8AD
:10CCC000E2180133002123702423557051719374AD
:10CCD0002946204603B0BDE83040FFF7B7BF024900
:10CCE000E068FFF79DFAE8E7801A060070B50E4687
:10CCF0001D461146C3687200044683F8A52040F221
:10CD00000112A3F82F21C06803681B68984700210F
:10CD1000E068FFF7B9F8314601230222E068FFF727
:10CD200039F90023E0681E462B80036810495B69CF
:10CD30008B4217D190F8A23090F8A3C09C4503F124
:10CD4000010C034411D980F8A2C0987E2B88B04012
:10CD50001843288006B170BDE068082603685B6947
:10CD60008B42E7D098470249F0E74FF0FF30EDE7FC
:10CD70004987010000B583B000220DF10603FFF7DB
:10CD8000B5FFBDF8060003B000BD00BF70B5054695
:10CD90001E46C0684B000024114680F8A53040F2C2
:10CDA0000113A0F82F31E86803681B689847E8680A
:10CDB00046FA04F108340368C9B21B689847102C7E
:10CDC000F5D1E8680121BDE87040FFF75DB800BF0C
:10CDD00070B51446027882B06AB38446002304E03A
:10CDE00001335FFA83FE724525D91CF801EF8E45A9
:10CDF000F6D100EB030C0E4605464FF400438CF8C9
:10CE000005400022FFF7C2FF5E2201AB31462846F3
:10CE1000FFF7D0FB5E2223019DF8044031462846EF
:10CE200003F0300324F03F0443F00C0323438DF858
:10CE30000430FFF727FC02B070BD00BFF8B50378DF
:10CE400073B10F4605460646002401343A4616F8EB
:10CE5000011F2846FFF7BCFF2B78E4B2A342F4D8A9
:10CE6000F8BD00BFB0EE407B17EE903A1B4A23F0AE
:10CE7000004393421AD91A4A934202D930EE400B2A
:10CE8000704700B585B0684600F028FD00F003004B
:10CE900001289DED000B9DED021B12D002280AD047
:10CEA00090B9012000F0C2FC05B000BD9FED091B48
:10CEB000002000F0BBBC012000F0B8FCB1EE400B3C
:10CEC000F2E700F01BFCEFE700F018FCB1EE400BBE
:10CED000EAE700BF0000000000000000FB21E93F7E
:10CEE000FFFFEF7F2DE9F0432DED0A8B8BB08DED29
:10CEF000000B0199DDF800E04FEA115C11EE903A69
:10CF00000CF1FF3440F2FD72944211EE100A4FEA28
:10CF1000135500F2CC80C5F30A02A2F2BE347F2C76
:10CF200098BF002000F23381BFEE008BD54AD64B6C
:10CF30008A18C2F3463C03EB4C1493ED006B93ED5F
:10CF4000027B94ED122B94ED183B94ED160B141507
:10CF500005EE104A6FF31302B8EEC55B93ED049B28
:10CF6000A5EE060BA5EE073B93ED08AB93ED105B2A
:10CF700093ED067B93ED0CBB93ED0A6B93ED0E4B9B
:10CF8000BEF100048D1A45EC1C4BACEE028BA8EEF2
:10CF9000054B28EE092B38EE005BA8EE0A7BA8EEC5
:10CFA0000B6B30EE450B30EE080B33EE000B28EE2A
:10CFB000023BA3EE046BB0EE434BA3EE067B98EE70
:10CFC000024B28EE038B30EE046B35EE034B35EE4F
:10CFD000445B35EE035B36EE056BA8EE076B34EE73
:10CFE000062B21EE025B15EE902A6FF47273C2F3EA
:10CFF0000A5C63443E2B00F2FD8034EE424B34EE7B
:10D00000064BA24BB0EE457B93ED028B91EE027B7B
:10D01000A1EE047B93ED003BB0EE480B93ED046B67
:10D02000A5EE030B10EE101A30EE480B93ED062B15
:10D03000A0EE065BB0EE451B93ED0E4BA0EE021B7F
:10D0400037EE017B93ED0C6B27EE072B01F07F028F
:10D05000921802F10F0403EBC202A7EE046B92EDEB
:10D060001C4B03EBC40293ED0A3B93ED085B53F8B2
:10D0700034E05568A7EE035B4018002422EE023B23
:10D0800037EE047B14EB0E02A2EE057B05EB40337A
:10D09000A3EE067BBCF1000F00F0BB8043EC102B2D
:10D0A000A7EE000B0BB0BDEC0A8BBDE8F0830218B5
:10D0B00043EB03046FF00107561EA04644F1FF3412
:10D0C000B7426FF4001676EB0404C0F059811EEBF2
:10D0D0000E0241EB01046FF00107561EA04664F1F9
:10D0E0000004B7426FF4001676EB0404C0F01F8111
:10D0F0000029C5F30A0280F2758140F2FE34A24293
:10D1000040F3F48040F23344A24200F37281A61A45
:10D110004FF0FF38A6F12007C6F1200402940397D0
:10D1200008FA06F408FA07F72743029C28FA04F4E1
:10D13000274308FA06F420EA040423EA07073C43DD
:10D1400040F0D480029C039F03FA04F4F040204393
:10D15000FB40184300F001008004A2F2BE337F2B95
:10D1600021F0004123D8CCF30A0CBCF1000F7FF46E
:10D17000DBAE9FED407B9DED006B26EE077B53EC15
:10D18000172B23F000419646A1F15071CCE604180C
:10D1900043EB03066FF00108671EB1466FF4001CF5
:10D1A00046F1FF36B8457CEB060CC0F02481384BC5
:10D1B000994208BFBEF1000F00F0B68040F2BD33C7
:10D1C0009A42334B4AD9BEF1010F71EB030334BFCE
:10D1D00001220022B5F5006F2CBF002301239A42E3
:10D1E0004FF000000ED10BB0BDEC0A8BBDE8F04350
:10D1F00000F0F4BC002BC0F28280BCF5816F2AD90C
:10D20000002AF0DB0BB0BDEC0A8BBDE8F04300F068
:10D21000EDBCA14280F2A080B7EE004B03F17F513C
:10D2200001F50011104641EC150B27EE057B35EE9C
:10D23000076BB0EEC63BB4EEC43BF1EE10FA29D456
:10D240009FED0E0B26EE000B0BB0BDEC0A8BBDE87C
:10D25000F04300F0FBBC4FF0000CCEE6002272451C
:10D260008B41B7EE000B34BF31EE000B30EE410BBB
:10D2700018E700BF0000000000003043000000007D
:10D2800000001000AB6A19C0200E0020C00400206E
:10D290000000F03FB5EEC06BF1EE10FA01D5BFEE25
:10D2A000004B36EE042B35EE465B34EE423B35EE5A
:10D2B000075B33EE067B37EE057B37EE027B37EEFE
:10D2C000446BB5EE406BF1EE10FA04D1002201F090
:10D2D000004343EC162B9FED715B8DED065B9DEDDE
:10D2E000067B27EE057B8DED087BA9E79DED000B06
:10D2F0000BB0BDEC0A8BBDE8F04300F097BCB7EE75
:10D30000000B35EE000B00283FF4CCAEB1EE400B25
:10D31000C8E61EEB0E0E674B81F400214FF00002B1
:10D32000494172458B4158D3B7EE000BBAE69DEDEB
:10D33000007B002927EE070B6FDB002052EA080272
:10D3400040F09980002BBFF6ADAE0BB0BDEC0A8B60
:10D35000BDE8F04300F052BC03F140419FED516B3A
:10D3600001F57001104641EC100BA7EE000B20EE0A
:10D37000060B0BB0BDEC0A8BBDE8F04300F072BCAD
:10D3800052EA0800C5D01EEB0E0E4B4D4FF00004C4
:10D3900041EB0100744575EB000C01461DD3A84517
:10D3A00008BFA24219D1454A904208BFA645BBD04A
:10D3B000424ADB4391424FEAD37334BF002101213B
:10D3C000994268D09FED390B6CE60018394983F417
:10D3D00000235B41A2429941A6D29DED007B37EE2E
:10D3E000010B5FE6A2F2BE337F2B3FF6E7AE0020D3
:10D3F000BBE60020B1E654EA09028AD0304D002293
:10D40000A94208BF9645E0D019F5001F08BF944215
:10D41000E3D11EEB0E0E4941CAE7C5F30A01A1F2A2
:10D42000FF34342C89D8C1F586614FF0FF34A1F167
:10D430001D0C033104FA0CF604FA01F5C1F1200EBB
:10D44000354324FA0EF635438C4020EA040423EADF
:10D4500005052C437FF471AF20FA01F103FA0EFEAB
:10D4600041EA0E0123FA0CFC41EA0C0111F0010122
:10D470000DD1084662E7002BBFF614AEB7EE006B85
:10D4800086EE007B8DED047B9DED040B0AE601200A
:10D49000B1EE400B52E721EE010B03E60000000065
:10D4A00000001000000000000000007F00000000ED
:10D4B000000000000000F0FF0000E0FF0000E07F3F
:10D4C0000000F03F10B510EE102AC2F30A53B3F576
:10D4D0007D7FB7EEC06A84B01BD226EE067BB3F523
:10D4E000667F6CD326EE072B27EE021B714B93ED64
:10D4F0001A3B93ED185B93ED164BA7EE035BA2EE80
:10D50000046BB0EE460BA5EE010BB7EEC00B04B0FA
:10D5100010BD40F22E418B4259D8664A92ED087BED
:10D5200026EE077BFDEEC77B92ED0A5B17EE903A85
:10D5300003F500031B16990707EE903A54BF1146F6
:10D5400002F17001DC07B8EEE77BA7EE456B26EE33
:10D55000067B1DD403F0030302EBC30291ED185BBD
:10D5600092ED000B91ED1A3B26EE000BB0EE456BF1
:10D5700091ED164BA7EE036B20EE075B27EE057BC4
:10D58000A5EE040BA6EE070BB7EEC00B04B010BD62
:10D5900091ED144B27EE075B91ED126B91ED0E2B85
:10D5A000A7EE046B27EE054B91ED0C0B91ED103BB4
:10D5B000A7EE020BA5EE030BA6EE040BE4E712F0B8
:10D5C000FF4FE3D1B7EEC77B8DED037ADEE7B3F50E
:10D5D000FF6F4CD2C2F38361374B8DED010A03EB31
:10D5E000810C53F82110C2F31603C2F3C25043F466
:10D5F00000038340DCF82000DCF810C003FB01F1DD
:10D60000A3FB00E0E3FB0C0101F100539C0F03F0CE
:10D610004043C91A01F02CF9019A9FED246B04EBE9
:10D62000D27241EC170B900754BF224B234B27EECD
:10D63000067BE10727EE076B1ED41E4901EBC202F1
:10D6400093ED185B93ED1A3B92ED000B93ED164BA7
:10D6500027EE000BB0EE457B20EE065BA6EE037BCB
:10D66000A5EE040B26EE056BA7EE060B8CE704B0C7
:10D67000BDE8104000F030B893ED144B26EE065B89
:10D6800093ED127B93ED0E2BA6EE047B26EE054B5D
:10D6900093ED0C0B93ED103BA6EE020BA5EE030BE6
:10D6A000A7EE040B70E700BFAFF30080182D4454C1
:10D6B000FB21193C681E0020D02D0020D81E002020
:10D6C00010B582B08DED010A044603F039FE9DEDE0
:10D6D000010A046002B010BD70EE407AB4EE400A58
:10D6E00087EEA77AF1EE10FAB0EE470A02D62120B3
:10D6F000FFF7E6BF704700BF0000000010EE903A51
:10D7000023F00043B3F1795F2DED028B2ED2FDEEB5
:10D71000C07B17EE903A002B65D020EE007B9FED8A
:10D72000352B9FED363B9FED374B9FED385B9FEDE3
:10D73000396B9FED3A8BA7EE082BA7EE023BA7EEC5
:10D74000034BA7EE045BA7EE056B26EE076B21EEFD
:10D75000401BB6EE005BA7EE061BB7EE000B97EE84
:10D76000051BBDEC028B30EE410B70479FED212B6A
:10D7700020EE007B9FED213B9FED224B9FED235B35
:10D780009FED246B9FED258B264AA7EE082B934235
:10D79000A2EE073BA3EE074BA4EE075BA5EE076BDB
:10D7A00026EE076BD3D9204A934217D8B7EE005B19
:10D7B0000020A3F5001141EC140B35EE445B21EE83
:10D7C000401BB6EE003BA7EE061B97EE034BBDECED
:10D7D000028B34EE414B35EE440B7047B6EE075BDF
:10D7E000B5EE024BEBE7B7EE000BBDEC028B7047DA
:10D7F000AFF30080C4B1B4BD9EEE213EAD529C801B
:10D800004F7E92BE9015CB19A001FA3E7751C116FA
:10D810006CC156BF4C5555555555A53FD43888BE9B
:10D82000E9FAA8BD3233D33F0000E93F10EE903A49
:10D8300023F00043B3F1795F04D2FDEEC07B17EE15
:10D84000903A5BB320EE007B9FED162B9FED173BCC
:10D850009FED184BA7EE023B9FED185BA3EE074B25
:10D860009FED186BA4EE075BA5EE076B20EE075B40
:10D8700030B99FED164BA7EE064BA4EE050B704793
:10D880009FED144B26EE456BB6EE003BA1EE036B0D
:10D8900096EE071BA5EE041B30EE410B704700BF50
:10D8A000AFF300807CD5CF5A3AD9E53DEB9C2B8A6B
:10D8B000E6E55ABE7DFEB157E31DC73ED561C119ED
:10D8C000A0012ABFA6F810111111813F49555555E5
:10D8D0005555C5BF495555555555C53F2DE9304896
:10D8E000B0EE407B17EE904AA04B24F000419942E5
:10D8F0008AB06ED99E4B99421CD8002C9FED8B6B41
:10D9000040F3F28030EE467BA3F51B23A3F5F063D2
:10D9100099426FD09FED875B37EE456B37EE467BC4
:10D9200037EE457B80ED006B80ED027B01200AB075
:10D93000BDE830888F4B9942054668D98E4B994295
:10D9400051D84FEA215C10EE10BAACF2164CA1EBA4
:10D950000C535A4643EC172B9FED784BBDEEC75B3B
:10D960000AA8B8EEC55B37EE457B27EE047BBDEE1B
:10D97000C76B8DED045BB8EEC66B37EE467B8DED65
:10D98000066B27EE047B8DED087B032130ED027BD7
:10D99000B5EE407BF1EE10FA0B4601F1FF31F5D008
:10D9A000764A0192022200922946624604A800F0BB
:10D9B0006DF9002CBBDA95ED006B95ED027BB1EEB5
:10D9C000466BB1EE477B85ED006B85ED027B4042F7
:10D9D000ADE70022002380ED000BC0E90223002008
:10D9E0000AB0BDE8308830EE407B80ED027B80EDF0
:10D9F000007BF4E79FED535B9FED546B37EE467B66
:10DA000037EE456B37EE467B37EE457B8AE7039171
:10DA100000F0BAF8B6EE007B9FED4E5BA0EE057B02
:10DA2000FDEEC77B9FED436B17EE900A9FED3F4BDA
:10DA30001F28B8EEE75B0399A5EE440B25EE067BA5
:10DA400030EE476B1ADC4E4B421E53F822308B42AD
:10DA500014D085ED006B30EE460B30EE470B002CFA
:10DA600085ED020BBFF663AFB1EE466BB1EE400B36
:10DA700085ED006B85ED020B404258E716EE903ABB
:10DA8000C3F30A53C3EB1153102BE2DDB0EE404B4E
:10DA90009FED2E6B9FED2B3BA5EE464B30EE447B6E
:10DAA000A5EE467B95EE037B34EE476B16EE903A7F
:10DAB000C3F30A53C3EB2153312B04DCB0EE440B08
:10DAC00085ED006BC7E79FED256BB0EE440B9FED36
:10DAD000253BA5EE460B34EE407BA5EE467B95EE4E
:10DAE000037B30EE476BB4E7264B30EE067B994262
:10DAF0000ED09FED105B37EE056B37EE467B37EEB1
:10DB0000057B80ED006B80ED027B4FF0FF300EE770
:10DB10009FED0C5B9FED0D6B37EE067B37EE056BD3
:10DB200037EE467B37EE057BEBE700BF0000405445
:10DB3000FB21F93F3163621A61B4D03D000000005F
:10DB4000000070417370032E8A19A33B0000601A15
:10DB500061B4D03D83C8C96D305FE43F0000002E42
:10DB60008A19A33BC14920259A837B39FB21E93FD0
:10DB70007BD90240FB213941FFFFEF7F7C3500203C
:10DB8000F0310020FB21F93F10EE901A53EC102BDE
:10DB900021F0004343EC102B704700BF10B582B05A
:10DBA0008DED000B044603F0CBFB9DED000B0460F4
:10DBB00002B010BD82B058B1B1EE407B8DED007B5C
:10DBC0009DED007B222020EE070B02B0FFF7E6BFA1
:10DBD000B0EE407BF2E700BF000000009FED010BBC
:10DBE000FFF7E8BF00000000000000109FED010BF0
:10DBF000FFF7E0BF000000000000007082B00028C6
:10DC0000BFEE006BB7EE007B07FE067B8DED007B61
:10DC10009DED000B9FED037B222080EE070B02B0F1
:10DC2000FFF7BCBF0000000000000000B4EE400B96
:10DC3000F1EE10FA30EE407B87EE076BB0EE460B4C
:10DC400002D62120FFF7AABF704700BFB5EE400BF8
:10DC5000F1EE10FA00D070472220FFF79FBF00BFFF
:10DC6000000000009FED076BB0EEC07BB4EE467B7A
:10DC7000F1EE10FA00DC70472220FFF78FBF00BFE3
:10DC8000AFF30080FFFFFFFFFFFFEF7F2DE9F04FB5
:10DC90002DED088BADF5157D1C4603938B46C34BCC
:10DCA000A69912F1140F53F82150814604F1FF3860
:10DCB000C0F26C82BE49D31E81FB0301DB17C3EBAC
:10DCC000A10304930133A3EB8303DB00D31815EB0B
:10DCD000080106931DD4049BA7980131A3EB080308
:10DCE0009FEDAC6B19441CAA0AE050F8234007EEE4
:10DCF000904A0133B8EEE77B8B42A2EC027B08D05E
:10DD0000002BF2DAB0EE467B01338B42A2EC027BB1
:10DD1000F6D1002DC0F2BF82039BB8F1000F6CAFAB
:10DD2000404605EB030CC0F2A782039B1CAE06EB3A
:10DD3000C306DC0009EBC3019FED967B32464B46E0
:10DD4000B3EC025B32ED026B8B42A5EE067BF7D1A2
:10DD500001306045A7EC027B06F10806ECD107AB69
:10DD60009FED8E9B9FED8F8B0DF1200A03EB8503BA
:10DD7000069805934C440AEB85076CAE0095CDF8E8
:10DD80001CB00DEBC503002D93ED6C0B4FEAC502E3
:10DD900015DDB318514620EE097B33ED025BB0EE82
:10DDA000406BBDEEC77BB342B8EEC77BA7EE486BB6
:10DDB000BDEEC66B37EE050BA1EC016AEBD1CDE9E8
:10DDC000010200F0C3FAB0EE40ABB4EE000B2AEE55
:10DDD000000B00F037FBB2EE007B0198A0EE47ABE2
:10DDE000BDEECABB0028B8EECB7B029A3AEE47AB39
:10DDF00071DD691EC0F118035AF821E04EFA03FCE8
:10DE00000CFA03F3AEEB030EC0F1170B1BEE103A46
:10DE10004EFA0BFB6344BBF1000F0BEE103A4AF8CD
:10DE200021E000F3C780B5EE40ABF1EE10FA63D10C
:10DE3000009B9D420FDD4FEA850C0AEB8503002114
:10DE4000964653F8042DBB4241EA0201F9D17246CD
:10DE5000002940F01281009B013B05F1010C5AF8AA
:10DE60002330002B40F00781059B0121964653F893
:10DE7000042D0131002AFAD072462944049B03EB99
:10DE8000050E039B1D44A79B0DF5DC7B03EB8E0E5B
:10DE90001CAB03EBC50593449EED017AB8EEC77B3E
:10DEA000B8F1000FA5EC027B0EF1040E9FED397B5B
:10DEB00009DB2A464B46B3EC025B32ED026BA34210
:10DEC000A5EE067BF7D10CF1010C8C45ABEC027B87
:10DED000E2DD0D4655E700F0B480B6EE007BB4EE0F
:10DEE000C7ABF1EE10FA80F23E81B5EE40ABF1EE39
:10DEF00010FA4FF0000B9BD0069CB0EE4A0B60422C
:10DF00000195D946009DDDF81CB000F01FFA9FED89
:10DF1000256BB4EEC60BF1EE10FA019BC0F2BE8188
:10DF20009FED1E7B20EE077BBDEEC77B1834B8EE5D
:10DF3000C75BA5EE460BBDEEC00B069410EE102A93
:10DF4000B7EE000B4AF823205C1C17EE103A069837
:10DF50004AF8243000F0FAF9002C80F2AA80A69B3F
:10DF6000022B00F3CF81002B00F3D48107D19FED6A
:10DF7000097BB9F1000F40F0A2818BED007B1BEE15
:10DF8000103A03F007000DF5157DBDEC088BBDE8D8
:10DF9000F08F00BF00000000000000000000000043
:10DFA0000000703E0000000000007041E0310020E1
:10DFB000ABAAAA2A0133002D0BEE103A40F38F8151
:10DFC00051464FF0000E51F8043B3BBB0EF1010EE1
:10DFD0007545F8DC9E4600280BDD012800F0BB806B
:10DFE000022806D1691E5AF82130C3F3150C4AF8ED
:10DFF00021C0BBF1020F7FF416AFB7EE000B30EE7D
:10E000004AABBEF1000F3FF40EAFCDE9010200F0C4
:10E010009DF9DDE901023AEE40AB04E7C3F18073FC
:10E0200041F8043C6FF07F4C04E00B68ACEB030359
:10E0300041F8043B0EF1010E7545F6DC4FF0010E80
:10E04000C9E76B1E5AF823304FEAE35BBBF1000FC0
:10E050007FF7E9AE1BEE103A002D03F101030BEE42
:10E06000103AADDCBBF1020F7FF4DDAEB7EE007B02
:10E0700037EE4AABD7E6614600E7D946DDE9063B15
:10E080006C1EA3F118025AF82430009D069243B981
:10E0900007AB634453F8041D013C183A0029F9D03A
:10E0A00006920698B7EE000B00F050F9002CFFF630
:10E0B00056AF9FEDA05B0AF104036EA903EB840346
:10E0C00001EBC4016CAEE20033ED017A5345B8EECA
:10E0D000C77B27EE007B20EE050B21ED027BF3D101
:10E0E00044A916448C46274600209046002D9FEDFB
:10E0F000937B0FDB934AB646002307E0B2EC025B4A
:10E10000BEEC026B9D42A5EE067B03DB984203F159
:10E110000103F3DA013F7B1CACEC027B00F1010050
:10E12000A6F10806E2D1A69B022B424659DC002B41
:10E1300031DC7FF424AF9FED817B01F10803434480
:10E1400033ED026B994237EE067BF9D1B9F1000F3E
:10E150003FF413AFB3E0691E5AF82130C3F3160C35
:10E160004AF821C045E71BEE103A002D03F10103E8
:10E170000BEE103AC8BF4FF0020B3FF721AFB7EEDE
:10E18000007B37EE4AAB4FF0020B4CE600216FF0FC
:10E19000170304919AE50B46B3EC027B9FED676B86
:10E1A0001A4412ED025B1346083A914236EE056BB3
:10E1B000F7D1B9F1000F79D18BED006B37EE467BCB
:10E1C00064B10122B3EC026B0132944237EE067B5C
:10E1D000F8DAB9F1000F01D0B1EE477B8BED027B8D
:10E1E000CDE6A69B032B7FF4CAAE002C00F08F80F7
:10E1F0008D1895ED006B2B46284630ED027BB0EE76
:10E20000465B884236EE076B37EE467B80ED006B4F
:10E2100037EE057B80ED027BEFD1012C77D095EDB9
:10E22000006B01F1080033ED027BB0EE465B9842D3
:10E2300036EE076B37EE467B83ED006B37EE057BE2
:10E2400083ED027BEFD19FED3D7B831801F110023E
:10E2500033ED026B9A4237EE067BF9D191ED005B0C
:10E2600091ED026BB9F1000F2CD18BED005B8BEDC2
:10E27000026B8BED047B82E69FED307B431C634594
:10E2800087ED007B00F1020005D0604587ED027B41
:10E2900007F11007F2D1039BDC0060E5BDEEC00B77
:10E2A0001C4610EE102A4AF82320FAE6B1EE465B2F
:10E2B00037EE467B8BED005B002C82D18CE7B1EE14
:10E2C000477B5AE6B1EE455BB1EE466BB1EE477B5C
:10E2D0008BED005B8BED026B8BED047B4FE6012831
:10E2E00007D002287FF4BEAECEF315034AF82130E2
:10E2F000B8E6CEF31603BBF1020F4AF821307FF4E3
:10E3000092ADB3E6A69B032B7FF439AE44A99FEDF3
:10E310000B7BA3E79DED447BB9F1000F05D00022F4
:10E320004FF00043CBE9002356E700220023CBE95E
:10E33000002353E7000000000000703E00000000D2
:10E3400000000000800400200000000053EC102BAF
:10E35000C3F30A5C00B51946BCF1000F2BD123F0C2
:10E360000041114326D09FED297B344920EE077BE5
:10E37000884253EC172B42DBC3F30A5C1946ACF11D
:10E38000360C4CF2503E70451CDC604440F2FE7C82
:10E39000604517DC002825DC10F1350F29DB36300D
:10E3A0006FF31E519FED1B7B41EA005343EC102B92
:10E3B00020EE070B00BD40F2FF7EF445E1D130EEC8
:10E3C000000B00BD002B9FED157B04DB9FED130BB5
:10E3D00027EE000B00BD9FED137B9FED100B27EE8A
:10E3E000000BF7E76FF31E5141EA005343EC102B8B
:10E3F00000BD002B9FED0D7B01DA9FED0E7B9FEDA5
:10E400000B0B27EE000B00BDAFF3008000000000F7
:10E4100000005043000000000000903C9C75008804
:10E420003CE4377E9C7500883CE437FE59F3F8C223
:10E430001F6EA50159F3F8C21F6EA581B03CFFFF06
:10E440000000000000B583B08DED000B019900982D
:10E45000C1F30A52A2F2FF33132B25DC002B45DB5C
:10E460003A4A1A4101EA020C5CEA000C21D09FED05
:10E47000357B9DED006B36EE077BB5EEC07BF1EE94
:10E4800010FA0BDD4FF4801040FA03F30B4413EA4B
:10E49000210338BF0B4623EA020100200B46024647
:10E4A00043EC102B03B000BD332B06DDB3F5806FBA
:10E4B0002AD09DED000B03B000BDA2F213424FF035
:10E4C000FF3C2CFA02F21042F3D09FED1E7B9DED33
:10E4D000006B36EE077BB5EEC07BF1EE10FADDDDAA
:10E4E000002984461CDB2CEA0200D7E79FED157B50
:10E4F00030EE077BB5EEC07BF1EE10FACEDD0029E1
:10E5000007DB00200146C9E79DED007B37EE070BD6
:10E51000D1E721F0004108430FD14FF00041BDE7A2
:10E52000142B0DD04FF0010EC3F134030EFA03F398
:10E530009C44604588BF7144D5E705490020ADE79C
:10E540000131D0E79C7500883CE4377EFFFF0F0067
:10E550000000F0BF81F0004102E000BF83F0004303
:10E5600030B54FEA41044FEA430594EA050F08BF6E
:10E5700090EA020F1FBF54EA000C55EA020C7FEA32
:10E58000645C7FEA655C00F0E2804FEA5454D4EBAF
:10E590005555B8BF6D420CDD2C4480EA020281EA79
:10E5A000030382EA000083EA010180EA020281EAB1
:10E5B0000303362D88BF30BD11F0004F4FEA013103
:10E5C0004FF4801C4CEA113102D0404261EB410112
:10E5D00013F0004F4FEA03334CEA133302D0524298
:10E5E00063EB430394EA050F00F0A780A4F1010454
:10E5F000D5F1200E0DDB02FA0EFC22FA05F280188E
:10E6000041F1000103FA0EF2801843FA05F3594173
:10E610000EE0A5F120050EF1200E012A03FA0EFCF2
:10E6200028BF4CF0020C43FA05F3C01851EBE3711C
:10E6300001F0004507D54FF0000EDCF1000C7EEB39
:10E6400000006EEB0101B1F5801F1BD3B1F5001F77
:10E650000CD349085FEA30004FEA3C0C04F1010496
:10E660004FEA445212F5800F80F09A80BCF1004FBF
:10E6700008BF5FEA500C50F1000041EB045141EA41
:10E68000050130BD5FEA4C0C404141EB0101013C0A
:10E6900028BFB1F5801FE9D291F0000F04BF0146F9
:10E6A0000020B1FA81F308BF2033A3F10B03B3F1CB
:10E6B00020020CDA0C3208DD02F1140CC2F10C025B
:10E6C00001FA0CF021FA02F10CE002F11402D8BFB9
:10E6D000C2F1200C01FA02F120FA0CFCDCBF41EA85
:10E6E0000C019040E41AA2BF01EB0451294330BD54
:10E6F0006FEA04041F3C1CDA0C340EDC04F1140431
:10E70000C4F1200220FA04F001FA02F340EA030007
:10E7100021FA04F345EA030130BDC4F10C04C4F14D
:10E72000200220FA02F001FA04F340EA030029462D
:10E7300030BD21FA04F0294630BD94F0000F83F477
:10E74000801306BF81F480110134013D4EE77FEA5A
:10E75000645C18BF7FEA655C29D094EA050F08BFA6
:10E7600090EA020F05D054EA000C04BF1946104687
:10E7700030BD91EA030F1EBF0021002030BD5FEACB
:10E78000545C05D14000494128BF41F0004130BDF3
:10E7900014F580043CBF01F5801130BD01F0004547
:10E7A00045F0FE4141F470014FF0000030BD7FEABA
:10E7B000645C1ABF194610467FEA655C1CBF0B46B5
:10E7C000024650EA013406BF52EA033591EA030FCC
:10E7D00041F4002130BD00BF90F0000F04BF0021C4
:10E7E000704730B54FF4806404F132044FF00005F7
:10E7F0004FF0000150E700BF90F0000F04BF002170
:10E80000704730B54FF4806404F1320410F00045D5
:10E8100048BF40424FF000013EE700BF42004FEAD0
:10E82000E2014FEA31014FEA02701FBF12F07F434D
:10E8300093F07F4F81F06051704732F07F4208BF04
:10E84000704793F07F4F04BF41F40021704730B50B
:10E850004FF4607401F0004521F000411CE700BF57
:10E8600050EA010208BF704730B54FF000050AE0DA
:10E8700050EA010208BF704730B511F0004502D5DB
:10E88000404261EB41014FF4806404F132045FEADD
:10E89000915C3FF4D8AE4FF003025FEADC0C18BF86
:10E8A00003325FEADC0C18BF033202EBDC02C2F178
:10E8B000200300FA03FC20FA02F001FA03FE40EA0A
:10E8C0000E0021FA02F11444BDE600BF53B94AB963
:10E8D000002908BF00281CBF4FF0FF314FF0FF3068
:10E8E00001F090B9ADF1080C6DE904CE00F01AF812
:10E8F000DDF804E0DDE9022304B07047430803F0CB
:10E900005533C01A830803F0333300F03330184412
:10E9100000EB101000F00F3000EB002000EB004087
:10E92000000E70472DE9F04782B00646DDF828E07A
:10E930000846B4460D46002B4ED18A4214466DD986
:10E94000B2FA82F242B1C2F12003954026FA03F3F3
:10E9500094401D4306FA02FC260CA7B2B5FBF6F163
:10E960004FEA1C4306FB115543EA054301FB07F040
:10E97000984209D9E31801F1FF3580F003819842EC
:10E9800040F20081023923441B1A1FFA8CFCB3FBAE
:10E99000F6F006FB10334CEA034C00FB07F363452B
:10E9A0000AD914EB0C0C00F1FF3580F0ED806345C3
:10E9B00040F2EA80A444023840EA0140ACEB030C88
:10E9C0000021BEF1000F04D02CFA02F30022CEE9A0
:10E9D000003202B0BDE8F0878B4209D9BEF1000FCA
:10E9E00001D0CEE900610021084602B0BDE8F08701
:10E9F000B3FA83F1174600294DD1834202D3B242C4
:10EA000000F20F81B6EB070C60EB030301201D46FB
:10EA1000BEF1000FDDD0CEE900C5DAE7002A00F034
:10EA200098801A46B4FA84F3002B40F0AF800B1B99
:10EA3000270CA6B20121B3FBF7F54FEA1C4007FBF8
:10EA4000153340EA034306FB05F8984507D9E31858
:10EA500005F1FF3002D2984500F2E8800546A3EBAD
:10EA600008031FFA8CFCB3FBF7F007FB10334CEAEA
:10EA7000034C06FB00F3634508D914EB0C0C00F1C2
:10EA8000FF3602D2634500F2CE803046ACEB030C79
:10EA900040EA054095E7C1F120058B4022FA05FCCC
:10EAA0004CEA030C00FA01F426FA05F3E84002FAF6
:10EAB00001F943EA04084FEA1C4206FA01FAB0FBE6
:10EAC000F2F71FFA8CF602FB17004FEA184444EAEB
:10EAD000004407FB06F0A0420AD91CEB040407F12E
:10EAE000FF3380F09C80A04240F29980023F644452
:10EAF000241A1FFA88F3B4FBF2F002FB104443EA35
:10EB0000044300FB06F69E4209D91CEB030300F107
:10EB1000FF3480F082809E427FD90238634440EA0D
:10EB20000740A0FB09749B1BA3423E46A04664D34A
:10EB300061D0BEF1000F0AD0BAEB060263EB080306
:10EB400003FA05F5CA401543CB40CEE90053002136
:10EB50003FE7730843EAC1734A08190C41EA0241CE
:10EB60004FEAC67C9BB2B2FBF4F02646A04627468D
:10EB70001F2243EA0143B1FBF4F1A3EB080341EA8E
:10EB8000004158E72946FFE6284615E71A46C3F133
:10EB900020019C4026FA01F320FA01F19040034342
:10EBA000270C06FA02FCB1FBF7F0A6B207FB101522
:10EBB000190C41EA054100FB06F58D423BD961186D
:10EBC00001D28D4220D8491B0138B1FBF7F50195E0
:10EBD00005FB06F8019D9BB207FB151143EA0143B3
:10EBE000434526D2E31805F1FF31C6D24345C4D2CE
:10EBF000A91E2344C1E7BA459BD2B7EB090664EBD3
:10EC00000C040138A04694E7651B29440238B1FB87
:10EC1000F7F5019505FB06F8DCE720467FE71F4680
:10EC200066E70846F4E6A44402382FE7023D234491
:10EC300015E70199A1E7491BB1FBF7F5019505FB24
:10EC400006F8C7E703685A004CBF43F0004323F0BF
:10EC500000431844704700BF2DE9F04751B301F15C
:10EC6000FF381746054646464FF0000A0AEB0601F4
:10EC700001EBD171491005EBC1094846FFF7E2FFEE
:10EC800088454FEAC10410D0B84204F10800284476
:10EC900007D8FFF7D7FF0138B84208D201F1010ABF
:10ECA000E4E78A4506D04E1EE0E7B842F9D8484668
:10ECB000BDE8F0874FF000094846BDE8F08700BF87
:10ECC000012806D0022802D028B904487047044819
:10ECD0007047044870470020704700BF75BE0100B0
:10ECE00085BE01007DBE010010B5234B84B00446F3
:10ECF0008A1E4BB303A910460192AFF30080F0B116
:10ED00000399019AFFF7A8FF0146C0B1FFF79AFFE8
:10ED1000A0644B68012B2BD0002B01F1040025DBF4
:10ED2000FFF790FF002323650368E064002B12DBEC
:10ED3000FFF788FF03460020236104B010BD0023C5
:10ED40000920236104B010BD0C4B0D49C91AC9102C
:10ED500018460391D6E7C3F30360FFF7B1FF031E24
:10ED60000CBF09200020236104B010BD0123DAE7A5
:10ED700000230520E0E700BF00000000243D020062
:10ED8000643F02000368DA0710B5044606D49B0707
:10ED900000F1500009D500F0A1FC2368590709D5FE
:10EDA0001A070ED5DB0613D510BD00F08FFC2368C3
:10EDB0005907F5D404F1D80000F098FC23681A072D
:10EDC000F0D404F5AC7000F099FC2368DB06EBD4BA
:10EDD00004F5EC70BDE8104000F0D4BC036803B14A
:10EDE00003441846704700BF704700BF70B5044623
:10EDF0000D46296C2046FFF777FF064688B92A6C36
:10EE0000626123692A462146012098470828F0D0EC
:10EE1000072806D13046296CFFF7E6FF281D00F0D1
:10EE200049FCF9F767FB00BF2DE9F04F0C1DD0F846
:10EE30000C90D0F818A0074615460FCCADF5777D9D
:10EE40000DF10C0CACE80F000FCCACE80F000FCCB0
:10EE5000ACE80F0094E80F0002AE4FF0000E8CE813
:10EE60000F00C6F800E020E0336C7B614FF4F472D1
:10EE700031467CA8F8F7F8FF3B697CAA394658462A
:10EE800098478A9BB3642946CDE9006A04463B460D
:10EE900001203A46C847054618BB4FF4F4727CA9D6
:10EEA0003046F8F7E1FF082C19D1316C3846FFF7EE
:10EEB0001BFF093504465FFA85FB0028D4D0B36BED
:10EEC000B3643A46CDE9006A3B464BF0100101209D
:10EED000C84730B920460DF5777DBDE8F08F072C87
:10EEE00005D0092420460DF5777DBDE8F08F284632
:10EEF000316CFFF779FF03A800F0DCFBF0B5CB6BBA
:10EF0000FBB001F1040E0B640E460446BEE80F0090
:10EF10000DF1040CACE80F00BEE80F00ACE80F00E8
:10EF2000BEE80F00ACE80F009EE80F004FF0FF377F
:10EF30008CE80F00009706E023696A46214698474F
:10EF40000828074608D110992046FFF7CDFE002873
:10EF5000F2D009207BB0F0BD6846FFF713FF062F03
:10EF6000F7D131462046FFF741FF00BFC160826103
:10EF7000DA6B1A6419460022FFF756BF436970B571
:10EF80000B64C668AEB903690A4604460D460146DD
:10EF900002209847072805D008280FD12946204687
:10EFA000FFF724FF3046296CFFF71EFF281D00F0F5
:10EFB00081FB0122FFF738FFF9F79CFAF9F79AFA7B
:10EFC000C26822B1CA6B0A640022FFF72DBFFFF7A7
:10EFD00095BF00BF704700BF836813B10146012091
:10EFE00018477047052915D8DFE801F00A03140314
:10EFF000030501207047009A436C1360002070479E
:10F0000043B90F2A06D800EB8200009A43681360C8
:10F01000002070470220704700B585B00A460023E3
:10F0200003A900911946FFF7DDFF039805B000BD65
:10F03000052915D8DFE801F00A03140303050120B0
:10F040007047009B1B6843640020704743B90F2A38
:10F0500006D8009B00EB82001B68436000207047CD
:10F060000220704700B585B00DF10C0C002303920F
:10F07000CDF800C00A461946FFF7DAFF05B000BD1B
:10F080002DE9F041D36BADF5107D02F1040C136452
:10F0900006460F46BCE80F000DF15C0EAEE80F000F
:10F0A000BCE80F00AEE80F00BCE80F00AEE80F00B0
:10F0B0009CE80F004FF0FF388EE80F00CDF8588025
:10F0C00010E0FFF7CFFF394616A8B047034616AA4F
:10F0D0000820694683B9049B9847052880460DD0CF
:10F0E000092809D026996846FFF7FEFD03460C2142
:10F0F0006A4616A8002BE4D04FF0090816A8FFF7BF
:10F1000041FE40460DF5107DBDE8F0812DE9F04F40
:10F110001646CA6C89B00C4652F8041B069200F0E1
:10F12000030CE3B10D0C8DF81D500904EDB20591EF
:10F1300002EB850202218DF81C10216DBCF1020F3B
:10F1400008BFA26B11F001010FD005A9304600F0F5
:10F15000A7FB00283AD1082009B0BDE8F08F0902CA
:10F1600005918DF81D300321E5E7D2F80080B8F154
:10F17000000FEAD000F00800CDE90101C24699462F
:10F18000E046B9F1020F25D0B2F800A05788151D4E
:10F19000A36C27F0010B0F2130469B44FFF73CFF87
:10F1A000834515D82AF001035B44834294BF0020B5
:10F1B00001207B0003F002030AF0010A43EA0A037C
:10F1C000012B0BD0022B4BD0002B41D00920C3E7E1
:10F1D0000020EEE7576802F10805D9E7B8F1000F03
:10F1E0006CD1A8B16B689A1CF0D004F158070133B8
:10F1F0002A68049700F0C780281DFFF7EFFDD20FA3
:10F20000014604AB2046FCF7D5FB002840F0938074
:10F2100005F10802D2F800A0BAF1000FB1D105A99A
:10F22000304600F03DFB0028D0D1029B002B92D04D
:10F230000F213046FFF7F0FE0E2102463046FFF761
:10F2400011FF564A0F213046FFF70CFF072083E7D6
:10F25000B8F1000F02D0002840F083802A1DD9E7C2
:10F260002F6827F0004BB8F1000F0ED128B1019B99
:10F27000002B3BD0BBF1000F38D0002F00DA043553
:10F280000BF1010305EB8302C4E70D213046FFF7C4
:10F29000C3FED4F820A08245EFD1A26A9542ECD1FA
:10F2A00000270422C4E90B72AA18C4F828B06263CC
:10F2B0002A68BA426DDB01230293E1E70D21304653
:10F2C000FFF7AAFE276A8742A2D1A36A9D429FD177
:10F2D0002846FFF7B7FC0F2102463046FFF7C2FE73
:10F2E000224600213046FFF7BDFEAFE7CDF80C8087
:10F2F00005F1040AA046002758340CE05046049457
:10F30000FFF76CFD0022014604AB4046FCF752FBC0
:10F310000AF1040A00BB5F4507F10107EED10D2198
:10F320003046FFF779FE049BC8F828500246C8E92A
:10F330000823062010E701900D213046FFF76CFEF0
:10F34000019A049F2062022A04BFE76204F12C079D
:10F35000C4E909750620FFE644462F68DDF80C80F5
:10F360008BE72846FFF76EFC04350746A563204669
:10F37000FCF778FB00283FF429AF3A460F213046CE
:10F38000FFF770FE62E70D213046FFF745FE206271
:10F39000DEE70BF1010205EB82009AE765860100CA
:10F3A0000023FFF7B3BE00BF0123FFF7AFBE00BFCE
:10F3B0000223FFF7ABBE00BF2DE9F0410446C4B005
:10F3C000052908D8DFE801F016310779A00B1144B0
:10F3D000102940F2C080022044B0BDE8F081002A2C
:10F3E000F9D1A36B53F8042B6264A363002044B0EB
:10F3F000BDE8F081002BEED1D4F838C095B24FF0C3
:10F40000010E0EFA03F12942604606D050F8041BA3
:10F4100004F1040C4CF8231084460133102BF0D176
:10F420009104E3D4C4F838C0E0E7110C012B0E4678
:10F4300092B2CCD0052BCED111442029CBD80F2E9F
:10F4400040F2CA80002AD1D0216817464A0740F10D
:10F450002181204621F0040140F8D81B009300F0E0
:10F4600049F902A8804600F045F9D4F838E0009B3D
:10F470004FF002024FF0FF31102E17FB021C3146F5
:10F4800038BF102108EBC10184396246704650F83C
:10F49000045B41F8045F013A551CF8D10EF1040EEB
:10F4A000012B0EEB8C0200F0EC800F2EA26340F2D9
:10F4B000F380404600F01AF998E7032B8BD193B202
:10F4C0001E4603EB1243102B4FEA124783D82368E2
:10F4D0001A0700F1AC8022AD284600F031F9A16B8B
:10F4E000730066B105EBC702013B881A013B52F875
:10F4F00000C042F804CB5F1CF8D101EBC601A16348
:10F50000284600F0FBF871E7002B7FF464AF102A67
:10F510003FF661AF2368DD067FD422A8009200F099
:10F520003BF9D4F838E0009A22A800230121994041
:10F530001142F44603F1010303D05CF8041B01609F
:10F54000E646042B00F10400F0D1C4F838E022A80C
:10F5500000F018F94AE7102E3FF43DAF2168C807C4
:10F560000AD5204621F0030140F8501BCDE90023C5
:10F5700000F0B0F8DDE9002322AD2846CDE90023F4
:10F5800000F0A8F8009AD4F838E0002A7BD0019B5C
:10F5900000274FF0FF3112B201EB420205EBC6012A
:10F5A000904604397046013A50F804CB41F804CF34
:10F5B000B2F1FF3FF7D10EF1040E0EEB880E002FD3
:10F5C0003DD1012B5FD00F2EC4F838E03FF60EAFCF
:10F5D000284600F083F809E72068102900F00105AB
:10F5E00030D865B120F00101204641F0020140F819
:10F5F000501BCDE9002300F075F8DDE9002322ADB2
:10F600002846CDE9002300F06DF8DDE90023002A4B
:10F61000DED0D4F838E00027BBE723F010032360E6
:10F6200004F5EC70009200F0B7F8009A75E723F04B
:10F630000803236004F5AC7000F082F84BE70DF18D
:10F64000080815E7A1F110075DB120F0010220467E
:10F6500042F0020240F8502B009300F043F820687B
:10F66000009B42071CD4009322AD284600F03AF8D4
:10F6700002A800F03FF8A26B009B9646C6F110026C
:10F6800087E7964622AD0EF10403A363284600F0F7
:10F690001DF8ABE60093E4E622A800F01FF808E7A7
:10F6A00020F004022046009340F8D82B00F022F806
:10F6B000DAE700BF00F1340191E838009C46A64625
:10F6C0004CF8045D90E8FF0FE54600BD90EC210B7F
:10F6D000704700BF80EC210B704700BF90EC200BFF
:10F6E000704700BF80EC200B704700BFD0EC200BB0
:10F6F000704700BFC0EC200B704700BFF0EC020168
:10F70000F0EC0211F0EC0221F0EC0231F0EC0241DD
:10F71000F0EC0251F0EC0261F0EC0271F0EC0281CD
:10F72000F0EC0291F0EC02A1F0EC02B1F0EC02C1BD
:10F73000F0EC02D1F0EC02E1F0EC02F1704700BF16
:10F74000E0EC0201E0EC0211E0EC0221E0EC02311D
:10F75000E0EC0241E0EC0251E0EC0261E0EC02710D
:10F76000E0EC0281E0EC0291E0EC02A1E0EC02B1FD
:10F77000E0EC02C1E0EC02D1E0EC02E1E0EC02F1ED
:10F78000704700BFB0FC0181B0FC0191B0FC01A149
:10F79000B0FC01B1704700BFA0FC0181A0FC019149
:10F7A000A0FC01A1A0FC01B1704700BFEC4600B570
:10F7B0002DE900502DE9FF1F4FF000030CB401A903
:10F7C000FFF79CFBDDF840E012B07047EC4600B557
:10F7D0002DE900502DE9FF1F4FF000030CB401A9E3
:10F7E000FFF7CCFBDDF840E012B07047EC4600B507
:10F7F0002DE900502DE9FF1F4FF000030CB401A9C3
:10F80000FFF7DEFBDDF840E012B07047EC4600B5D4
:10F810002DE900502DE9FF1F4FF000030CB401ABA0
:10F82000FFF7A4FBDDF840E012B07047EC4600B5EE
:10F830002DE900502DE9FF1F4FF000030CB401AA81
:10F84000FFF71EFCDDF840E012B07047027A034675
:10F850007AB9427AA2B14168013A42720868032239
:10F8600001F1040C1A720202C3F804C0000E1A60FF
:10F8700070470068013A1A7202021A60000E70475F
:10F88000B020704700B585B003AA00230092194646
:10F890000C22FFF7A7FB039805B000BDFFF7F2BFEE
:10F8A0002DE9F041064686B00D464FF00008284687
:10F8B000FFF7CCFFB028044600F0228107065CD594
:10F8C00000F0F003A02B1AD031D8802B00F08280FA
:10F8D000902B28D100F00D030D2B24D004AF002372
:10F8E00000F00F02194600973046FFF77BFB00231C
:10F8F00000970D2219463046FFF79AFBD7E7C3431E
:10F9000003F007034FF47F621A41010702F47F629C
:10F910004FF0000348BF42F4804219463046FFF7DB
:10F920004BFD0028C3D0092006B0BDE8F081B02B04
:10F9300066D0C02B3CD1C62800F0CF80C72800F08D
:10F94000E48000F0F803C02B00F0F180C82800F03C
:10F95000FC80C928E7D12846FFF778FF020300F0B2
:10F960000F0002F4702201300243012105233046CA
:10F97000FFF722FD00289AD0D5E78300DBB20433DD
:10F98000039304AF0023194600970D223046FFF77A
:10F9900029FBDDE9033260064CBFD21A9A18002316
:10F9A000049200970D2219463046FFF741FB7EE78F
:10F9B00000F0F803D02BB6D100F007020132052386
:10F9C00042F4002201213046FFF7F6FC00283FF404
:10F9D0006EAFA8E72846FFF739FF40EA0420B0F5EC
:10F9E000004FA0D004010023A2B219463046FFF711
:10F9F000E3FC002897D1C4F3C03048EA000856E77A
:10FA0000A0F1B103042B00F2BC80DFE803F054291D
:10FA1000160C030005AA0023009219460D22304659
:10FA2000FFF7E0FA43E700231A4605213046FFF7C7
:10FA3000C3FC00283FF43BAF75E72846FFF706FFFD
:10FA4000020300F00F00013002F470220123024390
:10FA500019463046FFF7B0FC00283FF428AF62E7B4
:10FA6000002304AF0D22194600973046FFF7BAFA7B
:10FA70002846FFF7EBFE0206049C4FF002030DD56B
:10FA800000F07F0098400444073328460393049411
:10FA9000FFF7DCFE10F0800F039BF1D1984004F5D6
:10FAA000017420440023049000970D22194630462B
:10FAB000FFF7BEFAFBE62846FFF7C8FE431EDBB29F
:10FAC0000E2B3FF630AF0023024619463046FFF7B3
:10FAD00073FC00283FF4EBAE25E72846FFF7B6FE9F
:10FAE000020300F00F00013002F4702203230243EE
:10FAF00019463046FFF760FC00283FF4D8AE12E705
:10FB0000B8F1000F2DD000200EE72846FFF79EFE2B
:10FB1000431EDBB20E2B3FF606AF02460023042144
:10FB20003046FFF749FC00283FF4C1AEFBE600F089
:10FB30000F020132032342F4202219463046FFF718
:10FB40003BFC00283FF4B3AEEDE62846FFF77EFE0F
:10FB500000F0F00200F00F031032013343EA0232EA
:10FB600003E704AC4346414600940E223046FFF7BB
:10FB700039FA0F220094434641463046FFF758FABF
:10FB8000C1E700F0FC03B42B3FF4CDAE00F0070258
:10FB90000132012342F4002219463046FFF70CFCE3
:10FBA00000283FF484AEBEE600B5C26C536885B051
:10FBB0004FEA032E4FF0030C08321B0E084601A932
:10FBC000CDF804E002928DF80CC08DF80D30FFF7EF
:10FBD00067FE05B000BD00BF08B5FFF75FFE806C93
:10FBE00008BD00BF08B5FFF759FEC06CC37900EB34
:10FBF0008300083008BD00BF08B5F8F77BFC08B5E6
:10FC0000FFF7FAFF704700BF0A22002100F0E0BDB5
:10FC1000DFF80CC00A460146DCF8000000F002B82C
:10FC20005046002010B5A1FB021482B074BB00F056
:10FC3000ABF8034670B350F8042C22F00302043AE8
:10FC4000242A10D8132A16D91B2AC0E900441AD92D
:10FC5000242AC0E902440ABFC0E9044400F11001AB
:10FC600000F1180108E02146019001F033F9019BF1
:10FC7000184602B010BD014600221846C1E9002214
:10FC80008A6002B010BD00F10801F5E701F058FBF1
:10FC90000C2303600023184602B010BD00B5044BCE
:10FCA00083B0014601AA186800F004F803B000BD53
:10FCB000504600202DE9F0431D4F83B080460E468C
:10FCC000914601F001FE3D684DB133781C4673B199
:10FCD000344602E014F8013F43B13D2BFAD14046CF
:10FCE00001F0F8FD002003B0BDE8F083A41B2868F4
:10FCF0000028F4D02246314601F0D4F920B92B680F
:10FD00001A5D3D2A234404D055F8040F0028F1D190
:10FD1000E5E73A680193AA1A92104046C9F8002014
:10FD200001F0D8FD019B581C03B0BDE8F08300BF73
:10FD3000685F0020931E222B12D800B50A2A83B0D8
:10FD40008C4606D00191614600F0FEFD019803B09B
:10FD500000BD0028F6DA2D230CF8013B4042F1E704
:10FD600000230B7018467047024B0146186800F0DC
:10FD70000BB800BF50460020024B0146186801F046
:10FD800005BE00BF504600202DE9F04F01F10B02E7
:10FD9000162A85B0804624D8102900F2AB8000F0E6
:10FDA000C9FA022518211022B74C2144A1F10800FC
:10FDB0004E68864200F062817268F168B46822F091
:10FDC00003023244E1608C60516841F00101404619
:10FDD000516000F0B5FA06F10804204605B0BDE810
:10FDE000F08F32F0070200F18580914200F28280AC
:10FDF000019200F09FFA019AB2F5FC7FC0F0BA813F
:10FE0000570A7FD0042F00F27281970907F1390554
:10FE10002BB207F1380CDB009B4C2344A3F10806FE
:10FE20005B689E4207D10DE00028DF6880F21381F5
:10FE3000BE4207D03B46596821F00301881A0F28BB
:10FE4000F2DD6546236991498B4200F0F1805E68DE
:10FE500026F00306B11A0F2900F391818B4800297F
:10FE6000C4E9040080F27981B6F5007F676880F00C
:10FE70001981F10801310FFA81FC76090121B140A5
:10FE800054F83C0098600F4304EBCC010839D9606A
:10FE9000676044F83C30C360AB1001269E40BE4210
:10FEA00036D83E4206D125F0030576003E4205F1E4
:10FEB0000405FAD004EBC50A04EBC507A946F968A6
:10FEC0000EE0486820F0030EAEEB020CBCF10F0F01
:10FED0000B46C96800F31881BCF1000F80F22D8138
:10FEE0008F42EED109F1010919F0030F07F108075C
:10FEF000E5D17FE10C23C8F800300024204605B08E
:10FF0000BDE8F08F4FF4007340254FF03F0C83E7BE
:10FF1000A768796821F0030393429A4603D3991A9C
:10FF20000F2900F387805A495A4E0968103111444D
:10FF30000820CDE9011201F037FA01994B1E034464
:10FF40004542834630681D40B0F1FF3F18BF294647
:10FF50004046019101F0CCF9411C0546DDE9011252
:10FF600000F02B8107EB0A0C844500F224814A4BF8
:10FF7000186800EB01090BF1FF3EC3F8009000F098
:10FF80008981306801301BBFA5EB0C0C09EB0C001C
:10FF90003560186015F00700814600F04881C0F117
:10FFA00008000544CDE901236B1803EA0E0158440B
:10FFB000401A00EA0E06314640469B4601F098F989
:10FFC000421CDDE9012300F09581401B304440F0E4
:10FFD00001011868A56000EB0609A7426960C3F833
:10FFE000009017D0BAF10F0F40F25E81AAF10C0118
:10FFF00021F0070C796801F0010141EA0C017960F8
:02000004600298
:10000000052607EB0C01BCF10F0FC1E9016600F2F8
:1000100063816968214B1E684E4538BFC3F8009064
:100020001F4B1E684E4501D2C3F800902F46C6E014
:10003000676831E7BD1841F0010142F001027A60C2
:100040004046A560696000F07BF907F1080420468E
:1000500005B0BDE8F08F9A6801931944D760BA6083
:100060004A6842F0010240464A6000F069F9019B8B
:1000700003F10804204605B0BDE8F08FCE68B14218
:100080007FF49AAE0235DDE61037002018370020E5
:10009000B86F00203C460020886F0020B06F002021
:1000A000B46F0020B6F5206F4FEA56207CD3142899
:1000B00000F2D38000F15C0109B25B30C90004EBAF
:1000C000010C6158ACF1080C8C4503D1A8E089689B
:1000D0008C4504D0486820F00300B042F7D8D1F82E
:1000E0000CC0C3E9021CCCF80830CB60D4E6142F56
:1000F00072D9542F00F2BA80170B07F16F052BB29B
:1001000007F16E0CDB0087E69D1842F001025A6091
:100110009E68864AF1608E60C4E90455C5E90222F2
:100120004CF001026A60404643F80EC0019300F0B3
:1001300007F9019B03F10804E0E69E441C46DEF843
:10014000043043F00103CEF8043054F8083F404631
:10015000D9608B6000F0F4F8D0E61E444046726827
:10016000019342F00102726000F0EAF8019B03F192
:100170000804C3E6D508691C09B2C90014E69D1835
:1001800042F001025A60694A0193C4E90455C5E985
:10019000022241F001026A604046995100F0D0F815
:1001A000019B03F10804A9E6B00900F1390109B285
:1001B0003830C90083E7A74263D0A768796821F087
:1001C00003009042A0EB020102D30F293FF732AFA8
:1001D000404600F0B5F890E607F15C052BB207F158
:1001E0005B0CDB0018E6514651F808398B428A4611
:1001F00040F09A8015F0030F05F1FF35F3D16368E5
:1002000023EA0603636076009E423FF681AE1EB984
:100210007EE6760009F104091E42FAD04D4649E611
:100220008010012606FA00F00743676059E7CDE920
:1002300002236B1803EA0E01ABEB010606EA0E0679
:1002400031464046019301F053F8431C019B04BF23
:100250004E461846DDE90223B7E6542827D8300B6E
:1002600000F16F0109B26E30C90028E7B7F5AA7F27
:1002700027D8D70B07F178052BB207F1770CDB00F5
:10028000CAE52B4B186800EB01090BF1FF3EC3F8E0
:10029000009076E615EA0E0F7FF473AEA568514420
:1002A00041F001016960B5E601236B6090E7B0F5AC
:1002B000AA7F25D8F00B00F1780109B27730C90088
:1002C000FDE640F254539F4224D8930C03F17D0580
:1002D00003F17C0CEB009FE507F108014046CDE9F6
:1002E000012301F053FBA568029B6968D3F80090D5
:1002F000019A8FE6A9F108010BEB0100002664E6E4
:1003000040F2545188420BD8B00C00F17D01C90075
:100310007C30D4E64FF47E737F254FF07E0C7BE576
:100320004FF47E717E20CAE663686CE718370020C0
:10033000886F0020014801F033B800BF806F0020B3
:10034000014801F02FB800BF806F0020DFF80CC01B
:100350000A460146DCF8000000F002B850460020D2
:10036000002900F09F802DE9F04383B00C460092F5
:100370008046FFF7DFFF009901F10B03162B60D8D1
:100380001023994260D854F804EC2EF003029A42EC
:10039000A4F1080565DAB348806805EB020C6045F6
:1003A000DCF8046000F0908026F0010060444068B2
:1003B000C0076CD426F00306901983424CDD1EF072
:1003C000010F0FD154F8080C281A0746406820F096
:1003D000030006441644B34240F3EF801618B342BC
:1003E00040F3C9804046CDE90023FFF7CDFCDDE9AD
:1003F00000230646002800F0178154F8041C21F061
:1004000001012944A0F1080C614500F0AE80043AD6
:10041000242A00F2CE80132A00F29C800346224652
:10042000116819605168596092689A602146404687
:1004300001F0ACFA4046FFF783FF304603B0BDE859
:10044000F08333F007039CD50C23C8F80030002656
:10045000304603B0BDE8F0830246DCE90201C1602A
:1004600088606968D01A0F2801F0010105EB0206C7
:100470001BD811436960736843F001037360404601
:10048000FFF75EFF2646304603B0BDE8F0831EF05E
:10049000010FA7D154F8080C281A0746406820F02D
:1004A00003009BE71146FFF76FBC19436960E91829
:1004B00040F001004860736843F001030831736045
:1004C000404601F063FADAE726F00306B01803F1BC
:1004D000100C604580F28B801EF0010F82D154F821
:1004E000080C281A0746406820F00300064416440A
:1004F000B445B1463FF772AF3E46F96856F8080F6B
:10050000043A242AC160886000F2A580132A40F2D0
:10051000A0802168B9606168F9601B2A00F2A4809C
:10052000083407F110022168116061685160A16808
:100530009160F918A9EB03024A4D42F00102A9604B
:100540004A607A6802F00102134340467B60FFF77D
:10055000F7FE98E723680360636843601B2A3BD873
:1005600004F1080200F108035AE750F8041C21F0D6
:1005700003010A4475E7043A3D46F96855F8080F47
:10058000242AC160886020D8132A1CD92168B96048
:100590006168F9601B2A3DD8083407F11002216810
:1005A000116061685160A16891602C4632463D46F9
:1005B00057E7214600F0FCFB38E7DCE90201043A8A
:1005C000C1608860D8E72A46E9E7214628460093BB
:1005D00000F0EEFB009BE8E7A3688360E368C3607C
:1005E000242A25D004F1100200F1100318E71D4A57
:1005F0001D449560C21A42F001026A6054F8042C4E
:1006000002F001021343404644F8043CFFF798FE11
:10061000264638E7A1683961E1687961242A10D05B
:10062000103407F11802BAE74046FFF789FE0EE7DB
:10063000236903616169416104F1180200F1180343
:10064000EEE62269BA616269FA61183407F12002A4
:10065000A5E7324667E721463046009300F0A8FB45
:10066000009B66E710370020A1683961E168796175
:10067000242A03D0103407F1180254E72269BA6122
:100680006269FA61183407F120024CE7242B2DE946
:10069000F84F42D8012B884619463ED091464B4A26
:1006A00082461E46C64670461EF8017BD35D13F097
:1006B0000803F8D12D2F70D02B2F05BF9EF80070A6
:1006C0009B469B4600F1020E6FF0004361BB302F4A
:1006D0004DD00A2631460022B3FBF6F4104606FB45
:1006E000143505E03CD006FB00C001221EF8017B5A
:1006F000A7F1300CBCF1090F06D9A7F1410CBCF1F0
:10070000190F17D8A7F1370C61451CDD571CEDD028
:100710008442E7D24FF0FF32E8E700F011FE1623E3
:1007200003600020BDE8F88F1029D4D1302F27D0E6
:100730000E46D0E7A7F1610CBCF1190F03D8A7F161
:10074000570C6145E2DC511C30D0BBF1000F0CD1DD
:10075000B9F1000FE6D0AABBC9F80080BDE8F88F58
:100760006545C0DA4FF0FF32C0E74042F0E79EF83F
:10077000002002F0DF02582A08D008263146AAE7F6
:100780009EF8002002F0DF02582AD1D110269EF8F0
:10079000017031460EF1020E9DE79EF800704FF099
:1007A000004300F1020E4FF0010B8FE72222CAF83E
:1007B0000020B9F1000F07D00EF1FF381846C9F834
:1007C0000080CBE70346F7E71846ABE7312E002061
:1007D00000B5DFF818E084461346DEF800005DF847
:1007E00004EB0A466146FFF751BF00BF50460020A8
:1007F0002DE9F0471D464A4B16460C4682460A46EE
:10080000114612F801EB13F80EC01CF0080CF7D1DA
:10081000BEF12D0F5AD0BEF12B0F03BF92F800E0AE
:1008200063468A1C634645B9BEF1300F5CD00A2589
:100830003C4F4FF00509A8460AE0102D4BD04FF071
:10084000FF37B7FBF5F705FB07F96FEA0909A8467B
:100850000021084605E02CD008FB00C0012112F859
:1008600001EBAEF1300CBCF1090F06D9AEF1410C31
:10087000BCF1190F0BD8AEF1370C654510DDB1F1A5
:10088000FF3FECD0B842E6D94FF0FF31E7E7AEF1D9
:10089000610CBCF1190F03D8AEF1570C6545EEDCC5
:1008A0004D1C0BD003B140420EB169B93460BDE8B4
:1008B000F087CC45D0DD4FF0FF31D0E72223CAF8D6
:1008C00000300846002EF2D0541EEFE792F800E008
:1008D00001238A1CA7E7BEF1300F11D04FF00F099A
:1008E0006FF07047A846B3E7117801F0DF0158298F
:1008F0000BD008254FF007096FF06047A846A7E71F
:10090000117801F0DF015829E8D14FF0100892F872
:1009100001E04FF00F0902326FF07047454697E74C
:10092000312E00209999991900B5DFF818E0844616
:100930001346DEF800005DF804EB0A466146FFF757
:1009400057BF00BF50460020F0B5224E971E1546F7
:100950000C4686460FCE8BB0EC46ACE80F000FCEAF
:10096000ACE80F0096E803004CF8040B222F8CF83B
:10097000001029D804F1FF3C66460020BEFBF5F2CA
:1009800005FB12E36B4401467545187806F8010F24
:10099000964601F10100F1D90023235489B1601C6E
:1009A00008440CF102021CF8015F10F8016D8CF88C
:1009B0000060A4EB0C03013B121B0B449A42057030
:1009C000EFDB20460BB0F0BD0023184623700BB0C0
:1009D000F0BD00BF1C28002013460A460146022035
:1009E00000F030BF024A0349034800F0C9B800BF15
:1009F00044460020450F0200183B00200C4B416884
:100A0000994210B5044601D003F032FDA168094BAC
:100A1000994202D0204603F02BFDE168064B994233
:100A200004D02046BDE8104003F022BD10BD00BF39
:100A3000BC6F0020247000208C7000202DE9F8434A
:100A4000314A324C3249DFF8DC90DFF8DC80314F3C
:100A50001160002504232946082204F15C00C4E942
:100A600003352D4EA560C4E90055C4E905556566FA
:100A700000F030FA04F15800C4E90749C4E90987D5
:100A8000E66200F089FC2946244B6367082204F1E2
:100A9000C400C4E91A55C4E91E552567C4F8CC50F2
:100AA000C4F8805000F016FA04F1680304F1C000A5
:100AB000C4F88430C4E92298C4E9247600F06CFCC0
:100AC000174BC4F8DC30294604F596700822C4E9B7
:100AD0003455C4E93855C4F8D850C4F83451C4F872
:100AE000E85000F0F7F904F1D003C4E93D87C4F8F9
:100AF000F09004F59470C4F8FC60C4F8EC30BDE8E4
:100B0000F84300F049BC00BFF4700020BC6F002027
:100B1000B9D40100FDD6010021D701000900010070
:100B20001200020099D60100BDD6010010B504469E
:100B30000A4800F035FC636B23B9094B094A1B686E
:100B4000626323B1BDE81040044800F02BBCFFF7FE
:100B500075FFBDE81040014800F024BC846F002000
:100B6000F4700020D1D40100014800F019BC00BF8E
:100B7000846F0020014800F015BC00BF846F002086
:100B80002DE9F8430746884616464FF00009756878
:100B9000013D11D4B468A389012B08D9B4F90E30F2
:100BA00001332146384602D0C04749EA0009013DD9
:100BB0006B1C04F16804EED13668002EE7D148467C
:100BC000BDE8F88310B50C46B1F90E1000F07AFBC1
:100BD000002803DB236D0344236510BDA38923F4A0
:100BE0008053A38110BD00BF2DE9F0411F46B1F92C
:100BF0000C301646DA050C4605460BD423F4805318
:100C0000A381B4F90E103B4632462846BDE8F041B8
:100C100000F080BB0223B1F90E10002200F03CFB73
:100C2000B4F90C30EAE700BF10B50C46B1F90E106C
:100C300000F032FBB4F90C30421C0EBF23F4805399
:100C400043F480532065A38110BD00BFB1F90E109D
:100C500000F010BB70B5ADF5067D0E46009313464F
:100C60004FF40072059206A905AA054600F028F87F
:100C700098B10246059B03903146284600F04AFB96
:100C8000039A059006AB9A4204D02846114600F01C
:100C90007DFE05980DF5067D70BD4FF0FF30F9E73C
:100CA00000B5DFF818E084461346DEF800005DF872
:100CB00004EB0A466146FFF7CDBF00BF5046002057
:100CC00010B59AB021B1D2F800C0BCF1000F1CD110
:100CD00000214FF4227CADF80CC0199100910491D1
:100CE0004FF6FF7C02910591144669461A461C9BFB
:100CF000ADF80EC001F06EFB002814DB009B2060F5
:100D000000221A7004981AB010BD00910491614637
:100D10004FF4C16CADF80CC04FF0000CCDF864C0BE
:100D2000DEDA8B23036000201AB010BD032A11D82D
:100D3000002A3BD0013A431E0139024401E09A42A5
:100D400034D013F8010F11F801CF6045F7D0A0EBB4
:100D50000C00704710B541EA0004A40784460B4616
:100D60000FD0013A431E0139024401E09A421BD0E0
:100D700013F8010F11F801CF6045F7D0A0EB0C007C
:100D800010BDDCF80040D3F800E074451946604619
:100D900003F104030CF1040CE3D1043A032AF0D864
:100DA00060461946002ADCD1002010BD00207047A3
:100DB000884270B531D98B1883422ED9032A00EBB3
:100DC00002011DD941EA030C1CF0030F1D4618D186
:100DD0004FEA920C0CF1FF36A1EB8C048C4653F8D1
:100DE00004ED4CF804EDA445F9D1C6EB867301EB94
:100DF000830105EB830CACF10403043902F0030218
:100E000052B102F1FF3C6FEA0C0C9C4413F8012D27
:100E100001F8012D6345F9D170BD032A50D941EA8B
:100E200000039B074ED10F2A51D922F00F0301F185
:100E3000100601F1100C103B203100F1100E194486
:100E40005CF8104C4EF8104C5CF80C4C4EF80C4C06
:100E50005CF8084C4EF8084C5CF8044C4EF8044C16
:100E60000CF1100C8C450EF1100EE9D1F11812F0B6
:100E70000C0F034402F00F0503F1100325D025F0F9
:100E8000030CACF1040426461A1F1C198C465CF8AE
:100E900004EB42F804EFA242F9D1043104333144A7
:100EA000334405F00302002AB6D0013A0132013B77
:100EB0000A4411F801CB03F801CF9142F9D170BD7A
:100EC0000346F0E7013A0346F0E72A46EBE703461C
:100ED0001546D4E730B584078646034606D0A2B34C
:100EE00003F8011B980702F1FF32F8D1032A26D933
:100EF0005FFA81FC0CEB0C2C0F2A0CEB0C402AD96E
:100F000022F00F0C9C44C3E90000C3E90200103337
:100F10006345F8D112F00C0F02F00F0417D04FEA1E
:100F2000940C0CF1FF351A4603EB8C0C42F8040BC1
:100F30006245FBD1043304F0030203EB850322B1C5
:100F40001A4403F8011B9A42FBD1704630BD224679
:100F5000002AF5D1F9E71446E1E700BF11F0FF01DF
:100F6000034600F003023AD092BB026801EB012372
:100F700003EB034383EA020C10B51C46A2F10133D4
:100F800023EA0203ACF1013222EA0C02134313F00C
:100F9000803F0FD150F804CF8CEA040EACF101333E
:100FA000AEF1013223EA0C0322EA0E02134313F0DE
:100FB000803FEFD0037823B936E010F8013F002BD3
:100FC00032D09942F9D110BD8A4228D09A0729D04F
:100FD0001A7818460133002AF6D110467047CAB96C
:100FE0000268A2F1013323EA020313F0803F08D123
:100FF00050F8042FA2F1013323EA020313F0803FDB
:10100000F6D003785BB110F8013F002BFBD170479D
:10101000990705D01A7818460133002AF8D170478D
:101020001846DDE71846A0E7184610BD90F800C046
:10103000BCF1000F1FD010B50C788646A4B10A464B
:10104000234602E012F8013F23B16345FAD1AEEB2B
:10105000000010BD1EF801CFBCF1000FEFD1F6E784
:101060001EF8023F002BF2D09EF80130002BF7D182
:101070000EF1010EEBE76046704700BF84460B4659
:101080002AB908E013F8010B0CF8010B38B1013A4A
:10109000F8D18CF8002013F8012B002AFBD1581A44
:1010A000013870478AB340EA01039B0730B5044614
:1010B0008E4618D1032A07D815E0043A23D01CF035
:1010C000803F20D1032A26D92368DEF80050A3F1FF
:1010D0000131AB4221EA030C2046714604F10404BD
:1010E0000EF1040EE9D003780C78A3420FD1013A37
:1010F000024406E06BB110F8013F11F8014FA34222
:1011000005D19042F6D1002030BD10467047181B23
:1011100030BD184630BD20467146E4E710B50446A0
:101120000843830701D1032A19D8A44601F1FF3EE1
:1011300007E01EF8011F03F8011B501E31B19C4649
:1011400002466346002AF4D1204610BD944400288C
:10115000FAD003F8011B6345FBD1204610BD0B46B6
:10116000A44618681946A0F1013323EA000313F0DE
:10117000803F01F10403D9D1043A032A4CF8040B4F
:10118000EFD81946D2E700BF38B511F0FF040CD0F4
:101190000346002501E0431C054621461846FFF79B
:1011A000DDFE0028F7D1284638BD2146BDE838408D
:1011B000FFF7D4BE90F800C0BCF1000F13D010B5FB
:1011C0000C78864664B10A46234602E012F8013FD5
:1011D00033B19C45FAD11EF801CFBCF1000FF2D11A
:1011E000AEEB000010BD6046704700BF024A1268B7
:1011F0000123503200F002B85046002030B51546A9
:1012000020B386464C1E7246A44612F8010B01E03C
:10121000884214D01CF8011F0029F9D1E0B1104612
:10122000A44610F8011B00E063B11CF8013F99428D
:10123000FAD149B1002313702860704630BD73B1F4
:101240009646E0E70246EAE70846F5E7D2F800E00E
:10125000BEF1000FD6D100E02860002030BD2A602A
:1012600070468EF80030E9E7014B93F810027047A2
:10127000E843002038B5074C0023054608462360A4
:10128000F7F726F9431C00D038BD2368002BFBD0AC
:101290002B6038BDE0AD002038B58C46084C1146B7
:1012A00005461A46604600232360F7F71DF9431CE4
:1012B00000D038BD2368002BFBD02B6038BD00BFA9
:1012C000E0AD002038B58C46084C114605461A465C
:1012D000604600232360F7F7F9F8431C00D038BDBF
:1012E0002368002BFBD02B6038BD00BFE0AD002091
:1012F00038B5074C0023054608462360F7F7CEF8BB
:10130000431C00D038BD2368002BFBD02B6038BDB8
:10131000E0AD002038B58C46084C114605461A460B
:10132000604600232360F5F733FE431C00D038BD30
:101330002368002BFBD02B6038BD00BFE0AD002040
:10134000014B1868704700BF5046002070B50E4E24
:101350000E4DAE4208D0761BB610002455F8043B63
:1013600001349847A642F9D8094E0A4D05F04EFFC0
:10137000AE4208D0761BB610002455F8043B013469
:101380009847A642F9D870BDA82A0060A82A006034
:10139000C02A0060A82A0060704700BF704700BFE5
:1013A000704700BF704700BF082802D14FF480503B
:1013B000704708B5FFF7C4FF162303604FF0FF30F6
:1013C00008BD00BF000000000000000002780B789C
:1013D000012A28BF9A4240F0D8806DE9044540EACE
:1013E0000104CDE902676FF0000C4FEA44721AB3B2
:1013F00080EA010414F0070F6BD100F0070420F01D
:10140000070004F0030521F007014FEAC505F0E8E5
:10141000042314F0040FF1E804670CFA05F462EAFF
:10142000040266EA04060BD063EA0403624667EA34
:101430000407664604E000BFF0E80423F1E804670F
:1014400082FA4CF582EA0604A4FA8CF46CBB83FAA7
:101450004CF583EA0705A5FA8CF595B950E9022306
:1014600051E9026782FA4CF582EA0604A4FA8CF488
:1014700083FA4CF583EA0705A5FA8CF52543DBD002
:101480009CB92DBAB5FA85F424F0070427FA04F1C3
:10149000DDE9026723FA04F303F0FF0001F0FF0126
:1014A000FDE80445A0EB0100704724BAB4FA84F4C7
:1014B00024F0070426FA04F1DDE9026722FA04F2B7
:1014C00002F0FF0001F0FF01FDE80445A0EB010080
:1014D000704714F0030F3CD110F0030428D150F8EA
:1014E000082B51F8083B82FA4CF582EA0305A5FA6D
:1014F0008CF55DB950F8042C51F8043C82FA4CF597
:1015000082EA0305A5FA8CF5002DE8D02DBAB5FACC
:1015100085F424F0070423FA04F122FA04F202F01D
:10152000FF0001F0FF01FDE80445A0EB010070475A
:101530004FEAC40420F0030050F8082B21F0030107
:1015400051F8083B0CFA04F462EA040263EA04036B
:10155000C9E710F003041DD0A1EB040120F0030043
:10156000E40750F8042B06D012D28B785FFAA2F46D
:10157000E41A06D12BB1CB785FFAB2F4E41A00D1A9
:1015800033B920465DF8104B7047A2EB030070475B
:1015900001F1040150F8042BCC0721F0030151F8AC
:1015A000043B48D824D222F07F4482FA4CF594EAD6
:1015B0001325A5FA8CF50AD165B951F8043B84EAE4
:1015C0000204B4EB036F0ED150F8042BEBE74FEAA3
:1015D000132355E035F07F454DD10878FDE80445EB
:1015E000C0F1000070474FEA126203F0FF0347E0CA
:1015F00002EA1C4482FA4CF594EA1345A5FA8CF5EC
:101600000AD165B951F8043B84EA0204B4EB034FF4
:101610000CD150F8042BEBE74FEA134330E015EA06
:101620001C4528D10B884FEA124229E04FEA1242AA
:1016300003EA1C4324E002F0FF0482FA4CF594EA2A
:101640001365A5FA8CF50AD165B951F8043B84EA13
:101650000204B4EB032F09D150F8042BEBE74FEA57
:1016600013630DE015F0FF0F05D10B684FEA12224E
:1016700023F07F4304E04FF00000FDE8044570478D
:1016800012BA1BBA82FA4CF482EA0304A4FA8CF56B
:10169000B5FA85F402FA04F203FA04F34FEA126091
:1016A000FDE80445A0EB1360704700BF80EA01022B
:1016B000844612F0030F4FD111F0030F32D14DF8D1
:1016C000044D11F0040F51F8043B0BD0A3F101328B
:1016D0009A4312F0803F04BF4CF8043B51F8043B9E
:1016E00016D100BF51F8044BA3F101329A4312F016
:1016F000803FA4F101320BD14CF8043BA24312F01D
:10170000803F04BF51F8043B4CF8044BEAD0234619
:101710000CF8013B13F0FF0F4FEA3323F8D15DF8CB
:10172000044B704711F0010F06D011F8012B0CF893
:10173000012B002A08BF704711F0020FBFD031F80B
:10174000022B12F0FF0F16BF2CF8022B8CF8002092
:1017500012F47F4FB3D1704711F8012B0CF8012B15
:10176000002AF9D1704700BF0000000030B490F8A3
:1017700000F020F007016FF0000C10F0070491F862
:1017800020F040F048804FF000046FF00700D1E9EE
:10179000002391F840F000F1080082FA4CF2A4FA1C
:1017A0008CF283FA4CF3A2FA8CF34BBBD1E90223FF
:1017B00082FA4CF200F10800A4FA8CF283FA4CF39E
:1017C000A2FA8CF3E3B9D1E9042382FA4CF200F1D6
:1017D0000800A4FA8CF283FA4CF3A2FA8CF37BB9DA
:1017E000D1E9062301F1200182FA4CF200F1080050
:1017F000A4FA8CF283FA4CF3A2FA8CF3002BC6D035
:10180000002A04BF04301A4612BAB2FA82F200EB80
:10181000D20030BC7047D1E9002304F00305C4F1C5
:1018200000004FEAC50514F0040F91F840F00CFADF
:1018300005F562EA05021CBF63EA050362464FF044
:101840000004AAE7F0B51D4C83B00546206801915D
:1018500016461F46FFF7A4FD194A0199136823B3E2
:101860005A6820681F2A23DC4DB9541C02325C6080
:1018700043F82210FFF796FD002003B0F0BD03EB04
:10188000820E0124CEF88860D3F88861944046EA3D
:10189000040C022DC3F888C1CEF80871E5D1D3F845
:1018A0008C512543C3F88C51DFE7064B1360D7E713
:1018B000FFF778FD4FF0FF30DFE700BFDC4300208B
:1018C000E46D0020E86D00200148FFF769BD00BF0E
:1018D0007C6F00200148FFF765BD00BF7C6F0020D2
:1018E000F8B5064608200C46FFF75EFD0746304671
:1018F000FEF720FD224A93685D6825F00305A5F1F7
:1019000011031C1B3C44B4FBF7F4013C07FB04F43B
:10191000A74208DC00213046FFF7EAFC184A93682A
:101920002B44984204D03046FEF70AFD0020F8BD53
:1019300061423046FFF7DCFC0130114A0DD01149FD
:1019400093682D1B45F001055D600B6830461B1B3D
:101950000B60FEF7F5FC0120F8BD00213046FFF7D3
:10196000C7FC074A9268831A0F2BDCDD43F00103A2
:101970005360054B03491B68C01A0860D3E700BFDA
:1019800010370020886F00203C460020002965D0D9
:101990002DE9F0410C460746FEF7CCFC54F804EC68
:1019A0007D49A4F1080C2EF001030CEB03028D68B5
:1019B0005068954220F003000EF0010600F08B8085
:1019C000151850606D6805F00105A846AEBB54F8C7
:1019D000084CACEB040C2344DCF8084001F1080E81
:1019E00074456BD0DCF80C50E560AC60B8F1000FCA
:1019F00000F08C8043F00100CCF804001360B3F5D4
:101A0000007F35D2DA0848685C090132012312B23E
:101A1000A34003434B6051F83200CCF8080001EBBF
:101A2000C203083BCCF80C3041F832C0C0F80CC0FF
:101A30003846BDE8F041FEF783BC85B9034401F1A7
:101A4000080E9068704543F001047AD0D268C260F5
:101A50009060CCF804404CF80330D0E770474EF06B
:101A60000102B3F5007F44F8042C4CF80330C9D3CD
:101A7000B3F5206F4FEA53204AD2980900F139029A
:101A800012B200F13804D20088188A5808389042FF
:101A900003D15FE09268904204D0516821F00301C5
:101AA0009942F7D8D068CCE90220C0F808C038467F
:101AB000C2F80CC0BDE8F041FEF742BCA5BB18441B
:101AC000D2E90223D3609A6040F00103CCF80430DD
:101AD0004CF80000ACE7184446B954F8083CACEBAD
:101AE000030C1844DCE90223D3609A6040F0010340
:101AF000CCF80430294BC1F808C01B68834297D842
:101B0000274B38461968FFF7EBFE91E7034498E747
:101B100014280FD9542824D8180B00F16F0212B2E0
:101B200000F16E04D200AFE743F00101CCF80410DD
:101B300013607DE700F15C0212B200F15B04D20099
:101B4000A2E7C1E904CCCCE902EECCF804404CF8A1
:101B500003306DE7A4100123A3404C6823434B607E
:101B6000A1E7B0F5AA7F07D8D80B00F1780212B22E
:101B700000F17704D20087E740F25452904206D831
:101B8000980C00F17D0200F17C04D2007CE74FF458
:101B90007E727E2478E700BF103700204046002088
:101BA000B86F002082B049B15AB16BB113780B60A5
:101BB0001278101E18BF012002B0704701A9002A38
:101BC000F3D1104602B070476FF00100F4E700BF98
:101BD00030B5436C83B005460C4653B153F824002E
:101BE00088B1026843F824200023C0E9033303B01E
:101BF00030BD21220421FEF715F803466864002851
:101C0000ECD10020F3E7012101FA04F35A1D920000
:101C100028460193FEF706F80028F2D0019B4460A5
:101C20008360E1E731B1436C4A6853F822000860F1
:101C300043F82210704700BF2DE9F0410E691746A6
:101C40000D461C4601F114024FF0000E11688BB2D4
:101C500007FB03434FEA134C090C07FB01CC0EF1C1
:101C6000010E9BB203EB0C43764542F8043B4FEA6E
:101C70001C44EBDC3CB1AB68B34207DD05EB8603EB
:101C800001365C612E612846BDE8F081696801314A
:101C90008046FFF79DFF0746B0B12A69023205F181
:101CA0000C0192000C30F6F7DFF8D8F844306A687F
:101CB00053F82210296043F822503D4605EB860375
:101CC00001365C612E61DEE7024B03483A46BA21D9
:101CD00002F0A0FD882800209C280020B0F5803F5D
:101CE000034636BF030400201020B3F1807F3CBFC1
:101CF0001B020830B3F1805F06D3B3F1804F0FD2DF
:101D00009A0012D4033070471A01B2F1804F00F1EB
:101D1000040006D29B0108D45B00F3D42020704756
:101D20001A46002AFBDB013070470230704700BFC3
:101D30000368590708D0DA071FD499072AD55B082A
:101D400003600122104670479AB282B91B0CDAB2C6
:101D5000B2B11022190701D104321B09990714D01E
:101D6000D90701D401325B08036010467047DAB22C
:101D70004AB11A0717D10422EFE700221046704734
:101D800018221B0AE6E70822FBE7590707D50232AB
:101D90009B08E9E79B080222036010467047DB08B6
:101DA00004D12022CEE7DB080322DDE70332DBE7A4
:101DB00038B5436C04460D464BB15868B0B1026863
:101DC0005A6000220123C0E90323456138BD212266
:101DD0000421FDF727FF034660640028EDD1094B7D
:101DE0000948002240F2451102F014FD1C22012195
:101DF0002046FDF717FF0028F1D001220223C0E999
:101E00000123DEE7882800209C2800202DE9F04FE0
:101E10000F691569AF4285B00E46904605DB2A462C
:101E200043463D46884617461E46D8F80830D8F83F
:101E30000410EC19A342B8BF0131FFF7C9FE844674
:101E4000002800F09C80143000EB840E704505D211
:101E50000346002143F8041B9E45FBD8143606EBCD
:101E6000870296427CD208F1140707EB8505A5EBA3
:101E7000080308F11508A845A3F11503CDE902E40C
:101E80004FEA930A8CBF002401249146E34605E003
:101E9000090C34D1B14500F104005ED956F8041B99
:101EA0008AB2002AF4D0CDE90090B84686460023D5
:101EB00058F8041BDEF800001FFA81F94FEA114CB4
:101EC00081B202FB0911000C194402FB0C0000EB6B
:101ED000114089B241EA004145454EF8041B4FEAE2
:101EE0001043E5D8DDE90090002C4FEA8A0208BFD4
:101EF00000220244536056F8041C090CCAD003683F
:101F0000CDF800908846BC46864600221946BCF8AB
:101F1000009008FB092909EB11499BB243EA0943E8
:101F20004EF8043B5CF8043BDEF800101B0C8AB250
:101F300008FB032303EB194365454FEA1342E6D838
:101F4000002C4FEA8A02DDF8009008BF002202440C
:101F5000B145536000F10400A0D8DDE902E4DC469D
:101F6000002C02DC05E0013C03D05EF8043D002BB0
:101F7000F9D06046CCF8104005B0BDE8F08F034BB7
:101F8000034862464FF4B17102F044FC88280020F7
:101F90009C280020F8B512F00303144607462FD101
:101FA0000E46A4102AD03D6C002D32D004F001035F
:101FB00064103BB92868B8B1054604F00103641009
:101FC000002BF7D02A4631463846FFF71FFF36B1BF
:101FD0007B6C716853F82120326043F8216074B142
:101FE000064628680028E7D12A4629463846FFF7E2
:101FF0000DFF0023286003600546DEE73046F8BD8C
:10200000013B0F4A52F823200023FFF715FE064636
:10201000C7E701213846FFF7DBFD054640B1012344
:1020200040F27122C0E90432002338640360BDE746
:10203000044B05482A4640F2451102F0EBFB00BF75
:1020400070320020882800209C2800202DE9F047CD
:102050000D4691462E69AB68496806EB6216741C02
:102060009C4207464FEA621804DD5B009C4201F186
:102070000101FADC3846FFF7ABFD844600284FD05B
:10208000B8F1000F00F114000BDD08F105010CEBB5
:1020900081010346002243F8042B8B42FBD100EB65
:1020A0008800296905F1140319F01F0803EB810E5C
:1020B0002ED0C8F1200902464FF0000A196801FA33
:1020C00008F141EA0A0142F8041B53F8041B9E453B
:1020D00021FA09FAF2D8AEEB0503153B23F003030E
:1020E00005F11502964538BF0023043340F803A0DC
:1020F000BAF1000F00D134467B6C6A68CCF810400E
:1021000053F822102960604643F82250BDE8F0875A
:10211000043853F8042B40F8042F9E45F9D8EAE719
:10212000034B044862464FF4EF7102F073FB00BFAB
:10213000882800209C28002003690A6900B5B3EBB9
:10214000020E12D100F1140C14310CEB820301EBDE
:10215000820101E09C4508D253F8040D51F8042D8A
:102160009042F7D003D24FF0FF3E704600BD4FF0D3
:10217000010E704600BD00BF2DE9F04F17460A69F9
:102180003B69A2EB0308B8F1000F83B00C4615D1F0
:10219000143107F1140505EB830501EB830302E01D
:1021A000994280F0858053F8046D55F8042D9642CD
:1021B000F6D080F08A804FF0010805E0FBDB3B465B
:1021C0004FF000080F461C467968FFF701FD002814
:1021D00000F086803A692669C0F80C8007F110018A
:1021E00007F11408834600F1140704F1140008EB0A
:1021F000820E944600EB86060023B946C2460A4684
:10220000019450F8041B52F8045F8CB21FFA85F851
:10221000A8EB0408090C9844C1EB154101EB2841D7
:102220001FFA88F848EA0144864249F8044B4FEA0D
:102230002143E6D8A146019C301B1538153420F007
:102240000300A64238BF00200AEB00010431C41984
:102250008E4562460846DC4698BF23461AD9A7EB4E
:102260000A070434C61950F8045B13FA85F82B44A6
:102270002D0C05EB28459BB243EA05498645C6F877
:1022800000904FEA2543EDD80EF1FF335B1A23F09F
:1022900003032344B9F1000F04D153F8041D013A9C
:1022A0000029FAD06046CCF8102003B0BDE8F08FCA
:1022B0000021FFF78DFC844658B101220023C0E9BC
:1022C0000423604603B0BDE8F08F3B4627461C461A
:1022D0007AE7074B0748624640F2372102F09AFA44
:1022E0000246034B034840F2452102F093FA00BF37
:1022F000882800209C2800202DE9F043894683B0DF
:10230000012157EC106B9046FFF762FC0446002851
:1023100046D0C7F30A55C7F313030DB143F4801336
:102320000193331E15D101A8FFF702FD019B6361E4
:1023300001212030216115B3A5F233450544C0F1D8
:102340003500C9F80050C8F80000204603B0BDE8C9
:10235000F08368460093FFF7EBFCDDE9002328B12A
:10236000C0F1200103FA01F10A43C340002B0CBF66
:10237000012102216261A3612161002DDCD104EB06
:102380008103A0F23240C9F800001869FFF7A6FCEB
:10239000C0EB4110C8F80000204603B0BDE8F08350
:1023A000034B0448224640F20F3102F033FA00BFDB
:1023B000882800209C28002049B1FF2A02D80A70F2
:1023C000012070478A2303604FF0FF3070470846B2
:1023D000704700BF2DE9F04F2DED028BD1B00C46B8
:1023E000079190460993824602F076F903681193AB
:1023F0001846FFF7BBF908221090002120A8FEF72D
:1024000069FDA389180603D52369002B01F06E80AE
:1024100000239FED728BCDE92533CDE9143327AA34
:102420000D932492174612931393059345462C4619
:102430006C4BD3F8CC61FEF717FF20AA034600923D
:102440001AA922465046B047002800F09880C0F2F2
:102450008E801A9A252A034601D01C44E8E7B4EB83
:102460000508064640F08F8000234FF0FF328DF8BC
:102470005F309B46069301342378049201349946D9
:10248000A9F120035A2B00F2AF80DFE813F0FE021F
:10249000AD00AD00FA02AD00AD00AD00DD02AD0053
:1024A000AD00A802B702AD00B302C002AD00BC028D
:1024B0005B005B005B005B005B005B005B005B0044
:1024C0005B00AD00AD00AD00AD00AD00AD00AD00F6
:1024D0002101AD009C01AC03210121012101AD00CE
:1024E000AD00AD00AD00A803AD00AD000803AD0028
:1024F000AD00AD007302AD006103AD00AD00980703
:10250000AD00AD00AD00AD00AD00AD00AD00AD0063
:102510002101AD009C018701210121012101ED0371
:1025200087016C00AD000804AD00F8033D041304FE
:102530006C00AD0073026A008303AD00AD00FB07C1
:10254000AD006A00A9F13003002214F8019B02EBF0
:10255000820203EB4202A9F13003092BF5D906925E
:102560008EE723788AE723784BF0200B86E7082252
:10257000002120A8FEF7AEFC01231C4458E7B4EB71
:102580000508064610D02599269B013143440729AA
:10259000C7E900582693259117DC0837059B43446B
:1025A0000593002E7FF460AF269B002B41F0038340
:1025B000079B9B8903F04003002B41F0CF860598D1
:1025C00051B0BDEC028BBDE8F08F079924AA5046AC
:1025D00001F022FF0028EBD127AFDFE70000000069
:1025E00000000000E8430020B9F1000FDCD0002318
:1025F000CDE90B3301228DF8DC908DF85F30089324
:102600000A9204930E9337AD0292269A1BF084032C
:10261000904600F005819DF85F1009B3DDF894C085
:1026200000260CF1010101200132786007290DF12B
:102630005F00CDE92512386000F33E8408377EB193
:10264000DDF894C00CF1010118A8023238600729A6
:102650004FF00200CDE92512786000F3208408379E
:10266000802B00F06583049B0A995E1A002E00F30C
:10267000E8801BF4807F40F021810A9B7B601A4434
:10268000259B3D600133072B2692259300F3BC83E5
:1026900008371BF0040F05D0069B02995D1A002D28
:1026A00000F31884DDE9053102988142ACBF5B1864
:1026B0001B180593002A40F0778300232593089B7D
:1026C0001BB108995046FFF761F927AF2546AEE6E2
:1026D000099B073323F00703B3EC028B9FEDA17B2B
:1026E000B0EEC86BB4EE476BF1EE10FA099300F34D
:1026F0003986B4EE488BF1EE10FA81F14685B9F1D6
:10270000610F01F07A83B9F1410F01F07084049BED
:10271000013301F07F82B9F1670F18EE903A4BF464
:10272000807801F0F584B9F1470F01F0F1840023BE
:10273000089318EE903A002BC1F20885B0EE487B62
:102740000026A9F14103252B01F2DD81DFE813F01A
:10275000A50CDB09DB09DB09700ADD0ADB09DB09F3
:10276000DB09DB09DB09DB09DB09DB09DB09DB0949
:10277000DB09DB09DB09DB09DB09DB09DB09DB0939
:10278000DB09DB09DB09DB09DB09DB09DB09DB0929
:10279000A50CDB09DB09DB09700ADD0A1BF0200F41
:1027A00040F0DE85099A1BF0100F52F8046B41F0DF
:1027B0001C861BF0400F099201F08E8046F3C03852
:1027C000434636B21FE2B9F1430F03D01BF0100F9E
:1027D00000F065860822002122A8FEF77BFB099AFB
:1027E00037AD126822AB2946504602F0DDFF0A9051
:1027F000013001F0AE850A9B23EAE3730293099B43
:10280000269A043309930023CDE90B338DF85F300A
:10281000089304930E931BF0840390467FF4FBAE61
:102820000699029E8E1B002E00F321849DF85F10F6
:1028300000297FF4F3AE049B0A995E1A002E7FF7FD
:1028400018AF4A49259B0F91102E27DD39464FF0CE
:10285000100837462E462546079C04E0103F102FEF
:1028600001F1080116DD013340481032072BC1E9A0
:102870000008CDE92532F1DD24AA2146504601F0B9
:10288000CBFD002840F09882103F102FDDE9253263
:1028900027A9E8DC2C4635463E460F4601330F9902
:1028A00039603244072BCDE925327E6000F3648421
:1028B0001BF4807F07F108073FF4DFAEB9F1650F25
:1028C00040F3AC82B5EE408BF1EE10FA40F052834B
:1028D000259B27493960013301320121072B2692BC
:1028E0002593796000F37F870837199B0D998B42F8
:1028F00080F2EB84109B11991A44C7E90013259BC1
:1029000026920133072B259300F3D38508370D9BBF
:102910005D1E002D7FF7BDAE1449259B0F91102D34
:1029200040F39787A146DDF81C8010260C4604E092
:102930000837103D102D40F38B8701331032072BE1
:10294000C7E90046CDE92532F2DD24AA41465046CA
:1029500001F062FD002840F02F82DDE9253227AF2B
:10296000E7E700BFFFFFFFFFFFFFEF7FF03600202C
:1029700030290020DDF8248058F8045B00238DF80E
:102980005F30002D00F0A185B9F1530F00F03787BB
:102990001BF010030B9340F03287049B002BC1F215
:1029A000FC801A460B99284601F0A0FE9DF85F3086
:1029B0000890002801F04884089A521B0A9222EAE3
:1029C000E27202920BB1013202920B9BCDF824808D
:1029D00004930E930C9308934FF0730915E6099B2B
:1029E00053F8042B0692002A80F27584069A099304
:1029F0005242069223784BF0040B3FE52B238DF8CF
:102A00005F3023783AE523784BF0800B36E521469A
:102A100011F8019BB9F12A0F01F09084A9F130035C
:102A2000092B98BF002201F2DD8211F8019B02EB15
:102A3000820203EB4202A9F13003092BF5D942EAE5
:102A4000E27304930C461BE5504601F045FE4368D3
:102A500013931846FEF78AFE15900646504601F07D
:102A60003BFE826823781492002E3FF407AD002AC3
:102A70003FF404AD1278002A3FF400AD4BF4806BB4
:102A8000FCE423784BF0010BF8E49DF85F202378F9
:102A9000002A7FF4F3AC20228DF85F20EEE41BF0D7
:102AA000200F4BF0100000F02884099B073323F01F
:102AB00007031A46596852F8083B099200228DF81C
:102AC0005F20049A002A18DB53EA010220F4906B7D
:102AD00015D1049A9AB910F001031A46029300F036
:102AE000738630238DF83F31049B0A92CDE90B3376
:102AF0000E9308930DF23F1587E520F4806B50ADDF
:102B000003F00702DB0843EA4173C908303253EA95
:102B10000106284605F8012DF2D11BF0010F00F047
:102B20001582302A00F012823023049905F8013C06
:102B3000023850AB1B1A99424FF00002B8BF194639
:102B4000CDE90B2208920A93054602910E925CE5AC
:102B50001BF0200F4BF0100121D1099B1A1D099B7E
:102B600004981B684FF0000840458DF85F801E46B2
:102B700059DB21F0800B002B40F08C850992002856
:102B800040F0E983CDE90B000A900E900290089086
:102B900050AD3AE51BF0200F00F0BE835946099B6B
:102BA000073323F0070200238DF85F30049BD2F82F
:102BB000048052F8086B0992002B35DB56EA0803B3
:102BC00021F0800B31D1049B002B40F0C483CDE970
:102BD0000B330A930E930293089350AD15E52378B7
:102BE0004BF0080B4AE41BF0200F4BF0100300F0F1
:102BF0007A83099A073222F007029B46536852F8FB
:102C0000086B09929846002BC0F2C282049A002AEF
:102C10000BDB56EA08032BF0800B06D1002A00F0EC
:102C20004187302607E009928B460A2E78F100038F
:102C300080F0BF823036049A9DF85F308DF83F6196
:102C4000012AB8BF0122029201220A920DF23F1519
:102C5000002B01F06D83029B013302930023CDE929
:102C60000B3308930E93D0E42378682B03BF63786B
:102C70004BF4007B01344BF0400BFFF7FFBB099A8C
:102C80001BF0200F02F1040300F0888312680599FD
:102C90001160C917516009932546FFF7C8BB237817
:102CA0006C2B03BF63784BF0200B01344BF0100BFF
:102CB000FFF7E4BB099A049E52F8041B002047F674
:102CC00030038642ADF860308DF85F000B46C0F2ED
:102CD000DB832BF0800545F0020B002940F0D68302
:102CE000002E00F0E686099230230122CDE90A2168
:102CF0000E918DF83F3102960DF23F154FF0780995
:102D00008E4608910C91A5E31BF0200F40F025831F
:102D1000099A1BF0100F52F8043B41F05E831BF040
:102D2000400F00F0E9859BB2099258460021C5E6A4
:102D3000069B02995E1A002E7FF795AC8B49259B66
:102D40000F91102E24DD38464FF010082F461946FB
:102D50002546864C04E0103E102E00F1080013DDDD
:102D6000013110320729C0E90048CDE92512F2DD12
:102D7000079924AA504601F04FFBE8B9103E102EE7
:102D8000DDE9251227A8EBDC2C460B463D4607461D
:102D900001330F9939603244072BCDE925327E602B
:102DA00000F3638508375EE4079924AA504601F0D2
:102DB00033FB00283FF481AC089B002B3FF4F8ABB9
:102DC00008995046FEF7E2FD079B9B8903F04003FC
:102DD000FFF7F2BB109B11991A44C7E90013259B1A
:102DE00026920133072B259300F3068707F108018C
:102DF0000028C1F21E810D980D6001330244072B9B
:102E0000CDE92532486046DD079924AA504601F0F5
:102E100003FB0028D0D1269A27AF3AE40D98259BD2
:102E2000012802F1010203F1010307F1080140F357
:102E300064810120072BCDE925323D60786000F3E5
:102E40002C821098119E01330244072BC1E90060C7
:102E5000CDE9253200F32D8208310D98B5EE408B77
:102E6000F1EE10FA00F1FF3600F05F810133013519
:102E70003244072BCDE925320D604E6000F34981C5
:102E800008311298486001330244072B1CA8CDE991
:102E900025320860B8DC01F10807FFF7FABB079993
:102EA0000F9324AA504601F0B7FA002884D1269A3D
:102EB0000F9B27AFFFF7D4BB07990F9324AA504667
:102EC00001F0AAFA00287FF477AF269A0F9B27AF6C
:102ED000FFF7B5BB102D259B41F3D580A046DDF84B
:102EE0001C90234C102604E0103D102D07F108071C
:102EF00015DD01331032072BC7E90046CDE9253235
:102F0000F2DD24AA4946504601F086FA00287FF4F3
:102F100053AF103D102DDDE9253227AFE9DC214606
:102F20004446884601332A44072BC7E90085CDE98A
:102F300025327FF7B7AB079924AA504601F06CFA07
:102F400000287FF439AF269AFFF7ACBB049950AA4A
:102F5000521B91424FF00003B8BF1146CDE90B332D
:102F600008930A9202910E93FFF74FBBF0360020B0
:102F7000342F00201998002840F300840B9B0D99F2
:102F80008B42A8BF0B46002B98460ADD1A44C7E9BE
:102F90000053259B26920133072B259300F3B4871A
:102FA00008370B9EB8F1000FA8BFA6EB0806002E4D
:102FB00000F3AB820B9B1BF4806F03EB050940F021
:102FC000CA82199B0D998B4203DB1BF0010F00F0A5
:102FD0007D85109911980A44C7E900012599269228
:102FE00001310729259100F39B8708370D996E1849
:102FF000A6EB0906CD1AAE42A8BF2E46002E0BDD69
:10300000259BC7F8009001333244072B7E6026923F
:10301000259300F3D3870837002EA8BFAD1B002DE2
:103020007FF737ABB949259B0F91102D40F31184E1
:10303000A146DDF81C8010260C4604E00837103D40
:10304000102D40F3058401331032072BC7E90046E9
:10305000CDE92532F2DD24AA4146504601F0DCF9E3
:1030600000287FF4A9AEDDE9253227AFE7E72599EF
:10307000102E404640F361870F943A46A846079CBD
:10308000A34D1F4604E0103E102E02F1080216DD8B
:103090000131103010230729CDE925101560536048
:1030A000F1DD24AA2146504601F0B6F900287FF44C
:1030B00083AE103E102EDDE9251027AAE8DC3B4642
:1030C0000F9C17462A464546904601F1010C3218DE
:1030D000BCF1070FCDE925C2C7F800807E6000F380
:1030E00036839DF85F100837002940F0F880002BE8
:1030F0003FF4B9AA0B46FFF7A5BA1BF0010F7FF406
:1031000098AE0120072BCDE925323D6078607FF72E
:10311000B8AE079924AA504601F07EF900287FF442
:103120004BAEDDE9253227A9ABE60D9801287FF7E4
:10313000A8AE112875480F9040F3B783A046079FAB
:103140001025044604E00831103E102E40F3AC83F5
:1031500001331032072BC1E90045CDE92532F2DDFC
:1031600024AA3946504601F057F900287FF424AECE
:10317000DDE9253227A9E7E7079924AA504601F09F
:103180004BF900287FF418AE269A27AFFFF771BAE3
:103190002D238DF85F30049B764268EB4808002BA6
:1031A000FFF643AD0A2E78F100032BF0800BFFF4FD
:1031B00041AD0294CDF8289050A9DDF850900897C1
:1031C0004FF0000C0BF4806426E016EB0803514826
:1031D00043F10003A0FB032020F0030202EB900266
:1031E0009B1AF31A4B484FF0CC32B646474602FBC7
:1031F00003F268F1000800FB0822A3FB0063BEF1A4
:103200000A0F13444FEA560677F10007294646EAAB
:10321000C3764FEA53082DD33E4D16EB080343F116
:103220000003A5FB032020F0030202EB90029B1A8F
:10323000F31AA3FB053268F1000005FB00225B08CE
:1032400043EAC27303EB8303A6EB430330330CF171
:10325000010C01F8013C4D1E002CB6D099F800304D
:103260006345B2D1BCF1FF0FAFD00A2E78F1000355
:1032700080F0B3830499029CCDF8509050AB5A1B58
:103280009142B8BF1146DDF82890089F9DF85F3045
:10329000CDF834C00A920291DAE4079924AA504684
:1032A00001F0BAF800287FF487ADDDE9253227A9BF
:1032B000C7E5079924AA504601F0AEF800287FF42C
:1032C0007BADDDE9253227A9C7E51BF0010F3FF4EF
:1032D000E0A9FFF70FBB09932378FFF7CFB81E468D
:1032E0000023FFF79EB9099A0432099909920E68E2
:1032F0004FEAE6789B46434685E4099B1A1D099BE5
:1033000009921B680021FFF7D9BB00BFF0360020EF
:10331000342F0020CDCCCCCC099A1BF0100052F8F1
:10332000043B41F057801BF0400100F0A8818DF86C
:103330005F009BB204994FF0000841451E46C0F261
:10334000A9812BF0800B002B40F0A481049B0992F3
:10335000002B3FF43CAC00266CE45846FFF7A5BBBD
:103360005B4646E4B5EEC08BF1EE10FA2BF0800B15
:1033700000F11E839DF85F30B9F1470FCCBFA44D1B
:10338000A44D002B40F052870322CDE90B33089364
:103390000A9204930E930292FFF737B91BF0100FB5
:1033A00040F07C821BF0400F40F0A7831BF4007FAD
:1033B00000F07482099A0599126811706BE4964EB8
:1033C0001BF0200F00F07D81099B073323F00703DA
:1033D0001A46586852F8083B09921BF0010140F068
:1033E0005C81049A8DF85F10002AC0F28B8153EA49
:1033F00000022BF4906B00F0948103F00F02B25C9A
:103400008DF83F211B0943EA0073020953EA1010AB
:103410000DF23F150BD003F00F001B09305C05F8CF
:10342000010D43EA0273120953EA0200F3D1049A30
:1034300050AB4FF0000E5B1B9A42CDE90BEEB8BFCC
:103440001A460A930292CDF820E0CDF838E0002920
:103450003FF4DBA8029BDDE925C2023302931BF097
:1034600084039046614604D1069E0298361A002EC7
:1034700006DCBEF1000F3FF4E5A80226FFF7D1B845
:103480000223F5E5654E9BE74BF0020B0992634E74
:1034900003F00F020221B25C4FF07809B0E7099BFC
:1034A0001B688DF8DC30012302930A9337ADFFF7D8
:1034B000A6B9079924AA504600F0AEFF00287FF471
:1034C0007BAC269A27AFFFF722BA049B0895062B00
:1034D00028BF062302930A932B460495CDE90B33AC
:1034E0004F4DCDF824800E93FFF78FB84021504602
:1034F000FCF74AFC079B18601861002800F0608701
:10350000079A40235361FEF783BF102E259B40F39B
:103510002E874448DDF81C800F9039464FF0100983
:10352000074604E00831103E102E40F32B82013391
:103530001032072BC1E90079CDE92532F2DD24AA4A
:103540004146504600F068FF00287FF435ACDDE9C5
:10355000253227A9E7E70D9BDDF83880CDF83CB090
:10356000EB1804930C9BDDF81CB00B94002B4E461B
:103570003946DDF85090159F0E9531DDB8F1000FFA
:1035800040F32B8108F1FF382598139B01303A4412
:103590000728C1E900372692259000F39F80083163
:1035A000049B99F800009D1B8542A8BF0546002D8D
:1035B0000CDD259801302A440728C1E900652692D0
:1035C000259000F35E8199F800000831002DACBF12
:1035D000441B0446002C14DC06440C9B002BCDDC61
:1035E000B8F1000FCEDCDDE90D35EB189E42CDF8C9
:1035F00050900B9CDDF83CB0B1460F4628BF994671
:10360000DFE4102C2598074B2BDD10250A9310E0E2
:10361000B0270020F82800201429002000290020CD
:1036200028290020F0360020103C102C01F1080160
:1036300016DD0130AE4B10320728C1E90035CDE967
:103640002502F1DD24AA5946504600F0E5FE002887
:103650007FF4B2AB103C102CDDE9250227A9E8DC91
:103660000A9B0B60013022440728CDE925024C60FB
:1036700000F3588399F8000008310644ADE71BF4C5
:10368000007840F0328204998DF85F8000291E4650
:10369000BFF657AE0992FFF7C8BA53EA000237D017
:1036A00030228DF8602000228DF85F20049A8DF87A
:1036B0006190002A23DB2BF4906242F0020B02217E
:1036C0009BE6099A1BF0100F52F8043B099214D1A3
:1036D0001BF0400F0DD09BB200207EE624AA594675
:1036E000504600F099FE00287FF466AB269A27A981
:1036F00056E71BF4007F40F0F58100206DE64BF0AB
:10370000020B022103F00F022BF4806BB25C77E610
:10371000049B00218B428DF85F10C0F241812BF495
:10372000906B049A002A00F0CB80012A33788DF840
:103730003F31B8BF0122002302920122CDE90B33B1
:1037400008930A920E930DF23F15FEF75EBF07999C
:103750000F9324AA504600F05FFE00287FF42CABA4
:103760009DF85F10269A0F9B002900F0AC801E4642
:10377000DDF894C0034627AFFEF753BF259B5D4994
:103780003960013301320121072B2692259379609C
:1037900000F37C81083700287FF41CAB0D990BF0F7
:1037A00001030B433EF475AF109B11991A44C7E90E
:1037B0000013259B26920133072B259300F31C82CF
:1037C00007F10801FFF717BB049B0A93CDE90B3300
:1037D0000E93089350ADFEF718BF0C9B013B09F107
:1037E000FF390C93D0E6079924AA504600F014FE46
:1037F00000287FF4E1AA269A27AFFFF776B80822BF
:10380000002122A81B95FDF765FB049B002B7DDBA7
:1038100000260294CDF82080344698460EE037A961
:10382000504601F0C1FF411C204400F09484404503
:1038300009DC06F1040600F0008504461B9A925943
:1038400022AB002AEBD10A94DDF82080029C6AE0CA
:103850004C4601330F9939602A44072B7D60CDE92E
:1038600025327EF715AFFFF7CFBA079924AA504645
:1038700000F0D2FD00287FF49FAA269A27AFFEF71A
:10388000F2BE24AA5946504600F0C6FD00287FF437
:1038900093AA99F80000269A27A997E6099A05990C
:1038A00012681160FFF7F7B9444601330F980860BA
:1038B0003244072BCDE925324E607FF7E1AA28E498
:1038C000049BFFF784B9002B00F00981DDF894C058
:1038D0000B4627AFFEF7B6BE1BF4007F16BF46F3BC
:1038E000C0184FEAE67876B24346FFF78CB900BFBE
:1038F000F0360020302900201BF4007100F0F98020
:10390000DBB2099258460021FFF7D8B822AB0093EA
:1039100000231BAA1946504601F06EFF0A900130A1
:1039200000F019841B950A9B002B00F09F80632BED
:1039300000F34C810023089337AD0822002122A810
:10394000FDF7C8FA0A9E22AB00931BAA334629460C
:10395000504601F051FF864240F042850A9A00230A
:10396000AB5422EAE27202929DF85F20049312B1F6
:10397000029A01320292CDE90B33CDF824800E93E6
:10398000FEF743BE0F4601330F9939603244072BCF
:10399000CDE925327E6000F323810837FFF70ABBAB
:1039A00033788DF83F312BF4806B0DF23F153EE5F7
:1039B0002D238DF85F30B9F1470F4FF000030893C6
:1039C000049340F3E6800322964D0A92CDE90B332F
:1039D0000E9304230293FEF718BE159A1399AD1A9D
:1039E0002846FDF79BFB99F801300BB109F101095D
:1039F0008D4A16EB080343F10003A2FB030727F0EF
:103A0000030000EB97001B1AF31A4FF0CC3168F15A
:103A1000000803FB01F102FB0811A3FB0230014483
:103A20005B0843EAC1764FEA510816EB080343F1FD
:103A30000003A2FB031020F0030101EB90015B1ACD
:103A4000F31AA3FB023168F100005B0802FB0012CD
:103A500043EAC27303EB8303A6EB4303303305F859
:103A6000013C4FF0010C013DFFF7F8BB9DF85F30C2
:103A7000CDF82480003B18BF012302930A9B0493D6
:103A8000CDE90B330E930893FEF7BFBD079924AA27
:103A9000504600F0C1FC00287FF48EA91998269AA0
:103AA00027AF78E69DF85F3002920A9250ADFFF79B
:103AB000CFB8049B0992CDE90A330E930C9302937D
:103AC00050AD4FF078099E460893C3E46E18A6EBFC
:103AD0000906CD1AAE42A8BF2E46FFF79DBA27AF02
:103AE000FEF7C1BDDBB2002077E48DF85F10DBB2DA
:103AF00020E409925846FEF7E1BF099A0599126839
:103B00001180FFF7C8B822AB01931BAB0093B0EE56
:103B1000470B049A19AB022150468DED027B00F051
:103B20002DFF9DED027B05461BF0010F40F05582F5
:103B3000229B5A1B199B0D92D81C0B93C0F2018239
:103B400004999942C0F20B819A4200F392820B9B36
:103B50000A931BF4806F03D00B9B002B00F32D8383
:103B60000A9B23EAE373C34602934FF067090023DD
:103B70000E930C930BF00201002E00F0CA804FF060
:103B80002D0E8DF85FE0029B013302930023049316
:103B90005DE40322254D0A9218E72846FDF7E6FD6D
:103BA0009DF85F300A9020EAE0720292002B3EF40A
:103BB0000CAFFEF708BF079C24AA2146504600F030
:103BC0002BFCA38903F04003FEF7F6BC591C5046BA
:103BD000FCF7DAF80546002800F0F6830890ACE61A
:103BE000079924AA504600F017FC00287FF4E4A8A7
:103BF000269A27AFFFF7DEB9079924AA504600F0AE
:103C00000BFC00287FF4D8A8DDE92532199827A9F4
:103C1000FFF7EEB800230893062304934BF4807853
:103C2000FEF787BDB0270020CDCCCCCCF8280020F3
:103C3000049B01330D93022122AB01931BAB009334
:103C4000B0EE470B19AB0D9A50468DED027B00F09C
:103C500095FE0D9B29F0200CBCF1460F9DED027BDB
:103C6000054600EB030100F09880B5EE407BF1EED5
:103C700010FA00F0D882229B994288BF4FF0450C81
:103C800040F2CF8230205A1C22921870229B8B4225
:103C9000F9D35B1B0D93BCF1470F199B0B9356D0C7
:103CA000BCF1460F00F08F800B9B8DF87090013BAC
:103CB000002B1993C0F24C812B22092B8DF8712017
:103CC00000F34F8130228DF872200DF173023033F2
:103CD00002F8013B1CABD31A12930D9B129A012BD5
:103CE0001A440A9240F341820A9B109A13440A93A1
:103CF0000A9A2BF4806343F4807B22EAE272002369
:103D0000CDE90B330E93029234E7049B0D9303210C
:103D100092E79DF85FE0BEF1000F7FF434AF0496A8
:103D2000FFF795BB24AA5946504600F075FB0028C2
:103D30007FF442A899F80000269A27A906444CE48B
:103D4000199B0B934B1BBCF1470F0D933BD10B9B66
:103D50000333C0F2F680049B0B9A93420FDA0B9B5D
:103D6000013BA9F10209002B8DF870901993A3DA99
:103D70000B9B2D22C3F101038DF87120A2E70D9B4F
:103D80000B9A934200F375811BF0010F0B9B00F01F
:103D9000B282109A13440A93DBE62B78302B00F0A2
:103DA0006182199B1944B5EE407BF1EE10FAC7D041
:103DB000229B8B42FFF466AF5B1B0D93BCF1470F58
:103DC000199B0B93C3D00B99049A0BF001030029A4
:103DD00043EA020340F3CF82002B40F01A820B9B90
:103DE0000A934FF066091BF4806F40F0E8810A9B4C
:103DF00023EAE373C3460293B9E647F63003ADF80E
:103E00006030049B632B4BF0020B00F35C8118EED7
:103E1000903A002BC0F23B81B0EE480B19A800F09D
:103E2000B5FCB4EE007B20EE077BB5EE407BF1EEF7
:103E300010FA40F0408201230026199337AD08960E
:103E4000AE480499B3EE004B2B4606E0B5EE407B3E
:103E5000F1EE10FA00F00F82114627EE047BFDEE22
:103E6000C76B4A1E16EE90CA10F80CE0B8EEE65B7F
:103E70009C4637EE457B03F801EB0029E6D1B6EE10
:103E8000005BB4EEC57BF1EE10FA08DCB4EE457BC6
:103E9000F1EE10FA1ED116EE902AD2071AD5CDF8FF
:103EA00088C013F8011C90F80FC08C451A460AD13F
:103EB0004FF0300E02F801EC229A511E229112F8B6
:103EC000011C6145F6D0392916BF0131817AC9B28A
:103ED00002F8011C199A5B1B0D93B9F1610F02F1F5
:103EE000FF33199300F01F8250214FF04109002B3E
:103EF0008DF87010C0F20E822B22092B8DF87120E4
:103F00002FDC0DF17202E2E6079924AA504600F078
:103F100083FA00287EF450AF269A27AFFFF741B806
:103F2000079924AA504600F077FA00287EF444AF9F
:103F3000199B269A27AFFFF759B8DFF8CC81FFF716
:103F4000C4B80B9BA9F10209013B8DF8709019933D
:103F50000B9A2D238DF87130C2F101030832BFF6A0
:103F6000B1AE0DF17F0CDFF8A4E162461046AEFB66
:103F70000312D20802EB8201A3EB41013031632B23
:103F800000F8011C134600F1FF32EFDC303302F879
:103F9000013C831E634580F0C8810DF1710213F866
:103FA000011B02F8011F6345F9D103F5A0736B44AF
:103FB000CC3B1B1A1CAA9B1A12938EE6079924AAC3
:103FC000504600F029FA00287EF4F6AE199D0D9BAC
:103FD000269A5D1B27AFFFF71FB8049B4FF0470CD5
:103FE000E918E0E600230C460493FEF749BA45F6CB
:103FF0003003ADF86030049B632B4BF0020B62DCA6
:1040000018EE903A002B42DBB0EE480B19A800F0F6
:10401000BDFBB4EE007B20EE077BB5EE407BF1EEFE
:1040200010FA01D10123199300263548089637ADBF
:1040300007E74642103033480F9052DA1027804687
:1040400003E00831103E102E4BDD01331032072BF8
:10405000C1E90087CDE92532F3DD079924AA50464E
:1040600000F0DAF900287EF4A7AEDDE9253227A9B1
:10407000E8E70D9B109A9A180B9B0A92002B79DDAA
:104080004FF06709AFE6DFF88080FEF74BBF0023F3
:10409000089337AD2D26B1EE487BB0EE470B19A83B
:1040A00000F074FBB4EE007B20EE077BB5EE407BA6
:1040B000F1EE10FA04BF01231993B9F1610F3FF437
:1040C000BFAE0F48BDE6049B5046591CFBF75CFE93
:1040D0000546002800F03D8108904BF48078FEF7FB
:1040E00028BB01330F9808603244072BCDE92532F5
:1040F0004E6000F302810831FEF77DBE00290020EA
:1041000014290020F0360020342F0020CDCCCCCC58
:10411000049A002A00F0D480002BC0F22481B0EE73
:10412000487B002622AB01931BAB0093B0EE470BFC
:1041300019AB049A022150468DED027B00F01EFC63
:1041400000239DED027B05460893EDE42D26B1EE9C
:10415000487BFEF7F6BA079B9B890022089243F042
:104160004003079A9381FEF727BE1BF0010F3FF42F
:10417000BFADB9E5C3F101031A4422EAE273C346B5
:104180000A9202934FF06709F1E418EE903A13F0A7
:1041900000432BF0800B0B9300F09A802D238DF8B9
:1041A0005F30B9F1470F4FF000030893049340F3D9
:1041B000F8800322944D0A9208E44FF0670914999D
:1041C0000B78FF2B00F0F88000200B9A0E908446AD
:1041D00003E001300131FF2B09D0934207DAD21AF4
:1041E0004B78002BF5D10B780CF1010CF3E7CDE9FE
:1041F0000B201491CDF838C00C9A0E9B15991344DE
:104200000A9A01FB03230A9323EAE373C34602934A
:10421000B0E4109B02EB01094B440A934FF066098E
:10422000E1E55B1B0D93199B0B933DE500230322F6
:1042300008930A920493FFF7C9BB049B029CDDF824
:1042400020800A93FFF76FBBCDF824801BB3049B3B
:104250000A935A1C029204900E900C904FF073092E
:10426000FEF7D3B9B5EE407BF1EE10FA1ED1199BE3
:104270000B93194466E5002A0491FFF62BAE0499CE
:10428000302001EB030C194601F8010B6145FBD10D
:104290001A44531C1EE6049B0A930293089B0E9338
:1042A0000C9304934FF07309FEF7AFB90D9BC3F164
:1042B0000103199376E500265448089637ADC0E50A
:1042C000934273DBB0EE487B0123049E049329E7FD
:1042D0009DF85F30B9F1470FCCBF4B4D4C4D002BD3
:1042E00040F08680032204930A920E930C93089365
:1042F0000292FEF78AB90A932BE4079924AA504642
:1043000000F08AF800287EF457ADDDE9253227A9B0
:10431000FEF771BD2D238DF87130C2F10103083213
:10432000FFF61FAEEDE57021E1E502231293D4E420
:10433000CDE90B3308930E93FEF767B9099A6378BA
:104340000C4652F8041B099241EAE1710491FEF710
:1043500095B8079A938943F0400393814FF0FF3358
:104360000593FEF72CB92D26B1EE487BDAE62949F4
:104370000F91FFF708BBC34633B9012302934FF0F7
:1043800066090A93FFF7F3BB109B03F10109049B35
:104390004B440A9323EAE37302934FF06609FFF755
:1043A000E6BB03221A4D0A92FFF710BB01232D260C
:1043B0000493B1EE487BB5E600230E930C931BE704
:1043C0000C23CAF80030C9E7079B08909B8943F08B
:1043D0004003C6E65946FEF7C2BB5846FEF78FBFFC
:1043E000079B9B8943F04003BBE65B46FEF77DBF1E
:1043F000002304930E930C93089303230A9304233E
:104400000293FEF702B900BFAC270020002900206C
:10441000FC280020F03600202DE9F0411546926876
:1044200002B32C6807468846083401E00834C9B155
:104430006B68581E002B1146686013DD54F8046C3D
:10444000002EF3D0334654F8082C4146384602F08B
:1044500069FB431C07D0AA68921B1146AA60083466
:104460000029E5D100200023C5E90133BDE8F08132
:1044700070B5002941D006460C4610B1436B002BA5
:104480003ED0FCF771FB636EB4F90C20DD0730D42D
:10449000900538D52146304600F04CF8E36A0546D1
:1044A00033B1E169304698470028B8BF4FF0FF3577
:1044B000A3891A0639D4216B41B104F14003994212
:1044C00002D03046FDF762FA00232363616C21B10C
:1044D0003046FDF75BFA00236364636E0022DB075E
:1044E000A2811ED5A06DFCF759FFFCF743FB2846BF
:1044F00070BD002ACED1FCF73DFB0025284670BDDB
:10450000FCF714FBBDE7A06DFCF74AFFB4F90C30D3
:10451000002BBFD1636ED907EDD4A06DFCF742FF2D
:10452000E9E7A06DFCF73EFFDCE721693046FDF7C7
:104530002DFAC0E7B1F90C202DE9F04180461007B3
:104540000C4650D4496842F400630029A38164DD1D
:10455000A66A002E44D0002112F48052D8F80050F0
:10456000C8F8001065D1E16901234046B047411CFD
:1045700002466CD0B4F90C30A66A5B0705D56368B7
:10458000D21A236B0BB1E36BD21A0023E1694046C8
:10459000B047471CB4F90C304DD1D8F800101D2994
:1045A00040D8304ACA40D6073CD52269226023F45D
:1045B0000062A281D9044FF00002626003D5D8F8EE
:1045C0000030002B41D0216BC8F8005041B104F1FC
:1045D0004003994202D04046FDF7D8F900232363F7
:1045E0000020BDE8F0810E69002EF9D00D680E6044
:1045F00092070CBF4B690023AD1B8B600AE02B4672
:104600003246E169676A4046B8470028A5EB0005D5
:10461000064406DD002DF2DCE2E7E16B002997DCC1
:10462000DEE7A38943F04003A3814FF0FF30BDE8EC
:10463000F081226DA1E72269226023F40062A28149
:10464000DB044FF000026260BDD52065BBE7D8F8FF
:104650000030002B8ED01D2B01D0162BE1D1C8F8D5
:104660000050BDE70100402000B5034683B008B10B
:10467000426B52B3B1F90C0098B14A6ED20701D423
:10468000820512D518460091FFF754FF00994A6E33
:104690000346D00702D48A8992050ED5184603B086
:1046A00000BD0346184603B000BD886D019300911C
:1046B000FCF776FEDDE90013E4E7886D0093FCF774
:1046C00071FE009B184603B000BDCDE90001FCF768
:1046D0002DFADDE90031CDE700487047C0450020E4
:1046E00000000000000000000000000001F0FF01D9
:1046F000102A2BDB10F0070F08D010F8013B013A0D
:104700008B422DD010F0070F42B3F6D1F0B441EA3E
:10471000012141EA014122F007047FF00007002354
:10472000F0E80256083C85EA010586EA010685FAAA
:1047300047F5A3FA87F586FA47F6A5FA87F68EB904
:10474000EED1F0BC01F0FF0102F0070232B110F827
:10475000013B013A83EA010313B1F8D1002070470D
:1047600001387047002D06BF35460338073815F06D
:10477000010F07D1013015F4807F02BF013015F41D
:10478000C03F0130F0BC0138704700BF4DF804BD98
:1047900083B08DED000B019ADFF870C022F000436A
:1047A00000216345016025D8DDF800C053EA0C0CF8
:1047B00020D0DFF85CC002EA0C0CBCF1000F0AD17B
:1047C0009FED107B20EE077B8DED007B019A6FF053
:1047D000350122F00043DDE900BC6FF31E5242F0C8
:1047E0007F5C1B154CF4001CA3F2FE33CDE900BC2A
:1047F0000B4403609DED000B03B05DF804BB7047F4
:10480000AFF300800000000000005043FFFFEF7F87
:104810000000F07F00B50B4C2468864685B0E06848
:104820009C460C4652B108490094CDE901127346EA
:104830000649624600F0ECFFF3F75CFE04490A46C5
:10484000F2E700BF50460020342900204429002010
:10485000AC2600202DE9F04F03690C69A34283B018
:10486000C0F28880013C01F1140500F1140855F8EC
:10487000243058F82420013308EB84069A4200962D
:104880004FEA840B05EB8407B2FBF3F63AD300231F
:104890000191C64629469C4651F8042BDEF800904B
:1048A0001FFA82FA06FB0A334FEA134A120C06FB80
:1048B00002A29BB21FFA89FAAAEB030363441FFA10
:1048C00082FCCCEB234C0CEB194C9BB243EA0C431F
:1048D0008F424EF8043B4FEA2C4C4FEA1243DBD296
:1048E00058F80B3001996BB9009B043B984504D3F1
:1048F00007E0984504F1FF3403D21A68043B002A0C
:10490000F7D004618146FDF717FC00282EDB013645
:104910004146002255F8040BD1F800C01FFA80FE72
:104920001FFA8CF3A3EB0E031344020CC2EB2342D9
:1049300002EB1C429BB243EA0243AF4241F8043B04
:104940004FEA2242E6D258F8242008EB84036AB9E1
:10495000043B984504D307E0984504F1FF3403D2A3
:104960001A68043B002AF7D0C9F81040304603B05B
:10497000BDE8F08F002003B0BDE8F08F2DE9F04FC7
:1049800093B08DED000B0491816B1C9D069257EC4A
:10499000106B0446089341B1C26B4A6001239340F7
:1049A0008B60FDF73FF90023A363B7F10008B4BFA4
:1049B000012300232B60A34BBCBF28F00048CDF897
:1049C000048033EA080300F092809DED007BB5EE91
:1049D000407BF1EE10FA0DD1089A012313601D9B64
:1049E00013B11D9A984B1360984B0293029813B021
:1049F000BDE8F08F10AAB0EE470B11A920468DED4F
:104A0000027BFDF779FC5FEA18539DED027B109A5B
:104A1000834640F08280119B134403F232412029E7
:104A200040F3E281C1F1400108FA01F803F21241BA
:104A300026FA01F148EA010106EE101AB8EE466BBB
:104A4000013B16EE901A4FF00108A1F1F8719FEDAD
:104A5000772BB7EE081B9FED775B9FED784B06EE4B
:104A6000901A03EE903A36EE416BB8EEE33BA6EEB9
:104A7000025BB0EE456BA3EE046BFDEEC65BB5EEDC
:104A8000C06BF1EE10FACDED055A00F1C08005992A
:104A9000D21A162902F1FF3A00F2A4806C4B03EB04
:104AA000C10393ED006BB4EEC67BF1EE10FA00F19A
:104AB000A281002A40F3C0840027CDE90A178A4466
:104AC00000230993049B092B3DD8052BC4BF043B4D
:104AD0000493049BA3F10203CCBF00250125032B03
:104AE00033D8DFE813F0FA01F701ED019201089ADB
:104AF000C8F3130842F20F7358EA060813601BD17B
:104B00001D9B002B00F04286524B029308331D9AE6
:104B10000298136013B0BDE8F08F17EE901AB0EE54
:104B2000476BC1F3130141F07F51A3F2FF3341F40E
:104B300040114FF000088AE71D9B002B40F0618177
:104B4000454B029352E7002304930025E563294671
:104B500020468DED067BFDF73BF89DED067B029030
:104B6000002800F0B485119A029BA363002A75DB2C
:104B700005990E2972DC364B03EBC10393ED003B24
:104B800087EE036BBDEEC66B029916EE103A30331A
:104B900001F8013B4FF0FF39B8EEC65BA5EE437B51
:104BA0000123B2EE044B11E087EE036BBDEEC66B42
:104BB000013316EE102A4B4502F13002B8EEC65B07
:104BC00001F8012BA5EE437B00F0A38427EE047BC4
:104BD000B5EE407BF1EE10FAE6D1059B013304936C
:104BE0000D46ECE001230B93059BBAF1000FBABF11
:104BF000C2F101074FF0000A0027002B80F2F1807C
:104C0000059BFF1A5B42099300230A935AE7B8EE0B
:104C1000E55BB4EE465BF1EE10FA3FF438AF059970
:104C20000139059133E700BFAFF3008061436F6343
:104C3000A787D23FB3C8608B288AC63FFB799F50B5
:104C40001344D33F0000F07F312900203029002099
:104C5000580D002074290020802900204FF0FF39D2
:104C60000695CDF83090B8F1000F00F0E984DDF83A
:104C7000248002F23342012120469244BD18FDF700
:104C800097F80646002F40F09F82099B002B00F00A
:104C90009383B8F1000F40F077835946099A204674
:104CA000FDF778F901238346099301212046FDF79A
:104CB0007FF80A9B8046002B40F04582049B012B25
:104CC00040F3AA820120504410F01F0000F0088138
:104CD0001B2800F3D582C0F11C0005440744824420
:104CE000002D05DD59462A462046FDF7AFF98346DB
:104CF000BAF1000F05DD414652462046FDF7A6F900
:104D000080460B9B002B40F00082B9F1000F40F36E
:104D1000D781099B002B40F02481059B013304932C
:104D2000029F012507E0594600230A222046FCF78E
:104D300083FF0135834641465846FFF78BFD4D45BD
:104D400000F1300A07F801ABEDDB029BB9F1000F6F
:104D500003F1010209F1FF394FF00003D8BF4FF012
:104D6000000991440093594601222046FDF76EF94F
:104D700041468346FDF7E0F9002840F32083029A7C
:104D800002E0914500F026834D4609F1FF3915F800
:104D9000013C392BF5D0013389F8003041462046DB
:104DA000FCF740FF5EB1009B2BB1B34203D0194624
:104DB0002046FCF737FF31462046FCF733FF5946C3
:104DC0002046FCF72FFF00232B70089B049A1A60E3
:104DD0001D9B002B3FF40AAE02981D6013B0BDE886
:104DE000F08F9A440A936BE6C1F1200106FA01F1B3
:104DF00006EE101A22E6059B013B059300230B9358
:104E0000F2E6AC4B0293033381E601230D93DDE917
:104E10000523134403F101094E46012E0C93B8BF3C
:104E20000126172E40F39C84012204235B0003F12A
:104E30001400B042114602F10102F7D9E1632046A5
:104E40008DED0E7BFCF7C4FE0290002800F03F843D
:104E5000B9F10E0F9DED0E7BA06346D8002D44D016
:104E60000599002940F3F182934B01F00F0203EB07
:104E7000C203CD0593ED006B4FEA211340F18A8305
:104E80008E4A92ED085B03F00F03032187EE054B7A
:104E9000002B00F0FB81894A01E05B100832D80743
:104EA00003D45B100832DE07F7D592ED005B5B1090
:104EB00001F1010126EE056B00F0E8810832F2E70E
:104EC00001230D93069B002B40F38B81069E0C96CD
:104ED000B146A6E700230D9399E700230D93F1E770
:104EE0001C20054407448244FAE6119A002AC0F2C5
:104EF0004081059B0E2B00F33C816F4B059A03EB21
:104F0000C20393ED003B069B002B80F2ED82B9F1CA
:104F1000000F00F3E98240F08682B1EE046B23EECD
:104F2000066BB4EEC67BF1EE10FA494640F27C8285
:104F3000029D312305F8013B2046FCF773FE059BDB
:104F4000023304933BE7314600230A222046FCF754
:104F500073FE0C9B002B064640F3FA83DDF830907D
:104F60000595002F05DD31463A462046FDF76EF8DF
:104F700006460A9B002B40F0F6823746029D6B1EC8
:104F80004B440A93009B03F001030C93414658469F
:104F9000FFF760FC31460B9000F1300A5846FDF7F0
:104FA000CBF8414681463A462046FDF7E5F8C3680E
:104FB0000146002B36D109905846FDF7BDF80999F6
:104FC00006902046FCF72EFE069A002A5AD1049B32
:104FD0001BB90C9B002B00F0A483B9F1000F43DB3D
:104FE0000A9BA9469D4209F801AB00F0D7825946B9
:104FF00000230A222046FCF71FFEBE4283463146AC
:105000004FF000034FF00A02204635D0FCF714FEA3
:105010003946064600230A222046FCF70DFE4D467F
:105020000746B3E72046FCF7FDFDB9F1000F08DBAA
:10503000009B03F00102049B49EA030952EA0902BA
:105040002ED1594601222046FDF700F841468346FD
:10505000FDF772F8002840F34183BAF1390F00F0F0
:1050600024830B9B03F1310A05F801AB059B0096E5
:10507000013304933E4691E6FCF7DEFD4D460646BD
:10508000074683E7B9F1000FC0F28483049B49EA25
:1050900003090C9B53EA090900F07C83002A9FDD79
:1050A000BAF1390F00F001830AF1010305F8013B61
:1050B000DCE700BF80290020580D0020300D0020C3
:1050C000049B022B7FF725AEB9F1000F40F0008260
:1050D00041464B4605222046FCF7AEFD0146804680
:1050E0005846FDF729F8484540F3F281029D3123E7
:1050F00005F8013B41462046FCF794FD059B023331
:105100000493002E7FF457AE59E641465846FDF70A
:1051100013F80028BFF6F9AD594600230A222046AD
:10512000059DFCF789FD099B013D8346002B7FF41B
:105130000AAF0C9B002B40F3FE82059BDDF83090FC
:1051400004930595ECE51A4601462046FCF722FF3C
:10515000049B012B804640F3F98100230A93D8F881
:10516000103008EB83031869FCF7B8FDC0F120008C
:10517000A9E50D9B73B9002F67D1099B002B74D152
:105180001D461E4691E5119A002A03DB05990E295A
:105190007FF7B4AE049B012B7FF765AD099B09F146
:1051A000FF384345C0F27781B9F1000FA3EB08083F
:1051B00080F2BE82A7EB0903012120460D93FCF784
:1051C000F7FD3D460D9F0646BAF1000F7FF75DAD36
:1051D00057453B46A8BF5346ED1AFF1AAAEB030AF0
:1051E00053E50021E16320468DED067BFCF7F0FCE2
:1051F0009DED067B0290002800F06982029BA3636C
:10520000002D40F09F81119AAA42C0F27C820123B6
:105210000C93994606936CE6009B002B7FF452ADED
:10522000019BC3F31303002B7FF44CAD019B23F0D0
:1052300000431B0D1B05002B3FF444AD012301353A
:105240000AF1010A0A9318463DE5BAF1000F00F091
:10525000FE8157453B46099EA8BF5346FD1AAAEB5F
:10526000030A2F46002E3FF420AD5946099A2046E6
:10527000FCF790FE0023834609933D461E4614E545
:105280001C283FF42DADC0F13C002AE684EE065BFD
:105290000B9B3BB1B7EE006BB4EEC65BF1EE10FAC0
:1052A00000F1E081B1EE0C4B06EE901AB8EEE66B21
:1052B000A6EE054B14EE901A53EC142BA1F150738B
:1052C000B9F1000F00F09B80DDF814C0484643ECB4
:1052D000142BB64B029DFDEEC53B03EBC00212ED55
:1052E000022B13EE902A02F1300E0D9A691CB8EED3
:1052F000E36B0E4635EE466B002A00F05B81B6EE9E
:10530000003B83EE025B35EE445BB4EEC65BF1EE30
:1053100010FA85F800E000F32782B7EE001BB2EE2A
:10532000043B002518E001358542BFF62CAF26EE80
:10533000036B25EE035BFDEEC64B14EE902AB8EE30
:10534000E42B303236EE426BB4EEC56BF1EE10FA60
:1053500001F8012B00F1DF8131EE464BB4EEC54B75
:10536000F1EE10FADFD5029A0CF1010C02E0914245
:1053700000F097810D4611F8013D392BF7D001332C
:105380000B70CDF810C01AE5314642462046FCF7B6
:1053900001FE5A46014606462046FCF737FD5946AF
:1053A0000D902046FCF73EFC099BDDF834B0B3EBD2
:1053B000080309937FF471AC0123099375E403D1C9
:1053C0001AF0010F7FF4DBAC4D4619F8013D302B8C
:1053D000FAD0E3E4059B029A02330493312313705D
:1053E000DCE406EE901AB1EE0C4BB8EEE66BA5EEDF
:1053F000064B14EE901A53EC142BA1F1507343ECAE
:10540000142BB1EE046B35EE466BB4EEC46BF1EECB
:1054100010FA00F35681B1EE444BB4EEC46BF1EEDA
:1054200010FA7FF562AD00212046FCF7FBFB069BDE
:10543000029D5B420493C2E4059B0A939A460023B3
:10544000C2F101070B93FFF73BBB00F00781059A00
:10545000564B524202F00F0103EBC10393ED005B88
:10546000131127EE055B00F07981514A022101E01A
:105470005B100832DD0703D45B100832D807F7D57C
:1054800092ED006B5B1001F1010125EE065B3FF42C
:10549000FFAE0832F2E7099B0A9AA8EB03031A440D
:1054A000012120460A92FCF783FCCA4407EB090558
:1054B0000646CDF82480002F3FF4EFAB57453B461E
:1054C000A8BF5346ED1AFF1AAAEB030AFFF7E5BB84
:1054D00041462046FCF7A6FB069B029D5B420493D7
:1054E000002E7FF468AC6AE4029B5E1C87EE036BBF
:1054F000BDEEC66B029A16EE103AB9F1010F03F138
:105500003003B8EEC65B31461370A3EE457B7FF4E3
:1055100047AB37EE077BB4EEC37B059BF1EE10FA89
:1055200003F1010304939C4608DCB4EE437BF1EEE7
:1055300010FA05D116EE103ADB0701D5029A19E7E9
:105540000D463CE40C95A946069589E4009B002B8A
:105550007FF403AEDDE90012C2F31303002B00F069
:10556000C4800A91FBE571682046FCF731FB0546D3
:10557000002800F00481336902339A0006F10C011F
:105580000C30F2F771FC294601222046FCF75EFD43
:105590000746F3E40221B0EE474B79E4059B009601
:1055A00001333E460493FFF7DEBB00BF580D0020D9
:1055B000300D0020029A24EE022B012882F800E030
:1055C00014D0B2EE043B029A151826EE036BFDEEE2
:1055D000C65B15EE902A303201F8012BA942B8EED5
:1055E000E54B36EE446BF0D1711E0144B6EE005B24
:1055F00032EE054BB4EEC64BF1EE10FA3FF5B3AE0A
:1056000035EE425BB4EEC65BF1EE10FA0DDC119A9A
:10561000002AFFF6B0AD059A0E2A3FF7ACAD059A09
:1056200003EBC20393ED003B60E70D46013915F82B
:10563000013C302BF9D00CF101030493FFF7BFBB01
:10564000109ADDF82480C2F13602FFF714BB099EE0
:10565000002E7FF40AAE3D46FFF727BB0221B0EED5
:10566000475B15E6B9F1000F3FF4BBAE0C9800287C
:105670007FF73BACB2EE043BB1EE0C4B013106EED2
:10568000901A25EE035B059BB8EEE66BA5EE064B84
:1056900014EE901A03F1FF3C53EC142BA1F150735C
:1056A00015E60CF1010C31236AE6A946392309F805
:1056B000013B059B00960133029A04933E46FFF797
:1056C00063BB029D312305F8013B002134E4334BD9
:1056D0003348002240F2AF11FFF79CF87FF4C4ACCE
:1056E0001AF0010F7FF4B9ACBEE4019B23F0004334
:1056F0001B0D1B05002B3FF431AD012301350AF1D1
:10570000010A0A932BE50D9B002B33D101230C9347
:10571000994606932FE50CF1010304930D46FFF71C
:105720004EBBBAF1390FC0D091453FF79AAC9BE41C
:105730004A46FFF7A0BA049A022A05DC059A0492A9
:1057400099460595FFF7ECBA0595DDF83090BBE476
:10575000049A0595022AF8DC994602E4022197E5AD
:105760000021E163FFF76BBB0CF1010304930D46CD
:10577000FFF725BB0D9B069399460C930EE5074B4F
:1057800007482A4640F2EF21FFF744F8054B029301
:10579000FFF72CB9002A3FF754AC65E488280020B5
:1057A000842900207429002030B5044687B05BB1FD
:1057B00010480193D0F8C85171B12046A847421C47
:1057C000019B10D007B030BD00F5827309480193EA
:1057D000D0F8C8510029F0D10A46204603A9A847AD
:1057E000421C019BEED100218A221960226007B081
:1057F00030BD00BFE843002010B582B0049CCDE965
:1058000000344FF0FF3301F055FC02B010BD00BF73
:105810000EB400B582B003ABDFF81CC053F8042B04
:1058200001930146DCF8000000F008F802B05DF8D2
:1058300004EB03B0704700BF504600202DE9F04F45
:10584000C5B00DF1500A8346049116460021082286
:1058500050461C460B93FBF73DFBBBF1000F04D0F9
:10586000DBF83430002B00F04987049B5A6EB3F903
:105870000C30D00740F14181990400F1A9850499C9
:1058800043F4005322F400528B814A66930401F1E1
:10589000AE80049BB3F90C301D0740F1BD80049A23
:1058A0001269002A00F0B88003F01A020A2A00F0F8
:1058B000C2800023CDE91933CDE90E331BAADFF8EE
:1058C0006C980D93189217460793B0464546D9F841
:1058D000CC41FBF7C9FCCDF800A003462A4612A92B
:1058E0005846A047002800F0C580C0F2BB80129A3D
:1058F000252A034601D01D44E9E7B5EB0806044616
:1059000040F0BC80002319468DF8433008934FF0D7
:10591000FF326B78059205F10108039108F1010847
:105920001946A1F120035A2B00F2F280DFE813F0B0
:10593000E603F000F000DF03F000F000F000BF032A
:10594000F000F00007025302F00012020004F00021
:10595000F1035B005B005B005B005B005B005B00D6
:105960005B005B00F000F000F000F000F000F000E1
:10597000F000F000F000D8019F03F000F000F0000C
:10598000F000F000F000F000F000F000F00019026C
:10599000F000F000F000AA01F000FB02F000F000BF
:1059A000BA05F000F000F000F000F000F000F000A8
:1059B000F000F000F000D8016801F000F000F00005
:1059C000950368016D00F0008B03F0007D036A030E
:1059D00020036D00F000AA016A005902F000F000F7
:1059E000FB05F0006A00A1F13003002218F8011B4A
:1059F00002EB820203EB4202A1F13003092BF5D93D
:105A000008928EE798F8003088E7039B43F0200364
:105A1000039398F8003081E7049D5846294601F029
:105A20005FFA002840F0F687B5F90C3003F01A024F
:105A30000A2A7FF43EAF0499B1F90E20002AFFF63E
:105A400038AF4A6ED20702D49F0540F1908704997F
:105A500023463246584601F015F80790079845B09E
:105A6000BDE8F08F082200215046FBF733FA0123EE
:105A70001D442CE7B5EB0806044610D01A9B3344AE
:105A80001A93199B0133072BC7E90086199310DC81
:105A90000837079B33440793002C7FF433AF1A9BDE
:105AA000002B40F06E87049B0022B3F90C30199252
:105AB00018E0049918AA584601F024F878B91BAFE9
:105AC000E7E7049918AA584601F01CF8002800F0EE
:105AD0008380099B1BB109995846FBF757FF049B2C
:105AE000B3F90C30049A526ED0077FD55B0600F1F3
:105AF0006687079845B0BDE8F08F9F0540F1148197
:105B00009D047FF5BCAE90047FF5C6AE00F071BF7A
:105B10000029C4D0002301228DF8AC108DF8433049
:105B200009930A9205932BAD0692DDE919C0039CF7
:105B300014F084060146624626D1089B069C1C1B75
:105B4000002C00F3ED839DF8433003B300260C9640
:105B50000132012301317B60072A0DF14303CDE9B6
:105B600019213B6000F3868308370C9B63B1013237
:105B700011AB02313B60072A4FF00203CDE9192136
:105B80007B6000F36B830837802E00F0EE82059B6C
:105B90000A981C1A002C00F326830A9B3D600132F0
:105BA0001944072ACDE919217B6000F34C8308379B
:105BB000039B5C0705D5089B069A9C1A002C00F3F2
:105BC0006583DDE9073206988242ACBF9B181B183B
:105BD000079300297FF475AF00231993099B1BB12C
:105BE00009995846FBF7D2FE1BAF6FE69A053FF5C1
:105BF0007DAF049CA06DFBF7D5FBB4F90C3075E7C5
:105C0000039B980640F13C840B9B073323F007026B
:105C1000536852F8084B0B921E46002BC0F2388294
:105C2000059A002A07DB039B23F08003039354EAC1
:105C3000060300F08C840A2C76F1000380F0F780D4
:105C40003034059A9DF843308DF80F41012AB8BFD2
:105C500001220692002B00F0AF83069B0133002542
:105C600006930123CDE909530DF20F15DDE9192142
:105C7000039B13F08406084694463FF45EAF00236E
:105C80000C9365E70B9E00238DF8433056F8043BD8
:105C90000993002B00F05585532900F07284039B73
:105CA00013F0100440F06D84059A002AC0F21385A9
:105CB00009982146FEF71AFD9DF84330099D0028FA
:105CC00000F08B86421B0A9222EAE2720692002BB7
:105CD00000F00E850132059406920B960994C5E7F3
:105CE000432903D0039BDD0640F1278408220021CD
:105CF00016A8FBF7EFF80B9A2BAD126816AB2946E6
:105D00005846FFF751FD0A90013000F04F860A9B7C
:105D100023EAE37306930B9B04330B9300238DF864
:105D200043300993059300E7049DA86DFBF738FB0A
:105D3000B5F90C306A6E99043FF5A8AD9FE50B9B51
:105D400053F8042B0892002A80F23D83089A0B93A3
:105D500052420892039B43F00403039398F80030E7
:105D6000DCE5039B43F010009B0640F14E830B9B48
:105D7000073323F007031A46596852F8083B0B9281
:105D800000228DF84320059A002AC0F2118320F4E6
:105D90009062039253EA010200F01E8344AD03F0C7
:105DA0000702DB0843EA4173C908303253EA0104B1
:105DB000284605F8012DF2D1039B13F0010340F0B2
:105DC0009E82059A099344AB5B1B9A42B8BF1A4660
:105DD0000A930692A9E62B238DF8433098F80030F9
:105DE0009CE503998E0600F1A48003990B9A11F0AB
:105DF000100052F8043B40F02783039911F0400152
:105E000000F0CA848DF843009BB205990026B14288
:105E10001C4606DB039921F080010391002B00F062
:105E20007B850A2C76F100030B92FFF409AF039BEC
:105E300009970020CDF830B044A9DDF834B00690C1
:105E400003F48067CDF8288025E00690A319B548B3
:105E500043F10003A0FB032C2CF0030202EB9C0295
:105E60009B1AE31A4FF0CC32A046B64602FB03F26F
:105E700066F1000600FB0622A3FB0043B8F10A0FFF
:105E800013444FEA54047EF1000E294644EAC374D9
:105E90004FEA53062ED3069BA24A01330693A31959
:105EA00043F100031046A2FB032525F0030202EB99
:105EB00095029B1AE31AA3FB003266F1000500FB72
:105EC00005225B0843EAC27303EB8303A4EB43039D
:105ED000303301F8013C4D1E002FB7D006989BF8D7
:105EE00000308342B1D1FF28AFD00A2C76F10003F5
:105EF00080F0AF8405999DF84330CDF834B044AAC2
:105F0000521B9142B8BF1146DDE90978DDF830B087
:105F10000A920691002B00F0EE83069B0133069354
:105F200000230993A2E6039B43F010019B0640F176
:105F300089820B9B073323F0070200238DF843303F
:105F4000059B566852F8084B0B92002BC0F2EE826C
:105F500021F08003039354EA06037FF46CAE059BA3
:105F6000002B40F0DE840A930693099344ADDCE5F0
:105F7000059C0B990398002247F630039442ADF834
:105F800044308DF8432051F8043BC0F2D28220F017
:105F9000800040F002000390002B00F0E58303F046
:105FA0000F0461481B09045D8DF80F410B9100F04F
:105FB0005685022106910DF20F1503F00F011B0902
:105FC000415C05F8011D43EA0273120953EA02011C
:105FD000F3D144AB5A1B059B0A929342B8BF1346B8
:105FE000069A002A00F03985DDE91921039C023365
:105FF00014F0840606930846944600F0E9820023D4
:106000000993B4E5039886063FF5B1AE03990B9A60
:10601000CD0652F8043B00F114850398440640F184
:10602000C8839BB20B920021AAE603990B9A8C06B7
:1060300002F1040340F1F081126807991160C91759
:1060400051600B9342E498F800306C2B00F08F8283
:10605000039A42F01002039260E498F80030682B33
:1060600000F07B82039A42F04002039256E4039AC6
:10607000940642F0100300F100820B9A04320B994F
:1060800003930C680B92E6173346002BBFF6C8AD9E
:106090002D238DF84330059B644266EB4606002BAA
:1060A000FFF6C9AD039B23F080030393C3E5584675
:1060B000FEF712FB43680F931846FBF757FB0E9051
:1060C00004465846FEF708FB826898F800300D92A7
:1060D000002C3FF423AC002A3FF420AC1278002AB5
:1060E0003FF41CAC039A42F48062039216E4039BD3
:1060F00043F00103039398F800300FE49DF8432028
:1061000098F80030002A7FF409AC20228DF8432053
:1061100004E4039B43F08003039398F80030FFF7F7
:10612000FDBB00BFCDCCCCCC00290020E843002033
:10613000404610F8011B2A2900F07784A1F13003B2
:10614000092B98BF002200F2178410F8011B02EB04
:10615000820203EB4202A1F13003092BF5D942EA96
:10616000E27305938046FFF7DCBB089B06981C1A78
:10617000002C7FF70CAD102C40F3268438460C958C
:10618000AE4F049D102604E0103C102C00F10800D6
:1061900015DD01321031072AC0E90076CDE9192159
:1061A000F2DD18AA2946584600F0ACFC00287FF41E
:1061B00090AC103C102CDDE919211BA8E9DC0C9DEA
:1061C0003B46074601322144072ACDE919213B60AD
:1061D0007C6000F3A482059B0A981C1A002C07F12E
:1061E00008077FF7DAAC102C40F3ED823846102612
:1061F000924F04E0103C102C00F1080016DD013233
:106200008E4B1031072AC0E90036CDE91921F1DDA6
:10621000049918AA584600F075FC00287FF459AC80
:10622000103C102CDDE919211BA8E8DC3B46074691
:1062300001322144072ACDE919213B607C6000F33B
:10624000AA800837A9E4049918AA584600F05AFC15
:1062500000287FF43EAC1A991BAFA9E4049918AA50
:10626000584600F04FFC00287FF433ACDDE91921DB
:106270001BAF89E4049918AA584600F043FC002893
:106280007FF427ACDDE919211BAF6EE4102C199BBC
:1062900040F381833A46049E694F102504E0103C88
:1062A000102C02F1080215DD01331031072BC2E971
:1062B0000075CDE91931F2DD18AA3146584600F0D3
:1062C00021FC00287FF405AC103C102CDDE91931CD
:1062D0001BAAE9DC3E46174601332144072BC7E9D8
:1062E0000064CDE919317FF76CAC049918AA5846BF
:1062F00000F008FC00287FF4ECAB1A9961E4302A26
:1063000000F001823023059A05F8013C023844ABC5
:106310001B1A9A42B8BF1A460A9306920546EFE046
:1063200000230C93102C464E624623DD3946102381
:106330002F46049D04E0103C102C01F1080117DDEC
:1063400001321030072AC1E90063CDE91920F2DDDE
:1063500018AA2946584600F0D5FB00287FF4B9ABAF
:10636000103C102CDDE919201BA94FF01003E7DCCD
:106370003D460F4601322118072ACDE919213E601A
:106380007C6000F37A819DF843600837002E36D098
:106390000026FFF7DDBB049918AA584600F0B2FBAF
:1063A00000287FF496ABDDE919211BAFFFF7F5BBA1
:1063B00020F480620392F1E4099301230A930DF221
:1063C0000F15FFF7B2BB0B9398F80030FFF7A6BA92
:1063D00092047FF561AAF2E2059A002A7FF4DEAC0E
:1063E00010F00102069200F0428130238DF80F3147
:1063F000059B0A9209930DF20F15FFF796BB0C9BB4
:10640000002B7FF4B4ABFFF7C2BB0B9B1A1D0B9B99
:106410000B921B680021B3E4039AD00600F18C8133
:10642000039A510600F19582039A920540F1848106
:106430000B9A07991268117003E600BF003700201D
:10644000442F00200B9B1A1D0B9B05981B680026F0
:10645000B0428DF843601C4667DB21F08001039158
:10646000002B7FF4DEAC0B92002840F05A820A9099
:106470000690099044ADFFF758BB0393FFF7C4BBE8
:10648000039B0B9AD90652F8044B3FF5F8AD039BDA
:106490005E0640F1768144F3C0360B9224B2334657
:1064A000FFF7BBBBAD48039B9D0640F1B5800B9B3E
:1064B000073323F007031A465C6852F8083B0B9237
:1064C000039A12F00102069240F08C808DF843206E
:1064D000059A002AC0F2B780039A22F490620392D0
:1064E00053EA040240F0F380059A002A00F0F68196
:1064F00003788DF80F31012306920A930DF20F15E0
:10650000DDE91921039B13F084060846944600F048
:10651000A1829DF84330002B00F0AB820023099349
:106520000C93FFF715BB8E48BDE70B920391FFF765
:1065300082BB40F00200039031E50B9B1B688DF895
:10654000AC30012306930A932BADFFF7E4BB002A7E
:1065500000F0D4813024FFF774BB039B43F4007335
:10656000039308F1010898F80030FFF7D7B9039BAF
:1065700043F02003039308F1010898F80030FFF777
:10658000CDB9099B13930822002116A8FAF7A2FCA3
:10659000059B002BC0F219810024069725461F4653
:1065A0000EE02BA95846FFF7FFF8411C284400F0E5
:1065B000FD81B84209DC04F1040400F008820546BC
:1065C000139A125916AB002AEBD1069F05950AE1E2
:1065D000089C069B0996E41A002C7FF7C8AA0223A0
:1065E0000C939FE653EA04025ED100238DF84330FA
:1065F000059B002BC0F22181039B23F4906303933E
:1066000000F0878103788DF80F31069B0A93059B74
:1066100006930DF20F1573E70B9A52F8043B0B9299
:10662000039AD40608D4520602D59BB2002447E749
:10663000039A960500F18181002441E742F00202AD
:10664000039202220692039A22F48062039203F0DC
:106650000F02825C8DF80F211B0943EA04732209A3
:1066600053EA14147FF4A7AC0DF20F15B1E4059BA7
:1066700044ADCDE90933FFF758BA049918AA584632
:1066800000F040FA064600287FF423AA9DF8433024
:10669000DDE91921002B40F089800C9B1BAF002BFA
:1066A0007FF465AAFFF773BA30228DF844200022E8
:1066B0008DF84320059A8DF84510002A039ABDDB1A
:1066C00022F4906242F0020203920222069203F048
:1066D0000F02825CBEE7099D2846FBF747F89DF84C
:1066E00043300A9020EAE0720692002B7FF4F2AA6F
:1066F000099D05930B960993FFF717BA5846FAF7C9
:1067000015FAFFF7B2B8059A44AB5B1B9A42B8BFC3
:106710001A460A93002306920993FFF706BA0499D2
:1067200018AA584600F0EEF900287FF4D2A9DDE956
:1067300019211BAFFFF72BBA0B9A0799126811604A
:106740007FE4059B074D0B96062B28BF0623069377
:106750000A93099B0593FFF7E8B900BF14290020AD
:1067600000290020282900200B91002C00F0DC805B
:10677000302301228DF80F310DF20F1523460A92B6
:1067800032E4039B0B929D054ABF44F3C016E61703
:1067900064B23346FFF741BA039810F4007600F074
:1067A000CF808DF84310DBB2FFF72FBB1BAFFFF795
:1067B000CFB9039810F4007100F0BB80DBB20B92EC
:1067C0000021FFF7DDBAAC4B32E516AB0093002396
:1067D00013AA19465846FFF70FF80590013000F04C
:1067E000E580099B1393059B002B7CD0632B00F362
:1067F000B680002309932BAD0822002116A8FAF7D2
:1068000069FB059C16AB009313AA234629465846FC
:10681000FEF7F2FF844240F01681059900236B5485
:1068200021EAE17206929DF84320002A40F0B580EB
:10683000CDE90A160592FFF778B903788DF80F3184
:10684000039B23F480630393069B0A930DF20F15B9
:1068500056E60E9A0F99AD1A2846FAF75FFC9BF898
:1068600001300BB10BF1010B844AA31943F1000372
:10687000A2FB030C2CF0030000EB9C001B1AE31A94
:106880004FF0CC3166F1000603FB01F102FB06116B
:10689000A3FB023001445B0843EAC1744E08A3190C
:1068A00043F10003A2FB031020F0030101EB900170
:1068B0005B1AE31AA3FB023166F1000002FB00122F
:1068C0005B0843EAC27303EB8303A4EB4303303357
:1068D00005F8013C0120013DFFF701BB059B0A9330
:1068E00044A805460CE69DF84330099D0B96003BF5
:1068F00018BF01230693059B0A9301E69DF84330D8
:106900003BB1059BCDE90933012344AD0693FFF765
:10691000ADB9059BFFF727BB059B0B92002B3FF4FE
:1069200022AB0024FFF78CB9059B0A9344ADFFF717
:106930005BBB03980B92FFF723BADBB20024BFE5E1
:1069400005998DF8436000291C46BFF663AAFFF73E
:1069500068BA0B9A079912681180FFF772BB591C2D
:106960005846F9F711FA054600B3099044E7886DD7
:10697000FAF718FDFFF76BB8002380460593FEF782
:10698000D0BF049918AA584600F0BCF800283FF47C
:106990008AA8FFF7A4B83A4E9EE4059A0A92069A8E
:1069A0000B96013206920593FFF760B90498B0F98F
:1069B0000C30426E43F04001D207818109D54FF07F
:1069C000FF330793FFF795B82B4BFFF7FBBB069FF1
:1069D00009E79905F3D4FFF70CB99BB1059B0B961A
:1069E0005A1C06920A9305900990FFF73FB9D70702
:1069F000E5D4049B9B899E05E1D4049B986DFAF72E
:106A0000D1FCDCE7059A0993CDE905320B960A9291
:106A1000FFF78BB8049A536ED807D0D493899905A1
:106A2000CDD4906DFAF7BEFCC9E70B9A98F8013007
:106A300052F8041B0B9241EAE17180460591FEF782
:106A40006DBF0846E3E4049A938943F040039381C1
:106A5000FFF73FB80996FFF770B8069350E5059B1E
:106A60000122012BB8BF01230DF20F150A92FFF787
:106A7000BBBA0993FFF788B800370020CDCCCCCC47
:106A8000442F0020F0B50D46ADF2744D16468989AD
:106A90006A6E1B92EA89ADF8162021F00201EA69BC
:106AA000ADF8141009921CA96A6A02910746069172
:106AB0000B924FF48061002218A801930491079172
:106AC0000892FAF769FC3246019B02A93846FEF7A4
:106AD000B5FE061E07DB02A93846FDF7C5FD0028F6
:106AE00018BF4FF0FF36BDF814305B0603D5AB89F5
:106AF00043F04003AB811898FAF750FC30460DF292
:106B0000744DF0BD936810B514461BB918460023A8
:106B1000636010BD00F068F80023A3600023636089
:106B200010BD00BF2DE9F0438E681D46AE420B68D4
:106B300083B00C4690463AD8B1F90CC01CF4906F63
:106B40000FD13546184641462A46FAF731F9A3686F
:106B50009E1B2368A6602B440020236003B0BDE881
:106B6000F0834A69096902EB42025E1A02EBD272B3
:106B70006B1C52103344934294BF17461F469342F6
:106B800088BF1A461CF4806F814612D01146F9F76F
:106B9000FBF8F0B1324621690190F1F765F9A2895D
:106BA000019B22F4906242F08002A28105E02E4611
:106BB000C8E7F9F7D5FB034638B123613344BE1B60
:106BC000A660676123602E46BCE721694846FAF754
:106BD000DDFEA3890C2243F04003C9F800204FF0EA
:106BE000FF30A381BAE700BF9368002B00F0B780A5
:106BF0002DE9F04FB1F90CC01CF0080F83B00C4622
:106C0000804617462DD00B695BB31CF002033E682B
:106C100033D04FF0000ADFF8C4B25546B9465D459F
:106C20002B46524628BF5B464046B5B1E169676ACC
:106C3000B847002840F38B80D9F808301B1A8244EB
:106C4000C9F80830002B79D02D1A5D452B465246E5
:106C500028BF5B464046002DE8D1D6E900A508369E
:106C6000DDE72146404600F03BF9002874D1B4F935
:106C70000CC03E681CF00203CBD11CF0010A70D19D
:106C8000236800975546002D54D01CF4007FD4F89B
:106C90000890184600F0AB80A945CB4600F2E4808E
:106CA0001CF4906F34D021696269A3EB010902EBF7
:106CB000420202EBD27209F1010352102B449342BB
:106CC00094BF93469B46934288BF1A461CF4806F3C
:106CD00000F0E98011464046F9F756F8002800F028
:106CE000F7804A4621690190F1F7BEF8A289019B1D
:106CF00022F4906242F08002A28103EB090023613A
:106D0000ABEB0903C4F814B0A3602060A946AB46FE
:106D100051465A46FAF74CF8A2682368A2EB0902DA
:106D2000A260009A91685B44491B2360916029B17D
:106D3000B4F90CC0D6E900A50836A4E7002003B0DA
:106D4000BDE8F08F21464046FDF78EFC68B3B4F9EC
:106D50000C3043F04003A3814FF0FF30EFE70020F9
:106D600070471D469A461846B946009365B30028F9
:106D700031D05246D4E904132068AA4228BF2A46DB
:106D8000884204D9A16803EB010B5A457CDC93428D
:106D90006DDCE169009A676A4046B847B0F1000BC4
:106DA000D5DDBAEB0B0ACDD00120D9F80830A3EB22
:106DB0000B03C9F80830002BC0D0009BA5EB0B05D6
:106DC0005B440093002DD2D1756833460836002D00
:106DD000FAD01B680093009F2A460A213846FDF727
:106DE00085FC002871D00130A0EB070AC1E72269B9
:106DF0009A4221D36269AA421ED86FF00043AB4287
:106E000028BF2B46E16993FBF2F3676A02FB03F3A9
:106E100040465246B847B0F1000998DD009A9368A1
:106E2000A3EB0903A5EB09059360002B86D0B4F909
:106E30000CC02368CA4426E7A94528BFA9461846BE
:106E40004A465146F9F7B4FFA2682368A2EB09024B
:106E50004B44A2602360002AE0D121464046FDF762
:106E600003FC0028DAD072E7A946AB4650E7009948
:106E70000192F9F79DFF019AA3689B1AA36023680A
:106E80001344236093468CE700995A46F9F790FF24
:106E900023685B44236021464046FDF7E5FB00285C
:106EA0003FF47FAF53E74046F9F75AFA034600280C
:106EB0007FF423AF21694046FAF768FDA3890C22CD
:106EC000C8F8002023F0800343E76A1C924651E78C
:106ED0000C22B4F90C30C8F800203AE700FCFF7F20
:106EE00010B5354B0446186882B00B4610B1426BA2
:106EF000002A53D0B3F90C20110711D51869C8B175
:106F0000B3F90C2012F0010126D059694FF0000CA2
:106F10004942C3F808C0996120B3002002B010BDF7
:106F2000D00640D5510723D4186942F008029A814F
:106F30000028E5D19A8902F42072B2F5007FDFD0F3
:106F400019462046019300F0C9F8019BB3F90C20C3
:106F5000186912F00101D8D1940758BF5969996096
:106F60000028DAD11106D9D542F040029A811FE0FB
:106F7000196B61B103F14000814206D020460193B4
:106F8000FAF704FD019BB3F90C200021196318697D
:106F90000021C3E9000122F02402C6E70191F9F7BC
:106FA000C5FD019BA6E7092142F0400221609A81BC
:106FB0004FF0FF30B2E700BF504600202DE9F04F00
:106FC0008BB0DDE91589149F02901C46B8F1000FC3
:106FD00057D0166801960029C34608BF4FF0FF3707
:106FE000002588460391924606E0019B53F8040B66
:106FF0000193002837D06546AF423ED9002C3CD0E3
:10700000DBF800300493DBF804300593019B029811
:107010001A68D9F8C8615B4606A9B047431C33D04B
:1070200000EB050CBC453AD8039B013C002BDCD09F
:1070300000280DDD08F1FF32019E06A900EB020ECB
:1070400011F8013B02F8013F7245F9D101968044E5
:10705000019BDAF8002053F8040B01930432CAF8BC
:1070600000200028C7D10399D84609B1CAF800000A
:107070000022C8F800200CF1FF3528460BB0BDE80F
:10708000F08F00F58678A4E7029B05468A2100224E
:1070900028461960CBF800200BB0BDE8F08FD84629
:1070A000DDF810A0DDF814B02846C8E900AB0BB03D
:1070B000BDE8F08F00B585B0DFF81CC006980090E1
:1070C0000798019003480068CDF808C0FFF776FFE5
:1070D00005B000BD50460020E8430020B1F90C2067
:1070E000930706D501F143030122C1E904320B6085
:1070F000704730B50B46B1F90E10002999B004461F
:1071000032DB02AA009300F05BF80028009B29DB29
:107110004FF4806120460093039DF8F735FE009BF5
:10712000B3F90C20002839D005F4704142F08002F8
:1071300018601861B1F5005F4FF480609A81586162
:107140003AD1B3F90E100093204600F04DF8009BA1
:10715000B3F90C2080B322F0030242F001024FF495
:10716000006117E0B3F90C20019312F0800F0CBFFF
:107170004FF48061402120460091F8F705FE019B05
:107180000099B3F90C2048B1C3E9040142F0800230
:10719000186000210A439A8119B030BD9105FBD4D3
:1071A00022F0030203F1430142F002020120C3E98D
:1071B00004109A811960EFE74FF40061EAE700BF1D
:1071C00038B5084C00230546084611462360F1F700
:1071D00083F9431C00D038BD2368002BFBD02B6003
:1071E00038BD00BFE0AD002038B5074C0023054690
:1071F00008462360F1F776F9431C00D038BD2368B8
:10720000002BFBD02B6038BDE0AD00205FF800F014
:10721000CD2900605FF800F0151600605FF800F0FF
:10722000CD1E00605FF800F0552900605FF800F0A7
:10723000ED2200605FF800F0851D00605FF800F04F
:0C724000D92100605FF800F0E527006035
:04724C00F8B500BFD2
:1072500008B10181B0B0008400000000C942FF7F86
:107260008408B101B0B0B000FF100D01040206089F
:10727000010100000000000008B10181B0B00084ED
:107280000000000008B10181B0B0008400000000DF
:107290009542FF7FB0A80100FFFF010008B1018106
:1072A000B0B00084000000007D42FF7FB0AF160048
:1072B000FF1019011122D6050000B60604F00801DE
:1072C000F406880200000100000000005942FF7F20
:1072D000B0AF0200FF1019010F320A3C01840136E1
:1072E000C00100C80104000001000000000000000F
:1072F00008B10181B0B000840000000008B1018134
:10730000B0B0008400000000A838FF7F010000003A
:10731000E438FF7F3CFFFF7FFC38FF7F0100000067
:10732000483BFF7F38FFFF7F503BFF7F010000009D
:107330005C3BFF7F44FFFF7F5C3BFF7F48FFFF7F9D
:10734000683BFF7F01000000803BFF7F00840280DC
:10735000C43BFF7F01000000003CFF7FB0B0AA806B
:107360002C3CFF7FB0B0A880943CFF7F0100000060
:107370007C3DFF7FB0B0AC80A03DFF7F01000000EE
:10738000CC3DFF7FB0AA0380F83DFF7F01000000E5
:10739000BC3EFF7FFCFEFF7F3C3FFF7F0100000003
:1073A000D03FFF7FB0B0AA808C40FF7FF0FEFF7F10
:1073B000CC40FF7FB0A902806C41FF7FECFEFF7FD5
:1073C000E845FF7F01000000EC45FF7FB0AB028085
:1073D0009446FF7F01000000B847FF7FF0FEFF7F6B
:1073E0008848FF7F010000000079FF7FB0A803807C
:1073F0009479FF7FB0B0A880E479FF7F010000009E
:10740000EC79FF7FB0B0AA80207AFF7FAF76B280A0
:10741000EC7AFF7FAB3F3A80547BFF7F0100000096
:107420005C7BFF7FB0B0AA80987BFF7F01000000EB
:10743000507CFF7FAC0FB280D47CFF7FB0AF088060
:10744000607FFF7F01000000707FFF7FAC3F038003
:107450006482FF7F010000002C84FF7F0084048091
:107460003C84FF7F010000003884FF7FB0AC0580C2
:107470003887FF7F008404806087FF7F74FEFF7F72
:107480006487FF7F78FEFF7F7087FF7F0100000029
:1074900000000000000000000000000000000000EC
:1074A00000000000000000000000000000000000DC
:1074B00000000000000000000000000000000000CC
:1074C00000000000000000000000000000000000BC
:1074D00000000000000000000000000000000000AC
:1074E000000000000000000000000000000000009C
:1074F000000000000000000000000000000000008C
:10750000000000000000000000000000000000007B
:10751000000000000000000000000000000000006B
:10752000000000000000000000000000000000005B
:10753000000000000000000000000000000000004B
:10754000000000000000000000000000000000003B
:10755000000000000000000000000000000000002B
:10756000000000000000000000000000000000001B
:10757000000000000000000000000000000000000B
:1075800000000000000000000000000000000000FB
:1075900000000000000000000000000000000000EB
:1075A00000000000000000000000000000000000DB
:1075B00000000000000000000000000000000000CB
:1075C00000000000000000000000000000000000BB
:1075D00000000000000000000000000000000000AB
:1075E000000000000000000000000000000000009B
:1075F000000000000000000000000000000000008B
:10760000000000000000000000000000000000007A
:10761000000000000000000000000000000000006A
:10762000000000000000000000000000000000005A
:10763000000000000000000000000000000000004A
:10764000000000000000000000000000000000003A
:10765000000000000000000000000000000000002A
:10766000000000000000000000000000000000001A
:10767000000000000000000000000000000000000A
:1076800000000000000000000000000000000000FA
:1076900000000000000000000000000000000000EA
:1076A00000000000000000000000000000000000DA
:1076B00000000000000000000000000000000000CA
:1076C00000000000000000000000000000000000BA
:1076D00000000000000000000000000000000000AA
:1076E000000000000000000000000000000000009A
:1076F000000000000000000000000000000000008A
:107700000000000000000000000000000000000079
:107710000000000000000000000000000000000069
:107720000000000000000000000000000000000059
:107730000000000000000000000000000000000049
:107740000000000000000000000000000000000039
:107750000000000000000000000000000000000029
:107760000000000000000000000000000000000019
:107770000000000000000000000000000000000009
:1077800000000000000000000000000000000000F9
:1077900000000000000000000000000000000000E9
:1077A00000000000000000000000000000000000D9
:1077B00000000000000000000000000000000000C9
:1077C00000000000000000000000000000000000B9
:1077D00000000000000000000000000000000000A9
:1077E0000000000000000000000000000000000099
:1077F0000000000000000000000000000000000089
:107800000000000000000000000000000000000078
:107810000000000000000000000000000000000068
:107820000000000000000000000000000000000058
:107830000000000000000000000000000000000048
:107840000000000000000000000000000000000038
:107850000000000000000000000000000000000028
:107860000000000000000000000000000000000018
:107870000000000000000000000000000000000008
:1078800000000000000000000000000000000000F8
:1078900000000000000000000000000000000000E8
:1078A00000000000000000000000000000000000D8
:1078B00000000000000000000000000000000000C8
:1078C00000000000000000000000000000000000B8
:1078D00000000000000000000000000000000000A8
:1078E0000000000000000000000000000000000098
:1078F0000000000000000000000000000000000088
:107900000000000000000000000000000000000077
:1079100000000040FB21F93F000000002D44743EB0
:10792000000000809846F83C0000006051CC783B95
:1079300000000080831BF0390000004020257A38C9
:10794000000000802282E336000000001DF369354C
:10795000FE822B6547156740000000000000384399
:107960000000FAFE422E76BF3A3B9EBC9AF70CBD51
:10797000BDFDFFFFFFFFDF3F3C5455555555C53F4B
:10798000912B17CF5555A53F17D0A4671111813FF3
:10799000000000000000C842EF39FAFE422EE63F28
:1079A00024C482FFBDBFCE3FB5F40CD7086BAC3FFB
:1079B000CC5046D2ABB2833F843A4E9BE0D7553F82
:1079C0000000000000000000000000000000F03F88
:1079D0006EBF881A4F3B9B3C3533FBA93DF6EF3F0A
:1079E0005DDCD89C136071BC6180773E9AECEF3F00
:1079F000D16687107A5E90BC857F6EE815E3EF3F15
:107A000013F6673552D28C3C748515D3B0D9EF3F4D
:107A1000FA8EF92380CE8BBCDEF6DD296BD0EF3FEA
:107A200061C8E6614EF7603CC89B751845C7EF3FDB
:107A300099D3335BE4A3903C83F3C6CA3EBEEF3FC9
:107A40006D7B835DA69A973C0F89F96C58B5EF3F23
:107A5000FCEFFD921AB58E3CF747722B92ACEF3FCC
:107A6000D19C2F703DBE3E3CA2D1D332ECA3EF3F60
:107A70000B6E908934036ABC1BD3FEAF669BEF3F4D
:107A80000EBD2F2A525695BC515B12D00193EF3F89
:107A900055EA4E8CEF8050BCCC316CC0BD8AEF3FB4
:107AA00016F4D5B923C991BCE02DA9AE9A82EF3F57
:107AB000AF555CE9E3D3803C518EA5C8987AEF3F7F
:107AC0004893A5EA151B80BC7B517D3CB872EF3F03
:107AD0003D32DE55F01F8FBCEA8D8C38F96AEF3FDE
:107AE000BF53133F8C898B3C75CB6FEB5B63EF3FD0
:107AF00026EB11769CD996BCD45C0484E05BEF3F06
:107B0000602F3A3EF7EC9A3CAAB968318754EF3FB0
:107B10009D3886CB82E78FBC1DD9FC22504DEF3FAC
:107B20008DC3A644416F8A3CD68C62883B46EF3FAA
:107B30007D04E4B0057A803C96DC7D91493FEF3FBF
:107B400094A8A8E3FD8E963C3862756E7A38EF3FB4
:107B50007D4874F2185E873C3FA6B24FCE31EF3FAE
:107B6000F2E71F982B47803CDD7CE265452BEF3F19
:107B70005E08713F7BB896BC8163F5E1DF24EF3F7F
:107B800031AB096DE1F7823CE1DE1FF59D1EEF3F51
:107B9000FABF6F1A9B213DBC90D9DAD07F18EF3F16
:107BA000B40A0C7282378B3C0B03E4A68512EF3FBC
:107BB0008FCBCE8992146E3C562F3EA9AF0CEF3F6F
:107BC000B6ABB04D754D833C15B7310AFE06EF3F9D
:107BD0004C74ACE20142863C31D84CFC7001EF3F62
:107BE0004AF8D35D39DD8F3CFF1664B208FCEE3FE6
:107BF000045B8E3B80A386BCF19F925FC5F6EE3F8F
:107C000068504BCCED4A92BCCBA93A37A7F1EE3F76
:107C10008E2D511BF80799BC66D8056DAEECEE3F72
:107C2000D236943EE8D171BCF79FE534DBE7EE3FF6
:107C3000151BCEB3191999BCE5A813C32DE3EE3F6C
:107C40006D4C2AA7489F853C2234124CA6DEEE3F9D
:107C50008A69287A601293BC1C80AC0445DAEE3F36
:107C60005B8917488FA758BC2A2EF7210AD6EE3F0A
:107C70001B9A49679B2C7CBC97A850D9F5D1EE3F45
:107C800011ACC260ED63433C2D89616008CEEE3FCC
:107C9000EF64063B0966963C57001DED41CAEE3F76
:107CA0007903A1DAE1CC6E3CD03CC1B5A2C6EE3F6F
:107CB00030120F3F8EFF933CDED3D7F02AC3EE3F46
:107CC000B0AF7ABBCE90763C272A36D5DABFEE3FEE
:107CD00077E054EBBD1D933C0DDDFD99B2BCEE3F4A
:107CE0008EA3710034948FBCA72C9D76B2B9EE3F61
:107CF00049A393DCCCDE87BC4266CFA2DAB6EE3F66
:107D00005F380FBDC6DE78BC824F9D562BB4EE3F68
:107D1000F65C7BEC461286BC0F925DCAA4B1EE3FC6
:107D20008ED7FD180535933CDA27B53647AFEE3FC1
:107D3000059B8A2FB7987B3CFDC797D412ADEE3FC9
:107D400009541CE2E163903C295448DD07ABEE3F47
:107D5000EAC6195085C7343CB746598A26A9EE3F72
:107D600035C0642BE632943C4821AD156FA7EE3F39
:107D70009F7699614AE48CBC09DC76B9E1A5EE3FB7
:107D8000A84DEF3BC5338CBC85553AB07EA4EE3F81
:107D9000AEE92B89785384BC20C3CC3446A3EE3F94
:107DA00058585678DDCE93BC2522558238A2EE3F36
:107DB00064197E80AA10573C73A94CD455A1EE3F9C
:107DC00028225EBFEFB393BCCD3B7F669EA0EE3F03
:107DD00082B93487AD126ABCBFDA0B7512A0EE3FD0
:107DE000EEA96DB8EF6763BC2F1A653CB29FEE3FFA
:107DF0005188E0543DDC80BC849451F97D9FEE3F76
:107E0000CF3E5A7E641F78BC745FECE8759FEE3FEE
:107E1000B07D8BC04AEE86BC7481A5489A9FEE3F28
:107E20008AE6551E321986BCC9674256EB9FEE3F63
:107E3000D3D4095ECB9C903C3F5DDE4F69A0EE3F02
:107E40001DA54DB9DC327BBC8701EB7314A1EE3F5D
:107E50006BC06754FDEC943C32C13001EDA1EE3FA4
:107E6000556CD6ABE1EB653C624ECF36F3A2EE3FEC
:107E700042CFB32FC5A188BC121A3E5427A4EE3FAF
:107E800034373BF1B66993BC13CE4C9989A5EE3FCC
:107E90001EFF193A845E80BCADC723461AA7EE3F89
:107EA0006E5772D850D494BCED92449BD9A8EE3F43
:107EB000008A0E5B67AD903C99668AD9C7AAEE3FEF
:107EC000B4EAF0C12FB78D3CDBA02A42E5ACEE3F0F
:107ED000FFE7C59C60B665BC8C44B51632AFEE3F7B
:107EE000445FF35983F67B3C36771599AEB1EE3F8C
:107EF000833D1EA71F0993BCC6FF910B5BB4EE3FE9
:107F0000291E6C8BB8A95DBCE5C5CDB037B7EE3F77
:107F100059B9907CF9236CBC0F52C8CB44BAEE3FE0
:107F2000AAF9F422434392BC504EDE9F82BDEE3F3D
:107F30004B8E66D76CCA85BCBA07CA70F1C0EE3FDB
:107F400027CE912BFCAF713C90F0A38291C4EE3F01
:107F5000BB730AE135D26D3C2323E31963C8EE3FBE
:107F60006322622204C587BC65E55D7B66CCEE3F7B
:107F7000D531E2E3861C8B3C332D4AEC9BD0EE3F9F
:107F800015BBBCD3D1BB91BC5D253EB203D5EE3F42
:107F9000D231EE9C31CC903C58B330139ED9EE3F99
:107FA000B35A736E8469843CBFFD79556BDEEE3F36
:107FB000B49D8E97CDDF82BC7AF3D3BF6BE3EE3FE7
:107FC0008733CB92771A8C3CADD35A999FE8EE3F1A
:107FD000FAD9D14A8F7B90BC66B68D2907EEEE3F69
:107FE000BAAEDC56D9C355BCFB154FB8A2F3EE3F71
:107FF00040F6A63D0EA490BC3A59E58D72F9EE3FCD
:108000003493AD38F4D668BC475EFBF276FFEE3FA2
:10801000358A586BE2EE91BC4A06A130B005EF3FBD
:10802000CDDD5F0AD7FF743CD2C14B901E0CEF3FF1
:10803000AC9892FAFBBD91BC091ED75BC212EF3F10
:10804000B30CAF30AE6E733C9C5285DD9B19EF3F95
:1080500094FD9F5C32E38E3C7AD0FF5FAB20EF3F14
:10806000AC5909D18FE0843C4BD1572EF127EF3F1B
:10807000671A4E38AFCD633CB5E706946D2FEF3FDE
:108080006819926C2C6B673C6990EFDC2037EF3FEE
:10809000D2B5CC83188A80BCFAC35D550B3FEF3F45
:1080A0006FFAFF3F5DAD8FBC7C89074A2D47EF3FDC
:1080B00049A97538AE0D90BCF2890D08874FEF3F86
:1080C000A7073DA685A3743C87A4FBDC1858EF3FA7
:1080D0000F2240209E9182BC9883C916E360EF3F37
:1080E000AC92C1D5505A8E3C8532DB03E669EF3F36
:1080F0004B6B01AC593A843C60B401F32173EF3F00
:108100001F3EB40721D582BC5F9B7B33977CEF3F3A
:10811000C90D473BB92A89BC29A1F5144686EF3F12
:10812000D3883A6004B6743CF63F8BE72E90EF3F5D
:1081300071729D51ECC5833C834CC7FB519AEF3F54
:10814000F091D38F12F78FBCDA90A4A2AFA4EF3FC7
:108150007D7423E298AE8DBCF1678E2D48AFEF3F62
:108160000820AA41BCC38E3C275A61EE1BBAEF3FE0
:1081700032EBA9C3942B843C97BA6B372BC5EF3FE6
:10818000EE85D131A9648A3C40456E5B76D0EF3FE5
:10819000EDE33BE4BA378EBC14BE9CADFDDBEF3F94
:1081A0009DCD914D3B89773CD8909E81C1E7EF3FB3
:1081B00089CC6041C105533CF1718F2BC2F3EF3F75
:1081C0000080E03779C34143176E05B5B5B89346D3
:1081D000F5F93FE9034F384D321D30F94877825A9F
:1081E0003CBF737FDD4F1575000000000000F03FBD
:1081F0000000000000002440000000000000594082
:108200000000000000408F40000000000088C340D4
:1082100000000000006AF8400000000080842E4149
:1082200000000000D01263410000000084D7974195
:108230000000000065CDCD41000000205FA002429B
:10824000000000E876483742000000A2941A6D4210
:10825000000040E59C30A2420000901EC4BCD64203
:1082600000003426F56B0C430080E03779C34143AE
:1082700000A0D8855734764300C84E676DC1AB4324
:10828000003D9160E458E143408CB5781DAF154442
:1082900050EFE2D6E41A4B4492D54D06CFF080441D
:1082A000F64AE1C7022DB544B49DD9794378EA4432
:1082B0000038FAFE422EE63F3067C79357F32E3D53
:1082C000000000000000E0BF605555555555E5BF62
:1082D000060000000000E03F4E5559999999E93F8A
:1082E0007AA429555555E5BFE945489B5B49F2BF3E
:1082F000C33F268B2B00F03F0000000000A0F63F9C
:10830000000000000000000000C8B9F2822CD6BFB7
:108310008056372824B4FA3C000000000080F63F65
:108320000000000000000000000858BFBDD1D5BF0C
:1083300020F7E0D808A51CBD000000000060F63F53
:108340000000000000000000005845177776D5BFF8
:108350006D50B6D5A46223BD000000000040F63F7A
:10836000000000000000000000F82D87AD1AD5BF06
:10837000D567B09EE484E6BC000000000020F63F14
:108380000000000000000000007877955FBED4BFB9
:10839000E03E2993691B04BD000000000000F63F89
:1083A000000000000000000000601CC28B61D4BF10
:1083B000CC844C482FD8133D0000000000E0F53F6E
:1083C000000000000000000000A886863004D4BF32
:1083D0003A0B82EDF342DC3C0000000000C0F53FA8
:1083E0000000000000000000004869554CA6D3BF03
:1083F00060945186C6B1203D0000000000A0F53F0A
:1084000000000000000000000080989ADD47D3BF04
:108410009280C5D44D59253D000000000080F53FF5
:1084200000000000000000000020E1BAE2E8D2BF36
:10843000D82BB7991E7B263D000000000060F53F59
:1084400000000000000000000088DE135A89D2BF3F
:108450003FB0CFB614CA153D000000000060F53FE4
:1084600000000000000000000088DE135A89D2BF1F
:108470003FB0CFB614CA153D000000000040F53FE4
:1084800000000000000000000078CFFB4129D2BFAF
:1084900076DA5328245A16BD000000000020F53F6C
:1084A0000000000000000000009869C198C8D1BF1A
:1084B0000454E768BCAF1FBD000000000000F53F9A
:1084C000000000000000000000A8ABAB5C67D1BF5B
:1084D000F0A88233C61F1F3D0000000000E0F43FFB
:1084E00000000000000000000048AEF98B05D1BF7D
:1084F000665A05FDC4A826BD0000000000C0F43F78
:108500000000000000000000009073E224A3D0BF30
:108510000E03F47EEE6B0CBD0000000000A0F43FE3
:10852000000000000000000000D0B4942540D0BF3F
:108530007F2DF49EB836F0BC0000000000A0F43F90
:10854000000000000000000000D0B4942540D0BF1F
:108550007F2DF49EB836F0BC000000000080F43F90
:10856000000000000000000000405E6D18B9CFBFA1
:10857000873C99AB2A570D3D000000000060F43F96
:1085800000000000000000000060DCCBADF0CEBFBA
:1085900024AF869CB7262B3D000000000040F43F2E
:1085A000000000000000000000F02A6E0727CEBF88
:1085B00010FF3F544F2F17BD000000000020F43F74
:1085C000000000000000000000C04F6B215CCDBF28
:1085D0001B68CABB91BA213D000000000000F43FB7
:1085E000000000000000000000A09AC7F78FCCBF79
:1085F00034849F684F79273D000000000000F43F5D
:10860000000000000000000000A09AC7F78FCCBF58
:1086100034849F684F79273D0000000000E0F33F5D
:10862000000000000000000000902D7486C2CBBF47
:108630008FB78B31B04E193D0000000000C0F33FF2
:10864000000000000000000000C0804EC9F3CABF57
:108650006690CD3F634EBA3C0000000000A0F33F9F
:10866000000000000000000000B0E21FBC23CABFF1
:10867000EAC146DC648C25BD0000000000A0F33F89
:10868000000000000000000000B0E21FBC23CABFD1
:10869000EAC146DC648C25BD000000000080F33F89
:1086A00000000000000000000050F49C5A52C9BFB6
:1086B000E3D4C104D9D12ABD000000000060F33F1B
:1086C000000000000000000000D02065A07FC8BFAF
:1086D00009FADB7FBFBD2B3D000000000040F33FE7
:1086E000000000000000000000E0100289ABC7BFDE
:1086F000584A537290DB2B3D000000000040F33FCE
:10870000000000000000000000E0100289ABC7BFBD
:10871000584A537290DB2B3D000000000020F33FCD
:10872000000000000000000000D019E70FD6C6BF0F
:1087300066E2B2A36AE410BD000000000000F33F4F
:1087400000000000000000000090A77030FFC5BFCF
:108750003950109F439E1EBD000000000000F33FF3
:1087600000000000000000000090A77030FFC5BFAF
:108770003950109F439E1EBD0000000000E0F23FF4
:10878000000000000000000000B0A1E3E526C5BF26
:108790008F5B07908BDE20BD0000000000C0F23F21
:1087A00000000000000000000080CB6C2B4DC4BF17
:1087B0003C783561C10C173D0000000000C0F23F5D
:1087C00000000000000000000080CB6C2B4DC4BFF7
:1087D0003C783561C10C173D0000000000A0F23F5D
:1087E000000000000000000000901E20FC71C3BFCC
:1087F0003A54274D8678F13C000000000080F23F9B
:10880000000000000000000000F01FF85295C2BFF9
:1088100008C47117308D24BD000000000060F23FD5
:10882000000000000000000000602FD52AB7C1BF83
:1088300096A31118A4802EBD000000000060F23F36
:10884000000000000000000000602FD52AB7C1BF63
:1088500096A31118A4802EBD000000000040F23F36
:1088600000000000000000000090D07C7ED7C0BF58
:10887000F45BE88896690A3D000000000040F23F82
:1088800000000000000000000090D07C7ED7C0BF38
:10889000F45BE88896690A3D000000000020F23F82
:1088A000000000000000000000E0DB3191ECBFBFE1
:1088B000F233A35C547525BD000000000000F23FB8
:1088C000000000000000000000002B6E0727BEBF64
:1088D0003C00F02A2C342A3D000000000000F23F4A
:1088E000000000000000000000002B6E0727BEBF44
:1088F0003C00F02A2C342A3D0000000000E0F13F4B
:10890000000000000000000000C05B8F545EBCBF90
:1089100006BE5F58570C1DBD0000000000C0F13FAF
:10892000000000000000000000E04A3A6D92BABF6B
:10893000C8AA5BE83539253D0000000000C0F13FC2
:10894000000000000000000000E04A3A6D92BABF4B
:10895000C8AA5BE83539253D0000000000A0F13FC2
:10896000000000000000000000A031D645C3B8BFE1
:1089700068562F4D297C133D0000000000A0F13FF8
:10898000000000000000000000A031D645C3B8BFC1
:1089900068562F4D297C133D000000000080F13FF8
:1089A00000000000000000000060E58AD2F0B6BFC1
:1089B000DA7333C9379726BD000000000060F13F2D
:1089C00000000000000000000020063F071BB5BFAC
:1089D000575EC6615B021F3D000000000060F13F72
:1089E00000000000000000000020063F071BB5BF8C
:1089F000575EC6615B021F3D000000000040F13F72
:108A0000000000000000000000E01B96D741B3BF4B
:108A1000DF13F9CCDA5E2C3D000000000040F13F8E
:108A2000000000000000000000E01B96D741B3BF2B
:108A3000DF13F9CCDA5E2C3D000000000020F13F8E
:108A400000000000000000000080A3EE3665B1BF0A
:108A500009A38F765E7C143D000000000000F13F0A
:108A60000000000000000000008011C0300AAFBF0D
:108A7000918E36839E592D3D000000000000F13F8D
:108A80000000000000000000008011C0300AAFBFED
:108A9000918E36839E592D3D0000000000E0F03F8E
:108AA000000000000000000000801971DD42ABBF33
:108AB0004C70D6E57A821C3D0000000000E0F03FDB
:108AC000000000000000000000801971DD42ABBF13
:108AD0004C70D6E57A821C3D0000000000C0F03FDB
:108AE000000000000000000000C032F65874A7BF6C
:108AF000EEA1F23446FC2CBD0000000000C0F03FA7
:108B0000000000000000000000C032F65874A7BF4B
:108B1000EEA1F23446FC2CBD0000000000A0F03FA6
:108B2000000000000000000000C0FEB9879EA3BF47
:108B3000AAFE26F5B702F53C0000000000A0F03FB9
:108B4000000000000000000000C0FEB9879EA3BF27
:108B5000AAFE26F5B702F53C000000000080F03FB9
:108B600000000000000000000000780E9B829FBF04
:108B7000E4097E7C268029BD000000000080F03FD3
:108B800000000000000000000000780E9B829FBFE4
:108B9000E4097E7C268029BD000000000060F03FD3
:108BA00000000000000000000080D5071BB997BF3F
:108BB00039A6FA93548D28BD000000000040F03F14
:108BC00000000000000000000000FCB0A8C08FBF43
:108BD0009CA6D3F67C1EDFBC000000000040F03FE6
:108BE00000000000000000000000FCB0A8C08FBF23
:108BF0009CA6D3F67C1EDFBC000000000020F03FE6
:108C000000000000000000000000106B2AE07FBFA1
:108C1000E440DA0D3FE219BD000000000020F03F03
:108C200000000000000000000000106B2AE07FBF81
:108C3000E440DA0D3FE219BD000000000000F03F03
:108C40000000000000000000000000000000000024
:108C50000000000000000000000000000000F03FE5
:108C60000000000000000000000000000000000004
:108C700000000000000000000000000000C0EF3F06
:108C80000000000000000000000089751510803F02
:108C9000E82B9D996BC710BD000000000080EF3FDE
:108CA0000000000000000000008093585620903F14
:108CB000D2F7E2065BDC23BD000000000040EF3F7E
:108CC00000000000000000000000C9282549983F6E
:108CD000340C5A32BAA02ABD000000000000EF3F59
:108CE00000000000000000000040E7895D41A03F57
:108CF00053D7F15CC011013D0000000000C0EE3F01
:108D0000000000000000000000002ED4AE66A43F6A
:108D100028FDBD7573162CBD000000000080EE3FDD
:108D2000000000000000000000C09F14AA94A83FAB
:108D30007D265AD0957919BD000000000040EE3F15
:108D4000000000000000000000C0DDCD73CBAC3F90
:108D50000728D847F2681ABD000000000020EE3F47
:108D6000000000000000000000C006C031EAAE3F75
:108D70007B3BC94F3E110EBD0000000000E0ED3FFF
:108D80000000000000000000006046D13B97B13FAA
:108D90009B9E0D565D3225BD0000000000A0ED3FFA
:108DA000000000000000000000E0D1A7F5BDB33FC7
:108DB000D74EDBA55EC82C3D000000000060ED3FF3
:108DC000000000000000000000A0974D5AE9B53FE8
:108DD0001E1D5D3C06692CBD000000000040ED3FFB
:108DE000000000000000000000C0EA0AD300B73F06
:108DF00032ED9DA98D1EEC3C000000000000ED3F0F
:108E000000000000000000000040595D5E33B93FE3
:108E1000DA47BD3A5C11233D0000000000C0EC3F82
:108E200000000000000000000060AD8DC86ABB3F7C
:108E3000E568F72B809013BD0000000000A0EC3F18
:108E400000000000000000000040BC015888BC3F4A
:108E5000D3AC5AC6D146263D000000000060EC3F6E
:108E6000000000000000000000200A8339C7BE3F58
:108E7000E045E6AF68C02DBD000000000040EC3FBB
:108E8000000000000000000000E0DB3991E8BF3F77
:108E9000FD0AA14FD63425BD000000000000EC3FC4
:108EA000000000000000000000E027828E17C13F94
:108EB000F2072DCE78EF213D0000000000E0EB3FEF
:108EC000000000000000000000F0237E2BAAC13F3C
:108ED000349938448EA72C3D0000000000A0EB3FE1
:108EE00000000000000000000080860C61D1C23F3D
:108EF000A1B481CB6C9D033D000000000080EB3FDE
:108F00000000000000000000009015B0FC65C33FA9
:108F100089724B23A82FC63C000000000040EB3FA5
:108F2000000000000000000000B033833D91C43F0A
:108F300078B6FD547983253D000000000020EB3F0A
:108F4000000000000000000000B0A1E4E527C53FDC
:108F5000C77D69E5E833263D0000000000E0EA3FF8
:108F6000000000000000000000108CBE4E57C63FFD
:108F7000782E3C2C8BCF193D0000000000C0EA3F4A
:108F800000000000000000000070758B12F0C63F6A
:108F9000E1219CE58D1125BD0000000000A0EA3F05
:108FA0000000000000000000005044858D89C73F8C
:108FB0000543917010661CBD000000000060EA3F90
:108FC0000000000000000000000039EBAFBEC83F09
:108FD000D12CE9AA543D07BD000000000040EA3F43
:108FE00000000000000000000000F7DC5A5AC93FF2
:108FF0006FFFA05828F2073D000000000000EA3F84
:10900000000000000000000000E08A3CED93CA3F31
:1090100069215650437228BD0000000000E0E93F7E
:10902000000000000000000000D05B57D831CB3FAB
:10903000AAE1AC4E8D350CBD0000000000C0E93F38
:10904000000000000000000000E03B3887D0CB3F6C
:10905000B6125459C44B2DBD0000000000A0E93FDA
:1090600000000000000000000010F0C6FB6FCC3FC5
:10907000D22B96C572ECF1BC000000000060E93F05
:1090800000000000000000000090D4B03DB1CD3FD2
:1090900035B015F72AFF2ABD000000000040E93F67
:1090A00000000000000000000010E7FF0E53CE3F5C
:1090B00030F441602712C23C000000000020E93F6C
:1090C00000000000000000000000DDE4ADF5CE3F30
:1090D000118EBB651521CABC000000000000E93FED
:1090E000000000000000000000B0B36C1C99CF3FEE
:1090F00030DF0CCAECCB1B3D0000000000C0E83F95
:10910000000000000000000000584D603871D03FA2
:10911000914EED16DB9CF83C0000000000A0E83FFB
:109120000000000000000000006061672DC4D03F17
:10913000E9EA3C168B18273D000000000080E83F5C
:10914000000000000000000000E827828E17D13FD9
:109150001CF0A5630E212CBD000000000060E83F5C
:10916000000000000000000000F8ACCB5C6BD13FB9
:109170008116A5F7CD9A2B3D000000000040E83F86
:10918000000000000000000000685A6399BFD13F52
:10919000B7BD4751EDA62C3D000000000020E83F80
:1091A000000000000000000000B80E6D4514D23F22
:1091B000EABA46BADE870A3D0000000000E0E73F59
:1091C00000000000000000000090DC7CF0BED23FF8
:1091D000F404504AFA9C2A3D0000000000C0E73F1A
:1091E00000000000000000000060D3E1F114D33F54
:1091F000B83C21D37AE228BD0000000000A0E73F80
:1092000000000000000000000010BE76676BD33F36
:10921000C877F1B0CD6E113D000000000080E73F3F
:1092200000000000000000000030337752C2D33F3E
:109230005CBD06B6543B183D000000000060E73FEF
:10924000000000000000000000E8D523B419D43F5E
:109250009DE090EC36E4083D000000000040E73F50
:10926000000000000000000000C871C28D71D43FF2
:1092700075D66709CE272FBD000000000020E73F0C
:1092800000000000000000000030179EE0C9D43F3D
:10929000A4D80A1B89202EBD000000000000E73F73
:1092A000000000000000000000A03807AE22D53FFB
:1092B00059C7648170BE2E3D0000000000E0E63F0B
:1092C000000000000000000000D0C853F77BD53F2D
:1092D000EF405DEEEDAD1F3D0000000000C0E63F39
:1092E0000000000000000000006059DFBDD5D53F40
:1092F000DC65A4082A0B0ABD000000000000F03F56
:10930000000000000000F0BF000000000000F0BFFF
:10931000000000000000F03F83C8C96D305F644169
:10932000182D4454FB21F93F000000000000F03FDD
:109330001C620CFDFFFFDFBF198F06E15355A53FEF
:109340009D359AE887C056BFC3F87B024393F93E28
:1093500003A695595455C5BFC40B23057610813F0C
:1093600024CF7437EB9429BF000000000000F03FC9
:10937000000000000000F0BF000000000000F0BF8F
:10938000000000000000F03F83C8C96D305F6441F9
:10939000182D4454FB21F93F000000000000F0BFED
:1093A0001C620CFDFFFFDF3F198F06E15355A5BF7F
:1093B0009D359AE887C0563FC3F87B024393F9BEB8
:1093C00003A695595455C5BFC40B23057610813F9C
:1093D00024CF7437EB9429BF0B0000000900000074
:1093E0000700000006000000080000000A0000005E
:1093F0000000000002000000040000000500000062
:109400000300000001000000FFFFFFFFFFFFFFFF60
:109410000000240348066A098C0CAB0FC812E21541
:10942000F9180B1C1A1F2322282526281F2B112E62
:10943000FB30DF33BA368C39563C173FCE417A4485
:109440001C47B4493F4CBF4E33519B53F5554258CE
:10945000825AB35CD75EEB60F162E864CF66A668BF
:109460006D6A236CC96D5E6FE2705472B5730475DA
:1094700041766B77847889797C7A5C7B297CE37C84
:10948000897D1D7E9C7E097F617FA67FD87FF57FC9
:10949000FF7FF57FD87FA67F617F097F9C7E1D7E41
:1094A000897DE37C297C5C7B7C7A897984786B7705
:1094B00041760475B5735472E2705E6FC96D236CAA
:1094C0006D6AA668CF66E864F162EB60D75EB35C54
:1094D000825A4258F5559B533351BF4E3F4CB449C5
:1094E0001C477A44CE41173F563C8C39BA36DF339D
:1094F000FB30112E1F2B2628282523221A1F0B1C78
:10950000F918E215C812AB0F8C0C6A09480624033F
:109510000000DCFCB8F996F674F355F038ED1EEA5D
:1095200007E7F5E3E6E0DDDDD8DADAD7E1D4EFD11D
:1095300005CF21CC46C974C6AAC3E9C032BE86BBDA
:10954000E4B84CB6C1B341B1CDAE65AC0BAABEA771
:109550007EA54DA329A1159F0F9D189B31995A9760
:109560009395DD933792A2901E8FAC8D4B8CFC8A25
:10957000BF8995887C8777868485A484D7831D835B
:109580007782E3816481F7809F805A8028800B80F6
:1095900001800B8028805A809F80F7806481E3815E
:1095A00077821D83D783A484848577867C8795887A
:1095B000BF89FC8A4B8CAC8D1E8FA2903792DD93B5
:1095C00093955A973199189B0F9D159F29A14DA3EB
:1095D0007EA5BEA70BAA65ACCDAE41B1C1B34CB65A
:1095E000E4B886BB32BEE9C0AAC374C646C921CC62
:1095F00005CFEFD1E1D4DAD7D8DADDDDE6E0F5E367
:1096000007E71EEA38ED55F074F396F6B8F9DCFC7E
:109610000000000006020501040003000B0409021B
:10962000070005000000000000000001000000002D
:10963000000102000000000102030000000102031B
:1096400004000001020304050600000000000605F6
:1096500000000000060504000000060504030000E9
:1096600006050403020006050403020100010203CB
:1096700004050102030405061F1C1F1E1F1E1F1FD9
:109680001E1F1E1F00000000000000000000000060
:1096900000000000000000000000000000000000CA
:1096A00000000000000000000000000000000000BA
:1096B00000000000000000000000000000000000AA
:1096C000000000000000000000000000000000009A
:1096D000000000000000000000000000000000008A
:1096E000000000000000000000000000000000007A
:1096F000000000000000000000000000000000006A
:109700000000000000000000000000000000000059
:109710000000000000000000000000000000000049
:109720000000000000000000000000000000000039
:109730000000000000000000000000000000000029
:109740000000000000000000000000000000000019
:109750000000000000000000000000000000000009
:1097600000000000000000000000000000000000F9
:1097700000000000000000000000000000000000E9
:109780000000000000000000F9360100FD36010075
:109790000137010005370100464F3A3A20736574DE
:1097A0002061747472696275746520637265617496
:1097B000696F6E206661696C65640000464F3A3AD5
:1097C0002073657420617474726962757465206DAC
:1097D0006F646966696564206661696C6564000030
:1097E0005570646174696E67206672657175656E27
:1097F0006369657300000000302C00002C0000003D
:109800004C6F61646564207072657365743A200002
:109810004E6F207072657365742C2077726974695D
:109820006E6720666163746F727920646566617526
:109830006C7400004572726F723A20496E76616CEA
:1098400069642062616E6B5F6E756D626572202562
:109850006420696E20736176655F636F6E66696709
:109860000A000000706F7420736574757020646F57
:109870006E65000057726974696E672074686520B0
:1098800064656661756C742066696C650000000033
:10989000536176696E672063757272656E742073AA
:1098A000657474696E6773005361766564207072C5
:1098B000657365743A2000005265706F7274696E4A
:1098C0006720616C6C206461746100005769706985
:1098D0006E67206D656D6F72790000005361766967
:1098E0006E6720746F2062616E6B3A20000000008A
:1098F000526563656976656420696E737472756319
:1099000074696F6E206F6E206164726573733A00C4
:1099100020776974682076616C75653A00000000F4
:1099200053746172742072656365697665640000C2
:10993000496E697469616C6973696E6720617564E9
:10994000696F20706172616D6574657273000000EB
:10995000496E697469616C6973696E672066696CC8
:109960006573797374656D0050726F6772616D20F5
:10997000666C617368204449534B00004572726FF6
:1099800072207374617274696E672025730A000017
:109990004C6F6164696E67207468652070726573CE
:1099A00065740000496E697469616C6973617469FA
:1099B0006F6E20636F6D706C6574650042757474B2
:1099C0006F6E207075736865643A20005377697410
:1099D0006368696E67206D6F64650000557064612F
:1099E00074696E67207468652042504D20746F3A28
:1099F000200000004C6F6E6720707573682C207318
:109A00007769746368696E672072687974686D201D
:109A10006D6F6465000000005374617274696E6755
:109A20002072687974686D2074696D6572730000C6
:109A300053746F7070696E672072687974686D20F6
:109A400074696D6572730000537769746368696E39
:109A50006720746F206E657874207072657365740A
:109A600000000000537769746368696E6720746F43
:109A7000206C61737420707265736574000000005F
:109A800054726967676572696E672063686F726494
:109A9000206E6F7465730000612E7478740000008E
:109AA000622E747874000000632E747874000000D5
:109AB000642E747874000000652E747874000000C1
:109AC000662E747874000000672E747874000000AD
:109AD000682E747874000000692E74787400000099
:109AE0006A2E7478740000006B2E74787400000085
:109AF0006C2E74787400000048617270206E6F7470
:109B000020636F6D6D756E69636174696E670000C7
:109B1000526563616C6962726174696E6720486145
:109B2000727000004F7665722063757272656E7494
:109B3000206465746563746564210A0A000000008E
:109B400046443A3A20736574206174747269627590
:109B50007465206D6F646966696564206661696C0F
:109B60006564000046443A3A207365742061747459
:109B7000726962757465206372656174696F6E20C5
:109B80006661696C65640000617474656D70746908
:109B90006E6720746F206D6F756E742065786973C1
:109BA00074696E67206D656469610000636F756C30
:109BB000646E2774206D6F756E74206D65646961C5
:109BC0002C20617474656D70696E6720746F2066F7
:109BD0006F726D6174000000617474656D707469FA
:109BE0006E6720746F206D6F756E7420667265737A
:109BF000686C7920666F726D6174746564206D6540
:109C0000646961006D6F756E7420616674657220A1
:109C1000666F726D6174206661696C6564203A28B4
:109C2000000000002F0000002E2E00006C697474EC
:109C30006C656673000000002E0000006E616E000F
:109C4000696E66006F7666006261645F66756E635A
:109C500074696F6E5F63616C6C000000474C494231
:109C60004358585F54554E41424C45530000000044
:109C70006F626A5F73697A65000000006F626A5FF5
:109C8000636F756E74000000676C69626378782E8C
:109C900065685F706F6F6C007374643A3A626164F8
:109CA0005F657863657074696F6E000030313233C0
:109CB0003435363738396162636465666768696A66
:109CC0006B6C6D6E6F707172737475767778797A6C
:109CD000000000004C435F434F4C4C415445000092
:109CE0004C435F4354595045000000004C435F4DC6
:109CF0004F4E4554415259004C435F4E554D4552CD
:109D0000494300004C435F54494D45004C435F4D6F
:109D1000455353414745530042616C6C6F63207358
:109D20007563636565646564000000002F64617499
:109D3000612F6A656E6B696E732F776F726B7370CC
:109D40006163652F474E552D746F6F6C6368616951
:109D50006E2F61726D2D31352D352F7372632F6E1D
:109D600065776C69622D63796777696E2F6E6577A9
:109D70006C69622F6C6962632F7374646C69622F03
:109D80006D707265632E6300494E46004E414E0071
:109D90003031323334353637383961626364656661
:109DA0000000000030313233343536373839414223
:109DB0004344454600000000286E756C6C29000085
:109DC000300000002C2066756E6374696F6E3A2057
:109DD00000000000617373657274696F6E20222544
:109DE0007322206661696C65643A2066696C65203F
:109DF000222573222C206C696E652025642573252D
:109E0000730A0000496E66696E697479000000008B
:109E10004E614E002F646174612F6A656E6B696ECE
:109E2000732F776F726B73706163652F474E552D7B
:109E3000746F6F6C636861696E2F61726D2D31355F
:109E40002D352F7372632F6E65776C69622D637980
:109E50006777696E2F6E65776C69622F6C696263D4
:109E60002F7374646C69622F64746F612E630000D9
:109E7000E82C0020302A0020142D0020502A002039
:109E8000282A0020E82C0020742A0020142D00200D
:109E9000982A0020E8290020142D0020C02A002044
:109EA000202A0020142D0020D42A0020202A00205F
:109EB000E82C0020EC2A0020E82C0020FC2A0020BE
:109EC0004E31305F5F637878616269763131355F3A
:109ED0005F666F726365645F756E77696E64450077
:109EE0004E31305F5F637878616269763131375F18
:109EF0005F636C6173735F747970655F696E666FC1
:109F0000450000004E31305F5F63787861626976AA
:109F10003131395F5F666F726569676E5F6578635F
:109F2000657074696F6E45004E31305F5F6378789D
:109F3000616269763132305F5F73695F636C617350
:109F4000735F747970655F696E666F45000000002D
:109F5000537431336261645F657863657074696FEF
:109F60006E000000537431376261645F66756E6322
:109F700074696F6E5F63616C6C00000053743965C7
:109F80007863657074696F6E0000000053743974F3
:109F90007970655F696E666F000000000000000068
:109FA00000000000F9B20000000000000000000006
:109FB000C54F01000000000000000000DD050000AA
:109FC000110600009504000069010000390400003A
:109FD000F10000008904000071040000C5010000C8
:109FE0002104000009040000ED010000F900000058
:109FF000F10300000D010000A10200009502000025
:10A000001D020000590200005D050000F904000077
:10A010000000000000000000C1B0000000000000CF
:10A020000000000075B20000000000000000000009
:10A0300041B500000000000000000000115D0100BB
:10A04000000000000000000091A7000000000000D8
:10A05000000000006501000039790000250A0000B9
:10A06000A1CE0000F5CF0000A5CF00008DCE0000EE
:10A0700079CF0000C1CE000099CC000085D100004E
:10A0800091CC000095CC0000BDCD00000000000088
:10A09000000000006939010095630100916301002F
:10A0A0008D63010089630100856301008163010004
:10A0B0007D6301000000000000000000D9BC00002A
:10A0C000000000000000000095A900000000000052
:10A0D00000000000D9AB00000000000000000000FC
:10A0E00025C700000000000000000000C9B7000004
:10A0F000000000000000000075AC0000000000003F
:10A1000000000000892101000000000000000000A4
:10A1100001AF00000000000000000000B9C0000016
:10A120000000000000000000D50000006D000000ED
:10A13000690000009500000079000000A100000007
:10A14000850000004D0600008906000000000000A8
:10A150000000000085870100B5870100690000004C
:10A16000818701003D87010049870100698701005F
:10A1700000000000E8290020617C0100757C0100DE
:10A18000F17B0100F17B0100F57C0100217C0100E5
:10A19000D57C0100917C0100557C0100000000008D
:10A1A000FC290020D17A0100E57A0100F17B010051
:10A1B000F17B0100F57C0100217C0100C17B0100E5
:10A1C000417B0100017B010000000000082A002003
:10A1D0001D790100297901002179010000000000AA
:10A1E000142A002099760100AD76010091760100D5
:10A1F000190100001D010000250100002D010000D3
:10A20000E1040000310100003501000039010000C7
:10A2100099180000D9040000450100004901000020
:10A22000A5180000DD0400004D01000051010000F0
:10A23000B1180000B10400005501000059010000F0
:10A240008D180000D50400003D0100004101000010
:10A25000D8399D270054EA2A00A4781F007B9A175A
:10A26000A2000000F9A2000083F9A2006E83F9A207
:10A270004E6E83F9444E6E8315444E6E2915444E3E
:10A28000FC29154427FC29155727FC29D15727FC01
:10A29000F5D1572734F5D157DD34F5D1C0DD34F58C
:10A2A000DBC0DD3462DBC0DD9562DBC0999562DB2B
:10A2B0003C999562433C999590433C994190433C2D
:10A2C0000020202020202020202028282828282086
:10A2D000202020202020202020202020202020207E
:10A2E00020881010101010101010101010101010E6
:10A2F00010040404040404040404041010101010D6
:10A30000101041414141414101010101010101019F
:10A3100001010101010101010101010110101010F1
:10A320001010424242424242020202020202020271
:10A3300002020202020202020202020210101010C5
:10A3400020000000000000000000000000000000ED
:10A3500000000000000000000000000000000000FD
:10A3600000000000000000000000000000000000ED
:10A3700000000000000000000000000000000000DD
:10A3800000000000000000000000000000000000CD
:10A3900000000000000000000000000000000000BD
:10A3A00000000000000000000000000000000000AD
:10A3B000000000000000000000000000000000009D
:10A3C000000000002020202020202020202020200D
:10A3D000202020202020202020202020202020207D
:10A3E00020202020000000000000000000000000ED
:10A3F00000000042C8801F40B8821F4008000000D3
:10A4000000000042C4801F40B4821F4004000000CE
:10A4100000C0004224801F4014821F401000000032
:10A4200000C0004228801F4018821F40200000000A
:10A4300000C000422C801F401C821F4040000000D2
:10A4400000C0004234801F4024821F4000010000F1
:10A450000040004264811F4054831F4000040000FC
:10A460000040004280811F4070831F4000000200B6
:10A47000004000427C811F406C831F4000000100AF
:10A480000040004268811F4058831F4000080000C0
:10A49000004000423C811F402C831F40010000000F
:10A4A0000040004244811F4034831F4004000000EC
:10A4B0000040004240811F4030831F4002000000E6
:10A4C0000040004248811F4038831F4008000000C0
:10A4D0000000004204811F40F4821F40000004007D
:10A4E0000000004208811F40F8821F400000080061
:10A4F0000000004218811F4008831F4000008000B8
:10A500000000004214811F4004831F4000004000EF
:10A510000000004200811F40F0821F400000020046
:10A5200000000042FC801F40EC821F400000010040
:10A530000000004224811F4014831F4000000004DB
:10A540000000004228811F4018831F4000000008BF
:10A55000000000421C811F400C831F4000000001CE
:10A560000000004220811F4010831F4000000002B5
:10A5700000000042EC801F40DC821F400010000001
:10A5800000000042F0801F40E0821F4000200000D9
:10A590000000004234811F4024831F40000000401F
:10A5A0000000004238811F4028831F4000000080C7
:10A5B0000080004294801F4084821F4000000400FD
:10A5C00000C0004290801F4080821F400000008039
:10A5D00000800042A8801F4098821F400000800039
:10A5E00000800042A4801F4094821F400000400071
:10A5F000004000426C811F405C831F40001000003F
:10A6000000C0004230801F4020821F4080000000B8
:10A6100000800042C8811F40B8831F4000800000B6
:10A6200000800042C4811F40B4831F4000400000EE
:10A6300000800042C0811F40B0831F400020000006
:10A6400000800042BC811F40AC831F40001000000E
:10A6500000800042D0811F40C0831F4000000200E4
:10A6600000800042CC811F40BC831F4000000100DD
:10A6700002000000030000000400000006000000CB
:10A68000FB21F93FFB2109407CD91240FB211940F5
:10A690007A6A1F407CD92240BBFD2540FB2129401E
:10A6A0003A462C407A6A2F405C4731407CD9324090
:10A6B0009C6B3440BBFD3540DB8F3740FB2139407C
:10A6C0001BB43A403A463C405AD83D407A6A3F4033
:10A6D0004C7E40405C4741406C1042407CD9424037
:10A6E0008CA243409C6B4440AC344540BBFD45408C
:10A6F000CBC64640DB8F4740EB584840FB214940E2
:10A7000005000000190000007D00000007080C0B88
:10A7100006050F000D0E0102838407080C0B0605C9
:10A720000F000D0E010283840101000401000004EA
:10A730000132010101320201011001010111010187
:10A7400001120102010302060103010601120202C5
:10A7500002000001020200010201000102100001DA
:10A76000022200010223000100000000000000009E
:10A770000221000102200001000000000000000092
:10A780000130010101310101010200040103000453
:10A790000000000000000000012102010121010170
:10A7A0000000000000000000000000000110020195
:10A7B0000101020101010101010002010100010189
:10A7C0000102020101020101000000006410B71D36
:10A7D000C8206E3BAC30D9269041DC76F4516B6BCF
:10A7E0005861B24D3C7105502083B8ED44930FF091
:10A7F000E8A3D6D68CB361CBB0C2649BD4D2D38647
:10A8000078E20AA01CF2BDBD00A019A01AA01BA0EE
:10A810001CA01EA020A022A024A026A027A027A024
:10A8200027A025A021A01DA017A010A007A0FD9F74
:10A83000F29FE69FDA9FCD9FC19FB59FA99F9F9FE3
:10A84000969F8F9F8B9F899F8A9F8D9F949F9E9F8E
:10A85000AB9FBA9FCD9FE19FF79F0FA028A041A07B
:10A860005AA071A087A09BA0ADA0BAA0C4A0CAA006
:10A87000CBA0C7A0BEA0B0A09EA087A06BA04DA0FB
:10A880002BA007A0E19FBB9F959F709F4D9F2E9F80
:10A89000129FFC9EEA9EDF9EDA9EDD9EE69EF69E5D
:10A8A0000D9F2B9F4F9F789FA69FD79F0AA03FA0E9
:10A8B00074A0A8A0D9A006A12EA151A16CA17FA12E
:10A8C0008AA18BA183A172A157A134A108A1D4A010
:10A8D0009AA05BA018A0D39F8D9F489F069FC79EFC
:10A8E0008F9E5E9E369E189E049EFD9D019E129E2A
:10A8F0002F9E589E8C9ECA9E119F609FB49F0CA055
:10A9000067A0C1A018A16BA1B8A1FCA135A263A248
:10A9100082A294A296A288A26AA23DA200A2B7A196
:10A9200060A100A196A027A0B39F3F9FCC9E5E9EF2
:10A93000F79D9A9D499D079DD59CB69CAA9CB29C6B
:10A94000CE9CFF9C449D9C9D049E7C9E009F8D9F61
:10A9500022A0B9A050A1E4A16FA2F0A262A3C3A358
:10A960000FA444A460A462A44AA415A4C6A35EA331
:10A97000DDA247A29EA1E5A022A0579F8A9EBF9D6F
:10A98000FC9C459C9F9B0F9B989A409A089AF39930
:10A99000049A3A9A979A199BBF9B869C6A9D689ED7
:10A9A0007A9F9AA0C3A1ECA211A428A52AA612A757
:10A9B000D6A772A8E0A81AA91CA9E4A86FA8BEA7E8
:10A9C000D1A6AAA54DA4C0A209A12F9F3D9D3D9B44
:10A9D000399940975C959D931192C490C58F228FB1
:10A9E000E78E208FD98F1A91ED9257955E98049C2F
:10A9F0004BA032A5B4AACEB077B7A7BE52C66DCED3
:10AA0000E7D6B3DFBFE8F9F150FBB00483F9A20049
:10AA1000444E6E00FC291500D1572700DD34F500A7
:10AA200062DBC0003C999500419043006351FE00F9
:10AA3000BBDEAB00B761C5003A6E2400D24D4200C8
:10AA40004906E00009EA2E001C92D100EB1DFE0031
:10AA500029B11C00E83EA700F535820044BB2E005A
:10AA60009CE98400B4267000417E5F00D6913900D5
:10AA7000538339009CF439008B5F840028F9BD00B2
:10AA8000F81F3B00DEFF97000F980500112FEF0025
:10AA90000A5A8B006D1F6D00CF7E360009CB270050
:10AAA000464FB7009E663F002DEA5F00BA2775004B
:10AAB000E5EBC7003D7BF100F739070092528A00B1
:10AAC000FB6BEA001FB15F00085D8D00300356008C
:10AAD0007BFC4600F0AB6B0020BCCF0036F49A0044
:10AAE000E3A91D005E619100081BE60085996500E1
:10AAF000A0145F008D40680080D8FF0027734D00D0
:10AB000006063100CA561500C9A873007BE2600032
:10AB10006B8CC000000100004C5F002012000000A0
:10AB200000060000303400600A000000000200004F
:10AB3000B83200607501000000070000403100607D
:10AB400075010000000300003C31006000000000BF
:10AB50000103090420610020000000000203090431
:10AB60003461002000000000030309044861002054
:10AB700000000000000000000000000000000000D5
:10AB800030303030303030303030303030303030C5
:10AB900030303030303030303030303030303030B5
:10ABA00000000000000000001037002010370020D7
:10ABB00018370020183700202037002020370020C9
:10ABC0002837002028370020303700203037002079
:10ABD0003837002038370020403700204037002029
:10ABE00048370020483700205037002050370020D9
:10ABF0005837002058370020603700206037002089
:10AC00006837002068370020703700207037002038
:10AC100078370020783700208037002080370020E8
:10AC20008837002088370020903700209037002098
:10AC30009837002098370020A0370020A037002048
:10AC4000A8370020A8370020B0370020B0370020F8
:10AC5000B8370020B8370020C0370020C0370020A8
:10AC6000C8370020C8370020D0370020D037002058
:10AC7000D8370020D8370020E0370020E037002008
:10AC8000E8370020E8370020F0370020F0370020B8
:10AC9000F8370020F8370020003800200038002066
:10ACA0000838002008380020103800201038002014
:10ACB00018380020183800202038002020380020C4
:10ACC0002838002028380020303800203038002074
:10ACD0003838002038380020403800204038002024
:10ACE00048380020483800205038002050380020D4
:10ACF0005838002058380020603800206038002084
:10AD00006838002068380020703800207038002033
:10AD100078380020783800208038002080380020E3
:10AD20008838002088380020903800209038002093
:10AD30009838002098380020A0380020A038002043
:10AD4000A8380020A8380020B0380020B0380020F3
:10AD5000B8380020B8380020C0380020C0380020A3
:10AD6000C8380020C8380020D0380020D038002053
:10AD7000D8380020D8380020E0380020E038002003
:10AD8000E8380020E8380020F0380020F0380020B3
:10AD9000F8380020F8380020003900200039002061
:10ADA000083900200839002010390020103900200F
:10ADB00018390020183900202039002020390020BF
:10ADC000283900202839002030390020303900206F
:10ADD000383900203839002040390020403900201F
:10ADE00048390020483900205039002050390020CF
:10ADF000583900205839002060390020603900207F
:10AE0000683900206839002070390020703900202E
:10AE100078390020783900208039002080390020DE
:10AE2000883900208839002090390020903900208E
:10AE30009839002098390020A0390020A03900203E
:10AE4000A8390020A8390020B0390020B0390020EE
:10AE5000B8390020B8390020C0390020C03900209E
:10AE6000C8390020C8390020D0390020D03900204E
:10AE7000D8390020D8390020E0390020E0390020FE
:10AE8000E8390020E8390020F0390020F0390020AE
:10AE9000F8390020F8390020003A0020003A00205C
:10AEA000083A0020083A0020103A0020103A00200A
:10AEB000183A0020183A0020203A0020203A0020BA
:10AEC000283A0020283A0020303A0020303A00206A
:10AED000383A0020383A0020403A0020403A00201A
:10AEE000483A0020483A0020503A0020503A0020CA
:10AEF000583A0020583A0020603A0020603A00207A
:10AF0000683A0020683A0020703A0020703A002029
:10AF1000783A0020783A0020803A0020803A0020D9
:10AF2000883A0020883A0020903A0020903A002089
:10AF3000983A0020983A0020A03A0020A03A002039
:10AF4000A83A0020A83A0020B03A0020B03A0020E9
:10AF5000B83A0020B83A0020C03A0020C03A002099
:10AF6000C83A0020C83A0020D03A0020D03A002049
:10AF7000D83A0020D83A0020E03A0020E03A0020F9
:10AF8000E83A0020E83A0020F03A0020F03A0020A9
:10AF9000F83A0020F83A0020003B0020003B002057
:10AFA000083B0020083B002000000000BC6F002090
:10AFB000247000208C7000200000000000000000C1
:10AFC0000000000000000000000000000000000081
:10AFD0000000000000000000000000000000000071
:10AFE0000000000000000000000000000000000061
:10AFF0000000000000000000000000000000000051
:10B000000000000000000000000000000000000040
:10B010000000000000000000000000000000000030
:10B020000000000000000000000000000000000020
:10B030000000000000000000000000000000000010
:10B0400001000000000000000E33CDAB34126DE6AD
:10B05000ECDE05000B000000000000000000000016
:10B0600000000000000000000000000000000000E0
:10B0700000000000000000000000000000000000D0
:10B0800000000000000000000000000000000000C0
:10B0900000000000000000000000000000000000B0
:10B0A00000000000000000000000000000000000A0
:10B0B0000000000000000000000000000000000090
:10B0C0000000000000000000000000000000000080
:10B0D0000000000000000000000000000000000070
:10B0E0000000000000000000000000000000000060
:10B0F0000000000000000000000000000000000050
:10B10000000000000000000000000000000000003F
:10B11000000000000000000000000000000000002F
:10B12000000000000000000000000000000000001F
:10B13000000000000000000000000000000000000F
:10B1400000000000000000000000000000000000FF
:10B1500000000000000000000000000000000000EF
:10B1600000000000000000000000000000000000DF
:10B1700000000000000000000000000000000000CF
:10B1800000000000000000000000000000000000BF
:10B1900000000000000000000000000000000000AF
:10B1A000000000000000000054D5002004E2002050
:10B1B000B4EE002064FB00208CD500203CE200208F
:10B1C000ECEE00209CFB00205CE100200CEE002057
:10B1D000BCFA00206C07012094E1002044EE00201E
:10B1E000F4FA0020A4070120000000003200320021
:10B1F000000200020002010000000000C000640024
:10B2000031006400B80064009D006400000000008C
:10B21000000000000000000000000000000000002E
:10B2200000004300000000000000000000000000DB
:10B2300000000000000000000000100000000800F6
:10B2400008000C002A0093040100A7011400460026
:10B250000300230053003B00620A010000000000CD
:10B2600000000000000000000000010001000100DB
:10B270006400010001000000010001000100010064
:10B280000E00000000004600000000000000640006
:10B290000000060000000000F302C30017003D009C
:10B2A0001D000000000000000000A20000000000DF
:10B2B000000000000000000000000000000000008E
:10B2C000000000000000000000000000000000007E
:10B2D000000000000000000002000D0008006400F3
:10B2E00010000000C8000000000032000000320022
:10B2F000120020003200000000000A00420061013C
:10B300004100E3030100390210008D0020005300CA
:10B310001C00300036000100000000000000380072
:10B320000000850100001400000000000000000083
:10B330000100010001000000010001000000010007
:10B3400001000100010000000000000046000000B4
:10B350000000000064000000260000000000500013
:10B36000100004005E00F102DA01460005006400EE
:10B370006400640000000000000000000000000005
:10B3800000000000000000000000000000000000BD
:10B3900000000000000000000000000000000000AD
:10B3A000100000000600060020000000060000005B
:10B3B000100000000600060020000000060000004B
:10B3C000000000000000000000000000000000007D
:10B3D000000000000000000000000000000000006D
:10B3E000000000000000000030A8002010A900208C
:10B3F00048A9002080A90020B8A90020F0A90020B9
:10B4000028AA002060AA002098AA002068A800208E
:10B41000A0A80020D8A8002090A5002070A6002099
:10B42000A8A60020E0A6002018A7002050A7002012
:10B4300088A70020C0A70020F8A70020C8A50020EA
:10B4400000A6002038A6002040AB002020AC002041
:10B4500058AC002090AC0020C8AC002000AD00200B
:10B4600038AD002070AD0020A8AD002078AB0020E2
:10B47000B0AB0020E8AB00200029DE07007B9A1764
:10B48000042C002000000000E80300000000000081
:10B49000C42C002000000000E803000000000000B1
:10B4A00000003F40DC3400600000000000000000AD
:10B4B000000000000000000000000000000000008C
:10B4C000000000000000000000000000000000007C
:10B4D000000000000000000000000000000000006C
:10B4E000000000000000000000000000000000005C
:10B4F000000000000000000000000000000000004C
:10B50000000000000000000000000000000000003B
:10B51000000000000000000000000000000000002B
:10B52000000000000000000000000000000000001B
:10B53000000000000000000000000000000000000B
:10B5400000000000000000000000000000000000FB
:10B5500000000000000000000000000000000000EB
:10B5600000000000000000000000000000000000DB
:10B5700000000000000000000000000000000000CB
:10B5800000000000000000000000000000000000BB
:10B5900000000000000000000000000000000000AB
:10B5A000000000000000000000000000000000009B
:10B5B000000000000000000000000000000000008B
:10B5C000000000000000000000000000000000007B
:10B5D000C42C002000000000E80300000000000070
:10B5E00000803F408C34006000000000000000003C
:10B5F000000000000000000000000000000000004B
:10B60000000000000000000000000000000000003A
:10B61000000000000000000000000000000000002A
:10B62000000000000000000000000000000000001A
:10B63000000000000000000000000000000000000A
:10B6400000000000000000000000000000000000FA
:10B6500000000000000000000000000000000000EA
:10B6600000000000000000000000000000000000DA
:10B6700000000000000000000000000000000000CA
:10B6800000000000000000000000000000000000BA
:10B6900000000000000000000000000000000000AA
:10B6A000000000000000000000000000000000009A
:10B6B000000000000000000000000000000000008A
:10B6C000000000000000000000000000000000007A
:10B6D000000000000000000000000000000000006A
:10B6E000000000000000000000000000000000005A
:10B6F000000000000000000000000000000000004A
:10B700000000000000000000000000000000000039
:10B71000C42C002000000000E8030000000000002E
:10B7200000C03F403C34006000000000000000000A
:10B730000000000000000000000000000000000009
:10B7400000000000000000000000000000000000F9
:10B7500000000000000000000000000000000000E9
:10B7600000000000000000000000000000000000D9
:10B7700000000000000000000000000000000000C9
:10B7800000000000000000000000000000000000B9
:10B7900000000000000000000000000000000000A9
:10B7A0000000000000000000000000000000000099
:10B7B0000000000000000000000000000000000089
:10B7C0000000000000000000000000000000000079
:10B7D0000000000000000000000000000000000069
:10B7E0000000000000000000000000000000000059
:10B7F0000000000000000000000000000000000049
:10B800000000000000000000000000000000000038
:10B810000000000000000000000000000000000028
:10B820000000000000000000000000000000000018
:10B830000000000000000000000000000000000008
:10B8400000000000000000000000000000000000F8
:10B85000394901004D79010000000000000000009E
:10B860007F000000FFFFFFFF05000000786F002051
:10B87000A00B272000000000430000000000000093
:10B8800000000000000000000000000000000000B8
:10B890000000000000000000430000000000000065
:10B8A0000000000000000000000000000000000098
:10B8B0000000000000000000430000000000000045
:10B8C0000000000000000000000000000000000078
:10B8D0000000000000000000430000000000000025
:10B8E0000000000000000000000000000000000058
:10B8F0000000000000000000430000000000000005
:10B900000000000000000000000000000000000037
:10B9100000000000000000004300000000000000E4
:10B920000000000000000000000000000000000017
:10B9300000000000000000004300000000000000C4
:10B9400000000000000000000000000000000000F7
:10B9500000000000000000004300000000000000A4
:10B9600000000000000000000000000000000000D7
:10B9700000000000000000000000000000000000C7
:10B9800000000000000000000000000000000000B7
:10B9900000000000000000000000000000000000A7
:10B9A0000000000000000000000000000000000097
:10B9B0000000000000000000000000000000000087
:10B9C0000000000000000000000000000000000077
:10B9D0000000000000000000000000000000000067
:10B9E0000000000000000000000000000000000057
:10B9F0000000000000000000000000000000000047
:10BA00000000000000000000000000000000000036
:10BA10000000000000000000000000000000000026
:10BA20000000000000000000000000000000000016
:10BA30000000000000000000000000000000000006
:10BA40008DEE010079E6010000000000302E00209C
:10BA5000A8270020AC260020AC260020AC26002021
:10BA6000AC260020AC260020AC260020AC2600200E
:10BA7000AC260020AC260020FFFFFFFFFFFFFFFFEA
:10BA8000FFFFFFFFFFFF0000010041534349490052
:10BA900000000000000000000000000000000000A6
:10BAA000000000000000000000004153434949002D
:10BAB0000000000000000000000000000000000086
:10BAC000000000000000000000000000FFFFFFFF7A
:10BAD000000002000000000003000000BC6F002016
:10BAE000183B00200004080C02050900082600206D
:10BAF00010260020182600202026002028260020BE
:10BB0000302600203826002040260020482600202D
:10BB10005026002058260020602600205CCF0243DB
:10BB200000D60020B0E2002060EF002010FC0020D2
:10BB300060D6002010E30020C0EF002070FC002041
:10BB400080D6002030E30020E0EF002090FC0020B1
:10BB500014DA0020C4E6002074F300202400012041
:10BB6000A8DD002058EA002008F70020B8030120D3
:10BB7000000102030405060A0B0C0D0E0F100A0B40
:10BB80000C0D0002030A0B0C0D0205060A0B0C0D2E
:10BB9000020F101415161718191A0000CCE1002016
:10BBA0007CEE00202CFB0020DC070120C4D5002007
:10BBB00074E2002024EF0020D4FB002028D60020CF
:10BBC000D8E2002088EF002038FC002000000000B0
:10BBD000800000000000803FE45F002000000000C3
:10BBE00032003200000200020002000000000000EB
:10BBF000C000640031006400B80064009D0064006F
:10BC00000000000000000000000000002B00000009
:10BC10003200250026004300000000000000000064
:10BC20000000000000000000000000000000100004
:10BC30000000080008000C002A0093040100A7017E
:10BC4000140046000300230053003B00620A010079
:10BC500000000000000000000000000000000100E3
:10BC6000010001006400010001000000010001006A
:10BC7000010001000E00000000004600000000006E
:10BC8000000064000000060000000000F302C30092
:10BC900017003D001D000000000000000000A20091
:10BCA0000000020000000000000000000000000092
:10BCB0000000000000000000000000000000000084
:10BCC00000000000000000000000000002000D0065
:10BCD0000800640010000000C800000000003200EE
:10BCE00000003200120020003200000000000A00B4
:10BCF000420061014100E3030100390210008D00A0
:10BD0000200053001C00300036000100000000003D
:10BD10000000380000008501000014000000000051
:10BD2000000000000100010001000000010001000E
:10BD300000000100010001000100000000000000FF
:10BD40004600000000000000640000004000000009
:10BD500000005000100004005E00F102DA0146000D
:10BD600005006400640064000200000000000000A0
:10BD700000000000000000000000000000000000C3
:10BD800000000000000000000000000000000000B3
:10BD90000000000010000000060006002000000067
:10BDA0000600000010000000060006002000000051
:10BDB000060000000000000000000000000000007D
:10BDC0000000000000000000000000000000000073
:10BDD0000000000000000000000000000000000063
:10BDE00032003200000200020002000000000000E9
:10BDF000C2006400550064003C0064003D00640023
:10BE0000000000000A000100000000000000000027
:10BE100000000000000064000000000000000000BE
:10BE200000000000000000000000000004001900F5
:10BE3000080003001D0012004100E80103009F00FC
:10BE4000190046000500120004001A000600010057
:10BE50004D0000004B0220000000860100004C0055
:10BE600001000100640001000100440011000E0007
:10BE70001600140000005401920646003000000035
:10BE8000000064001200360000000000200346009D
:10BE90003900640064000000000000000000C700DA
:10BEA0000000020000000000000000000000000090
:10BEB0000000000000000000000000000000000082
:10BEC0000000000000000000000000000400070067
:10BED0000000640000000000640006000800C800C4
:10BEE0000200320024004B0032001C00000003005E
:10BEF000010001005000C20402007B06260072000F
:10BF000013000800200050000100010000001E0086
:10BF10000000000000000000000000000000180009
:10BF200000000300010001000100640001000100A5
:10BF3000640001000100010001001F00000000007A
:10BF40004600000000000000640000002100020024
:10BF50000100A20010000400640064009C0576004B
:10BF60006400320020006B000200000000000000AE
:10BF700000000000000000000000000000000000C1
:10BF800000000000000000000000000000000000B1
:10BF90000000000007000000000000000D0000008D
:10BFA0000400000007000000000002000D00000077
:10BFB000000002000000000000000000000000007F
:10BFC0000000000000000000000000000000000071
:10BFD0000000000000000000000000000000000061
:10BFE00032003200000200020002000000000000E7
:10BFF000C000640031006400B80064009D0064006B
:10C00000000000001E000000010001005700210098
:10C010003E000C0050004300000000000000000043
:10C02000000000000000000000000000000006000A
:10C030000300080008000C002A003F0701002A0046
:10C040001400D9000300230053003B00620A0100E2
:10C05000B90000001A010E000000F7000B000100FB
:10C060000100010064000100010000000100010066
:10C07000010001000E00000000004600000000006A
:10C08000000064000000170000000000F302C3007D
:10C0900052003D001D000000000000000000A20052
:10C0A000000002000000000000000000000000008E
:10C0B0000000000000000000000000000000000080
:10C0C00000000000000000000000000001000D0062
:10C0D0000000640017000800C800000000003200E3
:10C0E00000003200120020003200000000000A00B0
:10C0F000420061012C00AC050100390210008D00E6
:10C10000200053001C003000360001000000BA027D
:10C11000520038000000430200001C000000000034
:10C12000000000000100010001000000010001000A
:10C130006400010001000100010000000000000097
:10C1400046000000000000006400000064000000E1
:10C1500000005000100004005E00F102DA01460009
:10C16000050064006400640002000000000000009C
:10C1700000000000000000000000000000000000BF
:10C1800000000000000000000000000000000000AF
:10C190000000000010000000060006002000000063
:10C1A000060000001000000006000600200000004D
:10C1B0000600000000000000000000000000000079
:10C1C000000000000000000000000000000000006F
:10C1D000000000000000000000000000000000005F
:10C1E00032003200000200020002000000000000E5
:10C1F000C4004C005C006400B8006400550064009A
:10C20000000000003C000000010000000E000000E3
:10C21000000000002A002E000000000000000000C6
:10C2200000000000000000000000000003000A0001
:10C2300008000B002A001E003D00590801006A009A
:10C2400016008C000400230053001800A40701000E
:10C250008B0000001A0100000000F7000A00010036
:10C260000100010064000100010000000100010064
:10C270000100010000000000000046000000000076
:10C280000000640000003900000001005A0346006D
:10C2900042006400640000000000000000007F0015
:10C2A000000002000000000000000000000000008C
:10C2B000000000000000000000000000000000007E
:10C2C000000000000000000000000000000011005D
:10C2D0000800C8000B00000086000A00000064008F
:10C2E000070032003B000F00320000000F000A0080
:10C2F0000A002D003D00D10501008C021000540001
:10C30000200015000F002100130001000000EA01C9
:10C3100000006D000000FC00000008000000F400B8
:10C32000010031000100010001000F0001000100C7
:10C33000640001000100010001001A00DF018B0709
:10C340004600000032000000640028004E00150086
:10C350000000A200100004006400E8037F028C00CB
:10C3600064002F006400550002000000000000007F
:10C3700000000000000000000000000000000000BD
:10C3800000000000000000000000000000000000AD
:10C3900000000000410000000C00000000000C0044
:10C3A0000000000041000000060000000000060040
:10C3B000000000000000000000000000000000007D
:10C3C000000000000000000000000000000000006D
:10C3D000000000000000000000000000000000005D
:10C3E00032003200000200020002000000000000E3
:10C3F000920064004C00640055004F00B8006400D7
:10C40000000000006E000000000000003900000085
:10C410000000000043003A0000000000000000009F
:10C420000000000000000000000000000000060006
:10C430000800080041000C0026003F0705003900F5
:10C44000180098000300230053003B00620A060016
:10C4500089000000800208000000F7000B000100C6
:10C460000100010064000100010083000400740069
:10C47000030001000B00A801500546002E0000003B
:10C48000000064003C00550000000000E4037D0053
:10C4900052003D00470000000000000000005A006C
:10C4A000000002000000000000000000000000008A
:10C4B000000000000000000000000000000000007C
:10C4C0000000000000000000000000000000140058
:10C4D0000000640017000000C8000F00080064009E
:10C4E00000003200000012003200000000000200D4
:10C4F000250111002C00F40301000A0021008D0029
:10C50000200053001C004300EF0001000000000069
:10C5100000001F01000043020000000000006E0147
:10C5200000002300050034000C00000001000100A1
:10C530006400010001000100010010000000000083
:10C54000460000000000000064000000320000000F
:10C550000000B8001000040064006400910246006E
:10C560005600640064005F0002000000000000004C
:10C5700000000000000000000000000000000000BB
:10C5800000000000000000000000000000000000AB
:10C59000000000000700000000000200040002008C
:10C5A0000F000000020002000600020006000F005B
:10C5B000000000000000000000000000000000007B
:10C5C000000000000000000000000000000000006B
:10C5D000000000000000000000000000000000005B
:10C5E00032003200000200020002000000000000E1
:10C5F000C0003C002F0038009F0064009D006400D4
:10C60000000000008A00010000000000000000009F
:10C61000000000001B004A000000000000000000B5
:10C6200000000000000000000000000004000E00F8
:10C630000B0003001D00120041004E0403002E01F8
:10C640000B0046000500120004001A00060001005D
:10C6500026000000040210000000000000004C0052
:10C6600001000100640001000100440011000E00FF
:10C67000160014000000540192064600300000002D
:10C680000000640012003A00000000002003460091
:10C690002B00640064000000000000000000C800DF
:10C6A0000000020000000000000000000000000088
:10C6B000000000000000000000000000000000007A
:10C6C00000000000000000000000000004000A005C
:10C6D0000B00640009000000C80004000800C80046
:10C6E0000000320024004B00320000000000030074
:10C6F0000100010050003F07020001030F0072001B
:10C7000013000800200050000100010000001E007E
:10C7100000000B000000D3010000230000001800FF
:10C72000000003000100010001006400010001009D
:10C7300064000100010001000100000055017408BF
:10C740004600360000000000640024002A000000BB
:10C750000100500010000400640014003508460079
:10C760006400060016003700020000000000000010
:10C7700000000000000000000000000000000000B9
:10C7800000000000000000000000000000000000A9
:10C790000000000001000200040008001100000079
:10C7A0000C00000001000200040008001000060058
:10C7B0000000010000000000000000000000000078
:10C7C0000000000000000000000000000000000069
:10C7D0000000000000000000000000000000000059
:10C7E00032003200000200020002000000000000DF
:10C7F000C00064003D0064008200640053006400D7
:10C8000000000000AF000000000000000000000079
:10C8100000000000000023000000000000000000F5
:10C8200000000000000000000000000000000C00FC
:10C8300009000B000100010046005D0801007F01B6
:10C8400011002E016500670022001E0001000C008F
:10C85000000000006F01110000006B0105000100E5
:10C86000010001005600010001000000010001006C
:10C870000100010008000000000046000000000068
:10C880000000640000002100320000008813460010
:10C8900064000000000000000000000000005A00DA
:10C8A0000000020000000000000000000000000086
:10C8B0000000000000000000000000000000000078
:10C8C000000000000000000000000000050009005A
:10C8D0000900C8000D0006006300060000003200D9
:10C8E0001B0032003200320032000000000059010B
:10C8F00001000100500020032000980800004600BD
:10C9000001000100010064000100010000001E00A0
:10C91000000000000000A60000000600000000006B
:10C920000000000001000100010000000100010002
:10C93000640001000100010001000000000000008F
:10C940004600000000000000640000003B0064009E
:10C950000000500010000400640064003E0946001E
:10C9600064002800170039000200000000000000E9
:10C9700000000000000000000000000000000000B7
:10C9800000000000000000000000000000000000A7
:10C99000000000000100000004000400100010006E
:10C9A0000C00000001000600080006000000060060
:10C9B0000000010000000000000000000000000076
:10C9C0000000000000000000000000000000000067
:10C9D0000000000000000000000000000000000057
:10C9E00032003200000200020002000000000000DD
:10C9F000920064004C00640055004F00B8006400D1
:10CA000000000000DC00000000000000000000004A
:10CA10000000560037003F0000000000000000004A
:10CA20000000000000000000000000000000060000
:10CA30000800080041000C0026003F0705003900EF
:10CA4000180098000300230053003B00620A060010
:10CA500089000000800208000000F7000B000100C0
:10CA60000100010064000100010083000400740063
:10CA7000030001000B00A801500546002E00000035
:10CA8000000064003C00540000000000E4037D004E
:10CA900052003D00470000000000000000005A0066
:10CAA0000000020000000000000000000000000084
:10CAB0000000000000000000000000000000000076
:10CAC0000000000000000000000000000000140052
:10CAD0000000640017000000C8000F000800640098
:10CAE00000003200000012003200000000000200CE
:10CAF000250111002C00F40301000A0021008D0023
:10CB0000200053001C004300EF0001000000000063
:10CB100000001F01000043020000000000006E0141
:10CB200000002300050034000C000000010001009B
:10CB3000640001000100010001001000000000007D
:10CB40004600000000000000640000003200000009
:10CB50000000B80010000400640064009102460068
:10CB60005600640064005F00020000000000000046
:10CB700000000000000000000000000000000000B5
:10CB800000000000000000000000000000000000A5
:10CB90000000000007000000000002000400020086
:10CBA0000F000000020002000600020006000F0055
:10CBB0000000000000000000000000000000000075
:10CBC0000000000000000000000000000000000065
:10CBD0000000000000000000000000000000000055
:10CBE00032003200000200020002000000000000DB
:10CBF000C40064002F0038009F0064009D006400A2
:10CC000000000000FD000100000000000000000026
:10CC10000000000000003B000000000000000000D9
:10CC200000000000000000000000000004000F00F1
:10CC30000B0003001D00120041004E0403002E01F2
:10CC40000B0046000500120004001A000600010057
:10CC50002600000004021000000000000C004C0040
:10CC600001001600640001000100440011000E00E4
:10CC70001600140000005401920646003000000027
:10CC80000000640012003A0000000000200346008B
:10CC90002B006400640000000000000000009E0003
:10CCA0000000020000000000000000000000000082
:10CCB0000000000000000000000000000000000074
:10CCC00000000000000000000000000004000A0056
:10CCD0000000640009000000C80004000800C8004B
:10CCE0000000320024004B0032000000000003006E
:10CCF0000100010050003F07020001030F00720015
:10CD000013000800200050000100010000001E0078
:10CD100000000B000000D301000016000000180006
:10CD20000000030001000100010064000100010097
:10CD300064000100010001000100000055017408B9
:10CD40004600360000000000640024002A000000B5
:10CD5000010050001000040064001400140246009A
:10CD600064000600520060000200000000000000A5
:10CD700000000000000000000000000000000000B3
:10CD800000000000000000000000000000000000A3
:10CD90000000000001000200040008001100000073
:10CDA0000C00000001000200040008001000060052
:10CDB0000000010000000000000000000000000072
:10CDC0000000000000000000000000000000000063
:10CDD0000000000000000000000000000000000053
:10CDE00032003200000200020002000000000000D9
:10CDF000950045004C00640055004F00B8006400E9
:10CE0000000000000A010000000000000000000017
:10CE1000000000004100460000000000000000008B
:10CE200000000000000000000000000000000500FD
:10CE30000000080041000C0026003F0705003900F3
:10CE4000180098000300230053003B00620A06000C
:10CE500089000000800208000000F7000B000100BC
:10CE6000010001006400010001008300040074005F
:10CE7000030001000000A801500546002E0000003C
:10CE8000000064003C00510000000000E4037D004D
:10CE900052003D00470000000000000000006C0050
:10CEA0000000020000000000000000000000000080
:10CEB0000000000000000000000000000000000072
:10CEC000000000000000000000000000010014004D
:10CED0000C00640017000000C8000F000800640088
:10CEE000000032002D0011000000000000000200D0
:10CEF000250111002C00F40301000A0021008D001F
:10CF0000200053001C004300EF000100000000005F
:10CF100000001F01000043020000000000006E013D
:10CF200000002300050034000C0000000100010097
:10CF30006400010001000100010010000000000079
:10CF40004600000000000000640000003200000005
:10CF50000000B8001000040064006400590346009B
:10CF60002A00640064009E0002000000000000002F
:10CF700000000000000000000000000000000000B1
:10CF800000000000000000000000000000000000A1
:10CF90000000000007000000000002000400020082
:10CFA0000F000000020002000600020006000F0051
:10CFB0000000000000000000000000000000000071
:10CFC0000000000000000000000000000000000061
:10CFD0000000000000000000000000000000000051
:10CFE00032003200000200020002000000000000D7
:10CFF000C00037003D006400B800640055006400C4
:10D000000000000036010000000000005600000093
:10D010003800570025003C00000000000000000020
:10D0200000000000000000000000000004000F00ED
:10D030000C0024002A001E003B00820501001E0097
:10D0400021008C0004002300530018006702010037
:10D050005E0000001A010F000000F7000000010050
:10D060000100010064000100010000000100010056
:10D070000100010000000000000046000000000068
:10D080000000640000002800000001005A03460070
:10D090002E006400520000000000000000007C0030
:10D0A000000002000000000000000000000000007E
:10D0B0000000000000000000000000000000000070
:10D0C000000000000000000000000000010010004F
:10D0D0000800C80012000000860015000000C8000B
:10D0E000020032003B000F00320012000F000A0065
:10D0F00042002B002300C70201000F011000540062
:10D1000020005300DD021F00360001000000BA02BB
:10D110000000DC000000FC00000008000000F4003B
:10D12000010031000100010001000F0001000100B9
:10D13000640001000100010001001A00DF018B07FB
:10D140004600000032000000640022004B00000096
:10D150000000A200100004006400E80361077400EE
:10D16000310064002A00810002000000000000007D
:10D1700000000000000000000000000000000000AF
:10D18000000000000000000000000000000000009F
:10D1900000000000410000000C00000000000C0036
:10D1A0000000000041000000060000000000060032
:10D1B000000000000000000000000000000000006F
:10D1C000000000000000000000000000000000005F
:10D1D000000000000000000000000000000000004F
:10D1E00032003200000200020002000000000000D5
:10D1F000C2006400550064003C0064003D0064000F
:10D2000000000000540101000000000000000000C8
:10D210000000000000003E000000000000000000D0
:10D2200000000000000000000000000004001900E1
:10D23000030003001D0012004100E80103009F00ED
:10D24000190046000500120004001A002800010021
:10D250004D0000004B0220000000CB020B004C00F0
:10D2600001000100640001000100440011000E00F3
:10D270001600140011005401920646003000000010
:10D280000000640012003600000000002003460089
:10D290003900640064000000000000000000C700C6
:10D2A000000002000000000000000000000000007C
:10D2B000000000000000000000000000000000006E
:10D2C000000000000000000000000000010003005A
:10D2D0000100640000000000640006000800C800AF
:10D2E0000200320024004B0032001C00000003004A
:10D2F000010001005000C2040200C20226007200B8
:10D3000013000800200050000100010000001E0072
:10D3100000000000000000000000000000001800F5
:10D320000000030001000100010064000100010091
:10D33000640001000100010001001F000000000066
:10D340004600000000000000640000002100020010
:10D350000100A2001000040064006400A602760030
:10D36000640032002000A80002000000000000005D
:10D3700000000000000000000000000000000000AD
:10D38000000000000000000000000000000000009D
:10D390000000000007000000000000000D00000079
:10D3A0000400000007000000000002000D00000063
:10D3B000000002000000000000000000000000006B
:10D3C000000000000000000000000000000000005D
:10D3D0000000000000000000000000001201000238
:10D3E000EF020140C0168A0412020102030100008C
:10D3F0000003060C020509005CB2002000030609C8
:10D4000002050C000001020A0B0C1415161E1F2049
:10D41000040100020E0B0A0C181514160502000177
:10D420000F0C0A0B1916141506020001100C0A0B3A
:10D430001A161415000102030A0B0C0D1415161709
:10D440000004010502060A0E0B0F0C10000A14015D
:10D450000B15020C16030D173075000000000000BC
:10D460008000000000040B07020509000004070902
:10D4700002050C000004070C020509002C01000045
:10D4800000030A07010508000003070901050C0055
:10D490000003070C010508000000000080000000E8
:10D4A000000000008000000000000000800000007C
:10D4B000000000008000000000000000800000006C
:10D4C000000000008000000000000000800000005C
:10D4D00000000000800000000000803F0000803F4E
:10D4E0000000803F0000803F102700009A99193FFC
:10D4F0000000A042000000008000000000040A07B5
:10D50000020509000000803F10AE002000AF00209F
:10D510003CAF002078AF0020B4AF0020F0AF002077
:10D520002CB0002068B00020A4B000204CAE002039
:10D5300088AE0020C4AE0020C0CD0020F8CD002071
:10D5400030CE002008370120483D0120D83E012080
:10D5500068400120F841012088430120184501203E
:10D56000A84601203848012098380120283A012097
:10D57000B83B0120180C0120681A0120FC1D012075
:10D580009021012024250120B82801204C2C0120C5
:10D59000E02F012074330120AC0F01204013012043
:10D5A000D416012010D3002048D3002080D30020BF
:10D5B00014036D0069006E006900630068006F006D
:10D5C0007200640014036D0069006E00690063005E
:10D5D00068006F00720064000C030000000000008F
:10D5E000000000000000000000000000000000003B
:10D5F00008000000000102030C05060708090A0BD9
:10D600000000803F1E00087F01040A0B041403FF82
:10D61000017F0104010C0D051402301011060E0FDC
:10D6200001021000000000000000000000000000E7
:10D6300000000000000000000000000000000000EA
:10D6400000000000000000000000000000000000DA
:10D6500000000000000000000000000000000000CA
:10D6600000000000000000000000000000000000BA
:10D6700000000000000000000000000000000000AA
:10D68000000000000000000000000000000000009A
:10D69000000000000000000000000000000000008A
:10D6A000000000000000000000000000000000007A
:10D6B000000000000000000000000000000000006A
:10D6C000000000000000000000000000000000005A
:10D6D000000000000000000000000000000000004A
:10D6E000000000000000000000000000000000003A
:10D6F000000000000000000000000000000000002A
:10D700000000000000000000000000000000000019
:10D710000000000000000000000000000000000009
:10D7200000000000000000000000000000000000F9
:10D7300000000000000000000000000000000000E9
:10D7400000000000000000000000000000000000D9
:10D7500000000000000000000000000000000000C9
:10D7600000000000000000000000000000000000B9
:10D7700000000000000000000000000000000000A9
:10D780000000000000000000000000000000000099
:10D790000000000000000000000000000000000089
:10D7A0000000000000000000000000000000000079
:10D7B0000000000000000000000000000000000069
:10D7C0000000000000000000000000000000000059
:10D7D0000000000000000000000000000000000049
:10D7E0000000000000000000000000000000000039
:10D7F0000000000000000000000000000000000029
:10D800000000000000000000000000000000000018
:10D810000000000000000000000000000000000008
:10D8200000000000000000000000000000000000F8
:10D8300000000000000000000000000000000000E8
:10D8400000000000000000000000000000000000D8
:10D8500000000000000000000000000000000000C8
:10D8600000000000000000000000000000000000B8
:10D8700000000000000000000000000000000000A8
:10D880000000000000000000000000000000000098
:10D890000000000000000000000000000000000088
:10D8A0000000000000000000000000000000000078
:10D8B0000000000000000000000000000000000068
:10D8C0000000000000000000000000000000000058
:10D8D0000000000000000000000000000000000048
:10D8E0000000000000000000000000000000000038
:10D8F0000000000000000000000000000000000028
:10D900000000000000000000000000000000000017
:10D910000000000000000000000000000000000007
:10D9200000000000000000000000000000000000F7
:10D9300000000000000000000000000000000000E7
:10D9400000000000000000000000000000000000D7
:10D9500000000000000000000000000000000000C7
:10D9600000000000000000000000000000000000B7
:10D9700000000000000000000000000000000000A7
:10D980000000000000000000000000000000000097
:10D990000000000000000000000000000000000087
:10D9A0000000000000000000000000000000000077
:10D9B0000000000000000000000000000000000067
:10D9C0000000000000000000000000000000000057
:10D9D0000000000000000000000000000000000047
:10D9E0000000000000000000000000000000000037
:10D9F0000000000000000000000000000000000027
:10DA00000000000000000000000000000000000016
:10DA10000000000000000000000000000000000006
:10DA200000000000000000000000000000000000F6
:10DA300000000000000000000000000000000000E6
:10DA400000000000000000000000000000000000D6
:10DA500000000000000000000000000000000000C6
:10DA600000000000000000000000000000000000B6
:10DA700000000000000000000000000000000000A6
:10DA80000000000000000000000000000000000096
:10DA90000000000000000000000000000000000086
:10DAA0000000000000000000000000000000000076
:10DAB0000000000000000000000000000000000066
:10DAC0000000000000000000000000000000000056
:10DAD0000000000000000000000000000000000046
:10DAE0000000000000000000000000000000000036
:10DAF0000000000000000000000000000000000026
:10DB00000000000000000000000000000000000015
:10DB10000000000000000000000000000000000005
:10DB200000000000000000000000000000000000F5
:10DB300000000000000000000000000000000000E5
:10DB400000000000000000000000000000000000D5
:10DB5000FFFFFFFFFFFFFFFFFFFFFFFFFFFFFFFFD5
:10DB6000FFFFFFFFFFFFFFFFFFFFFFFFFFFFFFFFC5
:10DB7000FFFFFFFFFFFFFFFFFFFFFFFFFFFFFFFFB5
:10DB8000FFFFFFFFFFFFFFFFFFFFFFFFFFFFFFFFA5
:10DB9000FFFFFFFFFFFFFFFFFFFFFFFFFFFFFFFF95
:10DBA000FFFFFFFFFFFFFFFFFFFFFFFFFFFFFFFF85
:10DBB000FFFFFFFFFFFFFFFFFFFFFFFFFFFFFFFF75
:10DBC000FFFFFFFFFFFFFFFFFFFFFFFFFFFFFFFF65
:10DBD000FFFFFFFFFFFFFFFFFFFFFFFFFFFFFFFF55
:10DBE000FFFFFFFFFFFFFFFFFFFFFFFFFFFFFFFF45
:10DBF000FFFFFFFFFFFFFFFFFFFFFFFFFFFFFFFF35
:10DC00000000000000000000000000000000000014
:10DC10000000000000000000000000000000000004
:10DC200000000000000000000000000000000000F4
:10DC300000000000000000000000000000000000E4
:10DC400000000000000000000000000000000000D4
:10DC500000000000000000000000000000000000C4
:10DC600000000000000000000000000000000000B4
:10DC700000000000000000000000000000000000A4
:10DC80000000000000000000000000000000000094
:10DC90000000000000000000000000000000000084
:10DCA0000000000000000000000000000000000074
:10DCB0000000000000000000000000000000000064
:10DCC0000000000000000000000000000000000054
:10DCD0000000000000000000000000000000000044
:10DCE0000000000000000000000000000000000034
:10DCF0000000000000000000000000000000000024
:10DD00000000000000000000000000000000000013
:10DD10000000000000000000000000000000000003
:10DD200000000000000000000000000000000000F3
:10DD300000000000000000000000000000000000E3
:10DD400000000000000000000000000000000000D3
:10DD500000000000000000000000000000000000C3
:10DD600000000000000000000000000000000000B3
:10DD700000000000000000000000000000000000A3
:10DD80000000000000000000000000000000000093
:10DD90000000000000000000000000000000000083
:10DDA0000000000000000000000000000000000073
:10DDB0000000000000000000000000000000000063
:10DDC0000000000000000000000000000000000053
:10DDD0000000000000000000000000000000000043
:10DDE0000000000000000000000000000000000033
:10DDF0000000000000000000000000000000000023
:10DE00000000000000000000000000000000000012
:10DE10000000000000000000000000000000000002
:10DE200000000000000000000000000000000000F2
:10DE300000000000000000000000000000000000E2
:10DE400000000000000000000000000000000000D2
:10DE500000000000000000000000000000000000C2
:10DE600000000000000000000000000000000000B2
:10DE700000000000000000000000000000000000A2
:10DE80000000000000000000000000000000000092
:10DE90000000000000000000000000000000000082
:10DEA0000000000000000000000000000000000072
:10DEB0000000000000000000000000000000000062
:10DEC0000000000000000000000000000000000052
:10DED0000000000000000000000000000000000042
:10DEE0000000000000000000000000000000000032
:10DEF0000000000000000000000000000000000022
:10DF00000000000000000000000000000000000011
:10DF10000000000000000000000000000000000001
:10DF200000000000000000000000000000000000F1
:10DF300000000000000000000000000000000000E1
:10DF400000000000000000000000000000000000D1
:10DF500000000000000000000000000000000000C1
:10DF600000000000000000000000000000000000B1
:10DF700000000000000000000000000000000000A1
:10DF80000000000000000000000000000000000091
:10DF90000000000000000000000000000000000081
:10DFA0000000000000000000000000000000000071
:10DFB0000000000000000000000000000000000061
:10DFC0000000000000000000000000000000000051
:10DFD0000000000000000000000000000000000041
:10DFE0000000000000000000000000000000000031
:10DFF0000000000000000000000000000000000021
:10E000000000000000000000000000000000000010
:10E010000000000000000000000000000000000000
:10E0200000000000000000000000000000000000F0
:10E0300000000000000000000000000000000000E0
:10E0400000000000000000000000000000000000D0
:10E0500000000000000000000000000000000000C0
:10E0600000000000000000000000000000000000B0
:10E0700000000000000000000000000000000000A0
:10E080000000000000000000000000000000000090
:10E090000000000000000000000000000000000080
:10E0A0000000000000000000000000000000000070
:10E0B0000000000000000000000000000000000060
:10E0C0000000000000000000000000000000000050
:10E0D0000000000000000000000000000000000040
:10E0E0000000000000000000000000000000000030
:10E0F0000000000000000000000000000000000020
:10E10000000000000000000000000000000000000F
:10E1100000000000000000000000000000000000FF
:10E1200000000000000000000000000000000000EF
:10E1300000000000000000000000000000000000DF
:10E1400000000000000000000000000000000000CF
:10E1500000000000000000000000000000000000BF
:10E1600000000000000000000000000000000000AF
:10E17000000000000000000000000000000000009F
:10E18000000000000000000000000000000000008F
:10E19000000000000000000000000000000000007F
:10E1A000000000000000000000000000000000006F
:10E1B000000000000000000000000000000000005F
:10E1C000000000000000000000000000000000004F
:10E1D000000000000000000000000000000000003F
:10E1E000000000000000000000000000000000002F
:10E1F000000000000000000000000000000000001F
:10E20000000000000000000000000000000000000E
:10E2100000000000000000000000000000000000FE
:10E2200000000000000000000000000000000000EE
:10E2300000000000000000000000000000000000DE
:10E2400000000000000000000000000000000000CE
:10E2500000000000000000000000000000000000BE
:10E2600000000000000000000000000000000000AE
:10E27000000000000000000000000000000000009E
:10E28000000000000000000000000000000000008E
:10E29000000000000000000000000000000000007E
:10E2A000000000000000000000000000000000006E
:10E2B000000000000000000000000000000000005E
:10E2C000000000000000000000000000000000004E
:10E2D000000000000000000000000000000000003E
:10E2E000000000000000000000000000000000002E
:10E2F000000000000000000000000000000000001E
:10E30000000000000000000000000000000000000D
:10E3100000000000000000000000000000000000FD
:10E3200000000000000000000000000000000000ED
:10E3300000000000000000000000000000000000DD
:10E3400000000000000000000000000000000000CD
:10E3500000000000000000000000000000000000BD
:10E3600000000000000000000000000000000000AD
:10E37000000000000000000000000000000000009D
:10E38000000000000000000000000000000000008D
:10E39000000000000000000000000000000000007D
:10E3A000000000000000000000000000000000006D
:10E3B000000000000000000000000000000000005D
:10E3C000000000000000000000000000000000004D
:10E3D000000000000000000000000000000000003D
:10E3E000000000000000000000000000000000002D
:10E3F000000000000000000000000000000000001D
:10E40000000000000000000000000000000000000C
:10E4100000000000000000000000000000000000FC
:10E4200000000000000000000000000000000000EC
:10E4300000000000000000000000000000000000DC
:10E4400000000000000000000000000000000000CC
:10E4500000000000000000000000000000000000BC
:10E4600000000000000000000000000000000000AC
:10E47000000000000000000000000000000000009C
:10E48000000000000000000000000000000000008C
:10E49000000000000000000000000000000000007C
:10E4A000000000000000000000000000000000006C
:10E4B000000000000000000000000000000000005C
:10E4C000000000000000000000000000000000004C
:10E4D000000000000000000000000000000000003C
:10E4E000000000000000000000000000000000002C
:10E4F000000000000000000000000000000000001C
:10E50000000000000000000000000000000000000B
:10E5100000000000000000000000000000000000FB
:10E5200000000000000000000000000000000000EB
:10E5300000000000000000000000000000000000DB
:10E5400000000000000000000000000000000000CB
:10E5500000000000000000000000000000000000BB
:10E5600000000000000000000000000000000000AB
:10E57000000000000000000000000000000000009B
:10E58000000000000000000000000000000000008B
:10E59000000000000000000000000000000000007B
:10E5A000000000000000000000000000000000006B
:10E5B000000000000000000000000000000000005B
:10E5C000000000000000000000000000000000004B
:10E5D000000000000000000000000000000000003B
:10E5E000000000000000000000000000000000002B
:10E5F000000000000000000000000000000000001B
:10E60000000000000000000000000000000000000A
:10E6100000000000000000000000000000000000FA
:10E6200000000000000000000000000000000000EA
:10E6300000000000000000000000000000000000DA
:10E6400000000000000000000000000000000000CA
:10E6500000000000000000000000000000000000BA
:10E6600000000000000000000000000000000000AA
:10E67000000000000000000000000000000000009A
:10E68000000000000000000000000000000000008A
:10E69000000000000000000000000000000000007A
:10E6A000000000000000000000000000000000006A
:10E6B000000000000000000000000000000000005A
:10E6C000000000000000000000000000000000004A
:10E6D000000000000000000000000000000000003A
:10E6E000000000000000000000000000000000002A
:10E6F000000000000000000000000000000000001A
:10E700000000000000000000000000000000000009
:10E7100000000000000000000000000000000000F9
:10E7200000000000000000000000000000000000E9
:10E7300000000000000000000000000000000000D9
:10E7400000000000000000000000000000000000C9
:10E7500000000000000000000000000000000000B9
:10E7600000000000000000000000000000000000A9
:10E770000000000000000000000000000000000099
:10E780000000000000000000000000000000000089
:10E790000000000000000000000000000000000079
:10E7A0000000000000000000000000000000000069
:10E7B0000000000000000000000000000000000059
:10E7C0000000000000000000000000000000000049
:10E7D0000000000000000000000000000000000039
:10E7E0000000000000000000000000000000000029
:10E7F0000000000000000000000000000000000019
:040000056000100087
:00000001FF
